entry_date,exit_date,direction,entry_price,exit_price,shares,entry_notional,exit_notional,commission_paid,slippage_cost,gross_pnl,net_pnl,return_pct,holding_days
2010-07-02,2010-07-06,1,43.025501999999996,42.4097845,2324.0,99991.26664799999,98560.339178,23.240000000000002,99.27546999998805,-1430.927469999989,-1454.167469999989,-0.014542944786559268,1
2010-07-07,2010-07-08,1,43.493736,42.8175805,2265.0,98513.31203999999,96981.8198325,22.650000000000002,97.74720749999425,-1531.4922075000004,-1554.1422075000005,-0.015775961393613102,1
2010-07-09,2010-07-12,1,43.814896499999996,43.494242,2213.0,96962.3659545,96252.757546,22.13,96.60740849998953,-709.6084084999918,-731.7384084999918,-0.007546622870602839,1
2010-07-13,2010-07-14,1,43.70284049999999,43.6131825,2202.0,96233.65478099999,96036.22786500001,22.02,96.13491599998576,-197.42691599998437,-219.44691599998438,-0.002280355209405506,1
2010-07-15,2010-07-16,1,43.5027405,42.140919000000004,2207.0,96010.5482835,93005.00823300002,22.07,94.50705049998936,-3005.5400504999952,-3027.6100504999954,-0.031534139785975045,1
2010-07-19,2010-07-20,1,41.306643,42.114932,2251.0,92981.253393,94800.711932,22.51,93.89146099999863,1819.4585390000045,1796.9485390000045,0.01932592295142459,1
2010-07-21,2010-07-22,1,41.8098945,42.600689,2267.0,94783.0308315,96575.76196300001,22.67,95.67986849998718,1792.7311315000093,1770.0611315000092,0.018674873719186354,1
2010-07-23,2010-07-26,1,42.695336999999995,42.296841,2262.0,96576.85229399998,95675.454342,22.62,96.12595199998363,-901.3979519999873,-924.0179519999873,-0.009567695882105216,1
2010-07-27,2010-07-28,1,40.9074435,41.083448000000004,2338.0,95641.60290299999,96053.10142400001,23.38,95.8474789999859,411.4985210000112,388.1185210000112,0.004058051195499538,1
2010-07-29,2010-07-30,1,41.3156475,41.929025,2324.0,96017.56478999999,97443.05410000001,23.240000000000002,96.73068999998944,1425.4893100000131,1402.249310000013,0.014604091585397655,1
2010-08-02,2010-08-03,1,41.662821,41.925027,2338.0,97407.675498,98020.713126,23.38,97.71437199999039,613.0376279999978,589.6576279999978,0.006053502714086476,1
2010-08-04,2010-08-05,-1,42.9735025,43.103541,2281.0,98022.55920250001,98319.177021,22.81,98.17081849998729,-296.6178184999948,-319.4278184999948,-0.003258717392188308,1
2010-08-06,2010-08-09,1,43.52875349999999,43.468255000000006,2244.0,97678.52285399998,97542.76422000001,22.44,97.61063399998031,-135.75863399997112,-158.19863399997112,-0.001619584626975067,1
2010-08-10,2010-08-11,1,43.658818499999995,42.592693,2234.0,97533.80052899999,95152.076162,22.34,96.34236699998893,-2381.724366999996,-2404.0643669999963,-0.024648525474870522,1
2010-08-12,2010-08-13,1,43.667823,43.1474155,2179.0,95152.186317,94018.21837450001,21.79,94.58494249998606,-1133.9679424999945,-1155.7579424999944,-0.012146414993025814,1
2010-08-16,2010-08-17,1,44.005992,44.4387695,2136.0,93996.798912,94921.211652,21.36,94.45925999999253,924.4127400000006,903.0527400000005,0.009607271209793437,1
2010-08-18,2010-08-19,1,45.229603499999996,44.872552500000005,2098.0,94891.708143,94142.615145,20.98,94.51699799998686,-749.0929979999819,-770.0729979999819,-0.008115282284090582,1
2010-08-20,2010-08-23,1,44.60529149999999,44.11793,2110.0,94117.16506499998,93088.83230000001,21.1,93.60276499998676,-1028.3327649999821,-1049.432764999982,-0.011150280230765707,1
2010-08-24,2010-08-25,1,43.667823,45.037470000000006,2131.0,93056.130813,95974.84857000002,21.31,94.51624299998693,2918.7177570000163,2897.4077570000163,0.031136129685237747,1
2010-08-26,2010-08-27,1,45.785881499999995,46.320828000000006,2096.0,95967.20762399999,97088.455488,20.96,96.52813599998365,1121.2478640000227,1100.2878640000226,0.01146524829930403,1
2010-08-30,2010-08-31,1,46.055015999999995,46.5197285,2107.0,97037.91871199998,98017.0679495,21.07,97.52776249999633,979.1492375000096,958.0792375000095,0.009873245945675159,1
2010-09-01,2010-09-02,1,45.854915999999996,46.47675,2137.0,97991.955492,99320.81475,21.37,98.65674199998372,1328.8592580000147,1307.4892580000148,0.013342822392260123,1
2010-09-03,2010-09-07,1,46.597286999999994,46.8235765,2131.0,99298.81859699999,99781.04152150001,21.31,99.5400754999917,482.2229245000152,460.9129245000152,0.004641675812585551,1
2010-09-08,2010-09-09,1,46.5842805,45.696140500000006,2142.0,99783.528831,97881.132951,21.42,98.83187999998731,-1902.3958799999846,-1923.8158799999846,-0.019279894212383356,1
2010-09-10,2010-09-13,1,46.0560165,45.965006,2125.0,97869.0350625,97675.63775000001,21.25,97.77231249998763,-193.39731249999124,-214.64731249999124,-0.0021932096537266937,1
2010-09-14,2010-09-15,1,47.564770499999995,47.344316000000006,2053.0,97650.4738365,97197.88074800001,20.53,97.42408849998668,-452.5930884999758,-473.1230884999758,-0.004845067001847264,1
2010-09-16,2010-09-17,-1,48.0289735,47.5127445,2023.0,97162.6133905,96118.28212349999,20.23,96.64073299999463,1044.3312670000055,1024.1012670000055,0.010540075356805257,1
2010-09-20,2010-09-21,-1,47.993991,48.346161,2046.0,98195.705586,98916.245406,20.46,98.55581999999782,-720.539820000002,-740.999820000002,-0.007546153017364216,1
2010-09-22,2010-09-23,-1,48.861557000000005,48.4242,1994.0,97429.94465800001,96557.8548,19.94,96.99414199999688,872.0898580000115,852.1498580000115,0.0087462828906579,1
2010-09-24,2010-09-27,-1,48.2748505,47.963969999999996,2036.0,98287.59561799999,97654.64292,20.36,97.97130199999702,632.9526980000065,612.5926980000065,0.00623265524146995,1
2010-09-28,2010-09-29,-1,49.0864445,49.0755255,2015.0,98909.1856675,98887.1838825,20.150000000000002,98.89821499998777,22.001785000002485,1.851785000002483,1.8722073056263673e-05,1
2010-09-30,2010-10-01,-1,48.514730500000006,49.153564499999995,2039.0,98921.5354895,100224.11801549999,20.39,99.57252599998424,-1302.5825259999767,-1322.9725259999768,-0.01337395865777279,1
2010-10-04,2010-10-05,-1,48.210882500000004,49.708842,2024.0,97578.82618,100610.696208,20.240000000000002,99.0940279999902,-3031.870027999986,-3052.110027999986,-0.031278404829034046,1
2010-10-06,2010-10-07,-1,50.404785000000004,49.09253399999999,1876.0,94559.37666000001,92097.59378399998,18.76,93.32912399998384,2461.7828760000198,2443.0228760000196,0.025835860623153344,1
2010-10-08,2010-10-11,-1,49.659158,49.83090299999999,1953.0,96984.335574,97319.75355899999,19.53,97.15198499998903,-335.4179849999888,-354.94798499998876,-0.0036598486023463033,1
2010-10-12,2010-10-13,-1,49.574200499999996,50.8544145,1949.0,96620.1167745,99115.2538605,19.490000000000002,97.8670859999939,-2495.1370860000015,-2514.6270860000013,-0.02602591644417948,1
2010-10-14,2010-10-15,-1,50.42177650000001,49.838907,1867.0,94137.45672550001,93049.239369,18.67,93.59364349998978,1088.2173565000153,1069.5473565000152,0.011361549309949603,1
2010-10-18,2010-10-19,-1,49.7281235,47.3306535,1914.0,95179.628379,90590.870799,19.14,92.88641999998548,4588.75758000001,4569.61758000001,0.04801045830736012,1
2010-10-20,2010-10-21,-1,48.063956000000005,47.1305535,2076.0,99780.77265600002,97843.02906599999,20.76,98.81240999998931,1937.7435900000141,1916.9835900000141,0.019211953755949817,1
2010-10-22,2010-10-25,-1,47.578199,48.3551655,2137.0,101674.611263,103334.98867349999,21.37,102.50441049998724,-1660.3774105000007,-1681.7474105000006,-0.01654048527561962,1
2010-10-26,2010-10-27,-1,48.297839,47.469722999999995,2070.0,99976.52673000001,98262.32660999999,20.7,99.11987999999226,1714.2001200000177,1693.5001200000177,0.016938977331884528,1
2010-10-28,2010-10-29,-1,48.8705525,49.7258505,2081.0,101699.6197525,103479.4948905,20.81,102.58913800000059,-1779.875137999995,-1800.685137999995,-0.01770591809863409,1
2010-11-01,2010-11-02,-1,49.659158,50.0820285,2011.0,99864.566738,100714.9593135,20.11,100.2895754999945,-850.3925755000039,-870.5025755000039,-0.008716831243896684,1
2010-11-03,2010-11-04,-1,49.661157,52.044008999999996,1994.0,99024.347058,103775.753946,19.94,101.39888799998386,-4751.406887999985,-4771.346887999985,-0.048183573330762154,1
2010-11-05,2010-11-08,-1,52.095939,53.6237985,1809.0,94241.55365100001,97005.4514865,18.09,95.62283549999408,-2763.8978354999967,-2781.987835499997,-0.029519757768450974,1
2010-11-09,2010-11-10,-1,51.81807800000001,53.258615999999996,1765.0,91458.90767000002,94001.45723999999,17.650000000000002,92.72956999998468,-2542.5495699999815,-2560.1995699999816,-0.027992894680501066,1
2010-11-11,2010-11-12,-1,53.561206000000006,52.156065,1660.0,88911.60196000001,86579.0679,16.6,87.74593999998487,2332.5340600000127,2315.934060000013,0.026047602438227537,1
2010-11-15,2010-11-16,1,51.3926835,49.963006,1775.0,91222.0132125,88684.33565,17.75,89.9525624999983,-2537.6775624999946,-2555.4275624999946,-0.028013277415256922,1
2010-11-17,2010-11-18,1,50.394184499999994,51.15940750000001,1759.0,88643.37053549998,89989.3977925,17.59,89.31674299998139,1346.027257000023,1328.437257000023,0.014986312557553406,1
2010-11-19,2010-11-22,1,51.453714,52.051961000000006,1749.0,89992.545786,91038.87978900001,17.490000000000002,90.51599699999639,1046.3340030000136,1028.8440030000136,0.011432546929459898,1
2010-11-23,2010-11-24,-1,51.688143000000004,51.73985699999999,1761.0,91022.81982300001,91113.88817699999,17.61,91.06835399998208,-91.06835399998208,-108.67835399998208,-0.0011939682182041211,1
2010-11-26,2010-11-29,-1,50.843565500000004,51.062518499999996,1788.0,90908.29511400001,91299.783078,17.88,91.10396399998695,-391.4879639999856,-409.3679639999856,-0.004503087022879855,1
2010-11-30,2010-12-01,1,51.6708225,52.303835,1751.0,90475.6101975,91584.01508499999,17.51,91.03011249999236,1108.4048874999992,1090.8948874999992,0.012057336613908159,1
2010-12-02,2010-12-03,-1,53.06645350000001,54.448210499999995,1726.0,91592.69874100001,93977.61132299999,17.26,92.78458199998323,-2384.9125819999763,-2402.1725819999765,-0.026226681984692763,1
2010-12-06,2010-12-07,-1,55.31233000000001,54.12705,1612.0,89163.47596000001,87252.80459999999,16.12,88.20863999998227,1910.671360000021,1894.551360000021,0.021248065304788514,1
2010-12-08,2010-12-09,-1,53.023475,53.310641999999994,1718.0,91094.33004999999,91587.68295599999,17.18,91.34090599999116,-493.35290599999416,-510.53290599999417,-0.005604442183391349,1
2010-12-10,2010-12-13,1,53.476725,53.9340195,1694.0,90589.57215,91364.229033,16.94,90.97711699999918,774.6568829999935,757.7168829999935,0.008364283714083017,1
2010-12-14,2010-12-15,-1,53.91702800000001,52.93345349999999,1694.0,91335.44543200002,89669.27022899999,16.94,90.50279699998103,1666.1752030000293,1649.2352030000293,0.01805690217198205,1
2010-12-16,2010-12-17,-1,52.104934500000006,52.2611175,1784.0,92955.20314800002,93233.83361999999,17.84,93.0944719999863,-278.6304719999849,-296.47047199998485,-0.003189390824394789,1
2010-12-20,2010-12-21,1,52.5992865,52.484744500000005,1762.0,92679.942813,92478.11980900001,17.62,92.57900399999194,-201.82300399998775,-219.44300399998775,-0.0023677507488622123,1
2010-12-22,2010-12-23,1,51.96596999999999,52.298837500000005,1779.0,92447.46062999999,93039.63191250002,17.79,92.74371749998562,592.1712825000235,574.3812825000235,0.006213056352070658,1
2010-12-27,2010-12-28,-1,51.950012,53.382678,1791.0,93042.471492,95608.376298,17.91,94.32480599999104,-2565.9048059999955,-2583.8148059999953,-0.027770272699840712,1
2010-12-29,2010-12-30,-1,53.503235000000004,53.172573,1691.0,90473.97038500001,89914.820943,16.91,90.19455799999417,559.1494420000064,542.2394420000064,0.005993319843183385,1
2010-12-31,2011-01-03,-1,53.625174,53.050512,1697.0,91001.920278,90026.718864,16.97,90.51458599999415,975.201414000006,958.231414000006,0.010529793339225407,1
2011-01-04,2011-01-05,1,51.5387565,50.849562500000005,1784.0,91945.141596,90715.61950000002,17.84,91.33009599999161,-1229.5220959999883,-1247.3620959999882,-0.013566373104092906,1
2011-01-06,2011-01-07,1,49.572774,49.523226,1830.0,90718.17642,90627.50358,18.3,90.67284000000271,-90.67284000000271,-108.9728400000027,-0.0012012238814798114,1
2011-01-10,2011-01-11,1,49.7378565,50.657658500000004,1822.0,90622.374543,92298.25378700001,18.22,91.46075599999023,1675.8792440000077,1657.6592440000077,0.0182919422753975,1
2011-01-12,2011-01-13,1,50.629301999999996,48.95551,1822.0,92246.588244,89196.93922,18.22,90.72102399999363,-3049.649023999998,-3067.869023999998,-0.0332572627606045,1
2011-01-14,2011-01-18,1,47.955966,48.7106325,1860.0,89198.09676,90601.77645,18.6,89.90030999998353,1403.6796900000113,1385.0796900000114,0.015528130535416722,1
2011-01-19,2011-01-20,1,48.30514049999999,47.628174,1875.0,90572.13843749999,89302.82625,18.75,89.9371874999888,-1269.3121874999847,-1288.0621874999847,-0.014221395339901598,1
2011-01-21,2011-01-24,1,47.143559999999994,46.62467600000001,1894.0,89289.90263999999,88307.13634400001,18.94,88.79829599998388,-982.766295999973,-1001.706295999973,-0.011218584256258667,1
2011-01-25,2011-01-26,1,46.391184,48.151912,1903.0,88282.423152,91633.08853600001,19.03,89.95861599999913,3350.6653840000004,3331.635384,0.03773837718821749,1
2011-01-27,2011-01-28,1,46.94245949999999,47.392292,1952.0,91631.68094399998,92509.753984,19.52,92.07095999998705,878.0730400000127,858.5530400000127,0.009369609191440142,1
2011-01-31,2011-02-01,1,47.1165465,48.4007875,1963.0,92489.7807795,95010.7458625,19.63,93.75091699998453,2520.965083000003,2501.3350830000027,0.027044448174910304,1
2011-02-02,2011-02-03,-1,48.02097750000001,49.414694999999995,1978.0,94985.49349500002,97742.26671,19.78,96.36321499997622,-2756.773214999974,-2776.553214999974,-0.029231339574459652,1
2011-02-04,2011-02-07,-1,48.99948800000001,49.030502999999996,1882.0,92217.03641600002,92275.40664599999,18.82,92.24622999998125,-58.37022999997997,-77.19022999997998,-0.0008370495626401107,1
2011-02-08,2011-02-09,1,50.1140445,49.29534,1838.0,92109.613791,90604.83492000001,18.38,91.35687099999477,-1504.7788709999918,-1523.158870999992,-0.01653637235366217,1
2011-02-10,2011-02-11,-1,48.833571,48.637306499999994,1855.0,90586.274205,90222.20355749999,18.55,90.40435249998566,364.0706475000096,345.5206475000096,0.0038142715387331633,1
2011-02-14,2011-02-15,1,49.310643,50.1818965,1844.0,90928.825692,92535.417146,18.44,91.73254599999575,1606.591454000003,1588.151454000003,0.017465874456352184,1
2011-02-16,2011-02-17,1,50.52525,50.989492500000004,1831.0,92511.73275,93361.7607675,18.31,92.9369824999927,850.0280175000083,831.7180175000084,0.008990405787205499,1
2011-02-18,2011-02-22,-1,51.495239500000004,51.1105425,1813.0,93360.8692135,92663.4135525,18.13,93.01233899999494,697.455661000005,679.325661000005,0.0072763425054077615,1
2011-02-23,2011-02-24,-1,52.027973,50.455214999999995,1808.0,94066.575184,91223.02871999999,18.080000000000002,92.64553599999078,2843.5464640000137,2825.4664640000137,0.03003688035280574,1
2011-02-25,2011-02-28,-1,51.426274,52.342158,1884.0,96887.10021599999,98612.625672,18.84,97.74945599998878,-1725.525455999997,-1744.3654559999968,-0.018004104283347425,1
2011-03-01,2011-03-02,-1,53.06745300000001,53.1375555,1792.0,95096.87577600002,95222.49945599999,17.92,95.15967999998975,-125.62367999998241,-143.54367999998243,-0.0015094468543645797,1
2011-03-03,2011-03-04,-1,52.3428155,52.7793765,1815.0,95002.2101325,95794.5683475,18.150000000000002,95.3982149999949,-792.3582149999955,-810.5082149999955,-0.008531466940290928,1
2011-03-07,2011-03-08,-1,52.359807,51.939957,1799.0,94195.292793,93439.982643,17.990000000000002,93.81784999999546,755.3101500000068,737.3201500000068,0.007827568959526604,1
2011-03-09,2011-03-10,-1,51.434270000000005,49.6758255,1845.0,94896.22815000001,91651.8980475,18.45,93.27489749998972,3244.3301025000055,3225.8801025000057,0.03399376524640095,1
2011-03-11,2011-03-14,1,50.5422585,50.404785000000004,1942.0,98153.066007,97886.09247,19.42,98.01953699999106,-266.97353699999746,-286.3935369999975,-0.0029178256844220505,1
2011-03-15,2011-03-16,-1,49.287344,48.270123,1985.0,97835.37784,95816.19415499999,19.85,96.82631499999232,2019.1836849999986,1999.3336849999987,0.020435692375714125,1
2011-03-17,2011-03-18,1,48.672324,49.401287,2051.0,99826.936524,101322.03963700001,20.51,100.5748869999968,1495.1031130000006,1474.5931130000006,0.01477149519303825,1
2011-03-21,2011-03-22,1,50.699337,50.832571,1998.0,101297.275326,101563.47685800001,19.98,101.43046799999175,266.2015320000032,246.22153200000324,0.002430682673424341,1
2011-03-23,2011-03-24,-1,52.595689,52.430202,1931.0,101562.275459,101242.72006200001,19.31,101.40260299999534,319.55539699999775,300.24539699999775,0.0029562689063736543,1
2011-03-25,2011-03-28,-1,51.950012,51.1185465,1961.0,101873.973532,100243.4696865,19.61,101.05915449999094,1630.5038455000004,1610.8938455000005,0.015812614249251764,1
2011-03-29,2011-03-30,-1,51.102436000000004,52.115044499999996,2025.0,103482.43290000001,105532.9651125,20.25,104.5072124999864,-2050.5322124999834,-2070.7822124999834,-0.02001095407663133,1
2011-03-31,2011-04-01,1,52.52625,52.167903,1931.0,101428.18875,100736.22069300001,19.31,101.08205699999513,-691.96805699999,-711.27805699999,-0.007012627019823323,1
2011-04-04,2011-04-05,-1,52.158907500000005,54.762367499999996,1931.0,100718.85038250001,105746.1316425,19.31,103.23125999998854,-5027.281259999983,-5046.591259999984,-0.050105727387023805,1
2011-04-06,2011-04-07,-1,54.777597500000006,54.6663195,1746.0,95641.68523500001,95447.393847,17.46,95.54461199998438,194.29138800001004,176.83138800001004,0.001848894522984615,1
2011-04-08,2011-04-11,-1,55.77309950000001,54.265119,1718.0,95818.18494100001,93227.47444199999,17.18,94.52350099998817,2590.7104990000157,2573.530499000016,0.026858476818201738,1
2011-04-12,2011-04-13,-1,53.329322000000005,53.224599,1845.0,98392.59909,98199.385155,18.45,98.29606499998938,193.21393500001292,174.76393500001294,0.0017761898416785986,1
2011-04-14,2011-04-15,1,53.844908999999994,53.617178,1831.0,98590.028379,98173.052918,18.31,98.38146099998531,-416.97546099998436,-435.28546099998437,-0.004415106356665799,1
2011-04-18,2011-04-19,1,53.172573,53.8000865,1846.0,98156.569758,99314.95967899999,18.46,98.7360789999967,1158.3899209999984,1139.9299209999983,0.011613383839822819,1
2011-04-20,2011-04-21,-1,54.227872500000004,54.7283505,1831.0,99291.2345475,100207.60976549999,18.31,99.74921799999274,-916.375217999989,-934.6852179999889,-0.00941357232851047,1
2011-04-25,2011-04-26,-1,53.337318,52.63030199999999,1844.0,98354.01439200001,97050.276888,18.44,97.70249599997774,1303.7375040000186,1285.2975040000185,0.013068073651547496,1
2011-04-27,2011-04-28,1,53.8279005,53.501236,1851.0,99635.4438255,99030.787836,18.51,99.33298949999343,-604.6559894999995,-623.1659894999995,-0.0062544609184599295,1
2011-04-29,2011-05-02,-1,54.288842,52.5872805,1824.0,99022.847808,95919.199632,18.240000000000002,97.47182399999747,3103.648176000007,3085.408176000007,0.031158548196699495,1
2011-05-03,2011-05-04,-1,50.832571,51.005489999999995,2008.0,102071.802568,102419.02391999999,20.080000000000002,102.2453519999865,-347.22135199998627,-367.30135199998625,-0.0035984605224865206,1
2011-05-05,2011-05-06,-1,48.99948800000001,49.12655099999999,2076.0,101722.93708800002,101986.71987599999,20.76,101.8547879999785,-263.78278799996986,-284.54278799996985,-0.0027972333098661246,1
2011-05-09,2011-05-10,1,50.0179965,49.619178,2028.0,101436.496902,100627.692984,20.28,101.03191800000133,-808.8039180000089,-829.0839180000089,-0.008173428138010374,1
2011-05-11,2011-05-12,-1,47.951012500000004,47.745861,2098.0,100601.22422500001,100170.81637799999,20.98,100.38615299998641,430.4078470000138,409.4278470000138,0.004069809787645392,1
2011-05-13,2011-05-16,-1,47.314331,47.579778,2135.0,101016.09668500001,101582.82603,21.35,101.29934499999624,-566.7293449999886,-588.0793449999886,-0.005821639959360191,1
2011-05-17,2011-05-18,-1,48.003986000000005,48.401188499999996,2092.0,100424.33871200001,101255.28634199999,20.92,100.83962999997476,-830.9476299999826,-851.8676299999826,-0.008482681000698392,1
2011-05-19,2011-05-20,-1,48.55371100000001,48.7073415,2051.0,99583.66126100002,99898.7574165,20.51,99.74115549998865,-315.0961554999823,-335.60615549998226,-0.003370092555849981,1
2011-05-23,2011-05-24,-1,48.309833000000005,49.4497125,2054.0,99228.396982,101569.709475,20.54,100.39849299999628,-2341.312492999984,-2361.852492999984,-0.02380218329465126,1
2011-05-25,2011-05-26,-1,49.811082,49.9219485,1945.0,96882.55449,97098.1898325,19.45,96.99034250000051,-215.63534250000038,-235.08534250000037,-0.0024264981836772826,1
2011-05-27,2011-05-31,-1,50.56170650000001,50.795385,1911.0,96623.42112150001,97069.980735,19.11,96.84661349999334,-446.559613499993,-465.66961349999303,-0.004819427920218561,1
2011-06-01,2011-06-02,-1,49.812081500000005,49.475725499999996,1931.0,96187.12937650002,95537.62594049999,19.31,95.8625639999876,649.5034360000178,630.1934360000179,0.006551743877637581,1
2011-06-03,2011-06-06,-1,49.313331000000005,48.05601599999999,1963.0,96802.06875300001,94333.95940799998,19.63,95.56865499998405,2468.109345000025,2448.4793450000248,0.025293667548031026,1
2011-06-07,2011-06-08,-1,47.724126,46.688332499999994,2080.0,99266.18208,97111.73159999998,20.8,98.1895199999883,2154.4504800000086,2133.6504800000084,0.021494233335986164,1
2011-06-09,2011-06-10,-1,47.445265500000005,46.653315,2137.0,101390.53237350001,99698.13415499999,21.37,100.54478149998474,1692.3982185000123,1671.0282185000124,0.01648110705587696,1
2011-06-13,2011-06-14,1,45.884931,46.6156805,2246.0,103057.555026,104698.81840300001,22.46,103.87862299999844,1641.2633770000039,1618.8033770000038,0.015707760353829488,1
2011-06-15,2011-06-16,-1,46.301837500000005,45.255616499999995,2261.0,104688.4545875,102322.9489065,22.61,103.506318999991,2365.5056810000224,2342.8956810000223,0.022379694974308736,1
2011-06-17,2011-06-20,-1,45.358309500000004,45.639808499999994,2360.0,107045.61042000001,107709.94805999998,23.6,107.37763999998208,-664.3376399999752,-687.9376399999752,-0.006426584306454134,1
2011-06-21,2011-06-22,-1,47.1394185,47.771874,2256.0,106346.528136,107773.347744,22.56,107.0596079999957,-1426.8196079999975,-1449.3796079999975,-0.01362883803923035,1
2011-06-23,2011-06-24,-1,47.1394185,45.92895299999999,2225.0,104885.20616249999,102191.92042499999,22.25,103.53926249998402,2693.2857375000112,2671.0357375000112,0.02546627723038215,1
2011-06-27,2011-06-28,-1,45.8560605,46.5662715,2346.0,107578.317933,109244.472939,23.46,108.41100599999896,-1666.1550060000025,-1689.6150060000025,-0.01570590652897453,1
2011-06-29,2011-06-30,-1,47.4712525,47.675826,2230.0,105860.893075,106317.09198,22.3,106.08890499999688,-456.19890500000486,-478.49890500000487,-0.004520072437524209,1
2011-07-01,2011-07-05,-1,46.8815475,48.445210499999995,2248.0,105389.71878000001,108904.833204,22.48,107.14642399998405,-3515.1144239999803,-3537.5944239999803,-0.03356678872428413,1
2011-07-06,2011-07-07,-1,48.99948800000001,49.161568499999994,2079.0,101869.93555200001,102206.9009115,20.79,102.03835949997524,-336.9653594999743,-357.7553594999743,-0.003511883634375682,1
2011-07-08,2011-07-11,-1,49.113431,48.62029799999999,2067.0,101517.461877,100498.15596599998,20.67,101.00808899998805,1019.3059110000153,998.6359110000153,0.009837085093892289,1
2011-07-12,2011-07-13,-1,50.072951,51.817896,2047.0,102499.33069700001,106071.233112,20.47,104.28441499998277,-3571.902414999988,-3592.372414999988,-0.0350477646104779,1
2011-07-14,2011-07-15,-1,51.3912915,52.1410575,1925.0,98928.2361375,100371.5356875,19.25,99.64955000000124,-1443.299550000002,-1462.549550000002,-0.014783944474327931,1
2011-07-18,2011-07-19,-1,52.9185275,52.176075,1841.0,97423.0091275,96056.154075,18.41,96.73994749999218,1366.855052500011,1348.445052500011,0.01384113531881638,1
2011-07-20,2011-07-21,1,52.72635,52.411781000000005,1874.0,98809.17989999999,98219.67759400001,18.740000000000002,98.51430599998352,-589.5023059999844,-608.2423059999844,-0.006155726690734172,1
2011-07-22,2011-07-25,-1,53.0584575,52.6653195,1850.0,98158.14637500001,97430.841075,18.5,97.79469999999542,727.3053000000008,708.8053000000008,0.007221054249456844,1
2011-07-26,2011-07-27,-1,52.647663,51.1185465,1878.0,98872.311114,96000.630327,18.78,97.43721299999119,2871.680787000001,2852.900787000001,0.028854395683242398,1
2011-07-28,2011-07-29,-1,50.75361050000001,49.694835,2005.0,101760.98905250001,99638.144175,20.05,100.70012249998331,2122.84487750002,2102.79487750002,0.020664056993541572,1
2011-08-01,2011-08-02,-1,50.098938000000004,51.070522499999996,2073.0,103855.09847400001,105869.1931425,20.73,104.86166849998395,-2014.0946684999826,-2034.8246684999826,-0.019592920313001274,1
2011-08-03,2011-08-04,-1,51.6791475,48.8294025,1970.0,101807.920575,96193.922925,19.7,99.00234999999988,5613.9976499999975,5594.297649999998,0.05494953259436021,1
2011-08-05,2011-08-08,1,48.4191975,48.335820000000005,2218.0,107393.78005500001,107208.84876000001,22.18,107.30129499998613,-184.93129499999432,-207.11129499999433,-0.0019285222560741003,1
2011-08-09,2011-08-10,-1,50.386794,52.032002999999996,2128.0,107223.097632,110724.102384,21.28,108.97275199998501,-3501.0047519999875,-3522.2847519999877,-0.03285005590949077,1
2011-08-11,2011-08-12,-1,52.263855,51.76587,1984.0,103691.48832,102703.48608,19.84,103.19775999999456,988.0022399999998,968.1622399999998,0.009336949981971284,1
2011-08-15,2011-08-16,-1,53.163405,52.648311,1968.0,104625.58103999999,103611.876048,19.68,104.11900800000024,1013.7049919999955,994.0249919999956,0.009500783480666781,1
2011-08-17,2011-08-18,-1,53.0404665,52.194084,1992.0,105656.609268,103970.615328,19.92,104.81405999999333,1685.9939400000085,1666.0739400000084,0.015768762139375305,1
2011-08-19,2011-08-22,-1,53.46025650000001,55.6368045,2007.0,107294.73479550002,111663.0666315,20.07,109.47783599997959,-4368.331835999979,-4388.401835999979,-0.040900439750041026,1
2011-08-23,2011-08-24,-1,53.65216050000001,52.360167,1918.0,102904.84383900001,100426.80030599999,19.18,101.66646699997692,2478.043533000021,2458.863533000021,0.023894536362613225,1
2011-08-25,2011-08-26,-1,53.311331,54.605289,1977.0,105396.50138700001,107954.656353,19.77,106.67496599998893,-2558.154965999993,-2577.9249659999928,-0.024459303032595383,1
2011-08-29,2011-08-30,-1,54.070951,55.033502999999996,1901.0,102788.877851,104618.68920299999,19.01,103.70335199998848,-1829.8113519999908,-1848.8213519999908,-0.01798658950903222,1
2011-08-31,2011-09-01,-1,54.8215755,55.4266995,1841.0,100926.52049550001,102040.5537795,18.41,101.4832839999856,-1114.0332839999935,-1132.4432839999936,-0.011220472859266813,1
2011-09-02,2011-09-06,-1,56.707632,57.069520499999996,1760.0,99805.43231999999,100442.35608,17.6,100.12375999999904,-636.9237599999985,-654.5237599999986,-0.006557997343285278,1
2011-09-07,2011-09-08,-1,57.135418,58.241106,1735.0,99129.95023,101048.31891,17.35,100.088679999998,-1918.3686800000012,-1935.718680000001,-0.01952708213318752,1
2011-09-09,2011-09-12,-1,57.458256500000005,55.8809265,1692.0,97219.36999800001,94550.527638,16.92,95.88563999999474,2668.842360000006,2651.922360000006,0.027277715953668093,1
2011-09-13,2011-09-14,1,56.292132,55.1354185,1774.0,99862.242168,97810.232419,17.740000000000002,98.83574899999286,-2052.009749000004,-2069.7497490000037,-0.02072604924610072,1
2011-09-15,2011-09-16,1,54.885428999999995,55.804084,1782.0,97805.83447799999,99442.87768800001,17.82,98.62478999999205,1637.0432100000146,1619.2232100000147,0.016555486885235213,1
2011-09-19,2011-09-20,1,55.47972599999999,57.2663525,1792.0,99419.66899199999,102621.30368000001,17.92,101.02131199998621,3201.63468800002,3183.71468800002,0.03202298619859823,1
2011-09-21,2011-09-22,1,56.17807499999999,51.8190775,1826.0,102581.16494999999,94621.635515,18.26,98.59943499998931,-7959.529434999989,-7977.789434999989,-0.07777050922446158,1
2011-09-23,2011-09-26,1,49.2576165,50.046964,1921.0,94623.8812965,96140.217844,19.21,95.38245250000105,1516.33654750001,1497.12654750001,0.01582186787296144,1
2011-09-27,2011-09-28,1,49.886931,47.585195500000005,1927.0,96132.116037,91696.6717285,19.27,93.9133084999851,-4435.444308499986,-4454.714308499986,-0.04633950122127162,1
2011-09-29,2011-09-30,1,47.981978999999995,48.143916000000004,1911.0,91693.561869,92003.023476,19.11,91.84839299998467,309.46160700001695,290.35160700001694,0.0031665430056565377,1
2011-10-03,2011-10-04,1,47.544760499999995,45.8560605,1934.0,91951.566807,88685.621007,19.34,90.31779999998876,-3265.9457999999945,-3285.2857999999947,-0.035728437416358366,1
2011-10-05,2011-10-06,1,47.9649705,49.11243150000001,1849.0,88687.2304545,90808.88584350001,18.490000000000002,89.74861099998337,2121.6553890000127,2103.165389000013,0.023714410498803646,1
2011-10-07,2011-10-10,1,47.955966,49.601187,1893.0,90780.643638,93895.04699100001,18.93,92.33864699997923,3114.4033530000124,3095.4733530000126,0.03409838517276467,1
2011-10-11,2011-10-12,1,49.71184349999999,50.08994250000001,1888.0,93855.96052799998,94569.81144000002,18.88,94.2130879999836,713.8509120000247,694.9709120000247,0.007404653983512262,1
2011-10-13,2011-10-14,1,49.1795775,50.623675500000004,1923.0,94572.3275325,97349.32798650001,19.23,95.9615459999921,2777.0004540000073,2757.7704540000072,0.02916043758204315,1
2011-10-17,2011-10-18,1,49.4497125,49.69713900000001,1968.0,97317.0342,97803.96955200001,19.68,97.56064799998808,486.9353520000201,467.2553520000201,0.004801372707677729,1
2011-10-19,2011-10-20,1,46.7843805,46.362807000000004,2090.0,97779.355245,96898.26663000001,20.900000000000002,97.3386149999871,-881.0886149999872,-901.9886149999871,-0.0092247347381247,1
2011-10-21,2011-10-24,1,47.1345555,48.95551,2056.0,96908.646108,100652.52855999999,20.56,98.7815480000013,3743.882451999998,3723.322451999998,0.03842095211866375,1
2011-10-25,2011-10-26,1,50.193084,50.631671499999996,2005.0,100637.13342,101516.50135749999,20.05,101.07706250000038,879.367937499994,859.3179374999941,0.008538775979575135,1
2011-10-27,2011-10-28,1,51.651813,52.839567,1965.0,101495.812545,103829.749155,19.650000000000002,102.66338999999348,2333.93661000001,2314.28661000001,0.022801794004791376,1
2011-10-31,2011-11-01,-1,51.295339500000004,51.241608,2023.0,103770.4718085,103661.772984,20.23,103.7161754999837,108.69882450000998,88.46882450000997,0.0008525433387570216,1
2011-11-02,2011-11-03,1,52.360167,53.931021,1984.0,103882.57132799999,106999.145664,19.84,105.44166399998221,3116.5743360000083,3096.734336000008,0.029809950758942466,1
2011-11-04,2011-11-07,1,53.604789,55.2753485,1996.0,106995.15884399999,110329.595606,19.96,108.6632379999825,3334.436762000006,3314.476762000006,0.030977819910829298,1
2011-11-08,2011-11-09,-1,54.59069100000001,53.05851599999999,2020.0,110273.19582000001,107178.20231999998,20.2,108.72649999997805,3094.9935000000332,3074.7935000000334,0.027883416973051623,1
2011-11-10,2011-11-11,1,52.5872805,54.43776750000001,2156.0,113378.176758,117367.82673000002,21.56,115.37402799998978,3989.649972000018,3968.089972000018,0.03499871038206679,1
2011-11-14,2011-11-15,1,53.48673,53.57320000000001,2194.0,117349.88562,117539.60080000001,21.94,117.44481999998897,189.71518000001228,167.77518000001228,0.0014297004135419308,1
2011-11-16,2011-11-17,1,52.7353545,50.535719500000006,2228.0,117494.369826,112593.58304600001,22.28,115.04277999997845,-4900.786779999986,-4923.066779999986,-0.041900448398426784,1
2011-11-18,2011-11-21,1,49.8959355,48.9425165,2256.0,112565.230488,110414.31722400001,22.56,111.4892639999847,-2150.9132639999925,-2173.4732639999925,-0.019308566726842842,1
2011-11-22,2011-11-23,1,49.84290899999999,48.431772,2215.0,110402.04343499999,107276.37498000001,22.150000000000002,108.83845499998816,-3125.668454999977,-3147.818454999977,-0.02851232057904144,1
2011-11-25,2011-11-28,1,47.885931,49.051462,2240.0,107264.48544,109875.27488,22.400000000000002,108.57055999999375,2610.789440000003,2588.389440000003,0.024130908094905815,1
2011-11-29,2011-11-30,1,49.362669,52.796588500000006,2225.0,109831.93852499999,117472.40941250001,22.25,113.65411249997894,7640.47088750002,7618.22088750002,0.069362527783901,1
2011-12-01,2011-12-02,1,52.696335,50.883545500000004,2229.0,117460.13071499999,113419.42291950001,22.29,115.43879549998005,-4040.7077954999863,-4062.9977954999863,-0.034590441631282214,1
2011-12-05,2011-12-06,1,50.5422585,51.504235,2244.0,113416.828074,115575.50334000001,22.44,114.49673399999875,2158.675265999997,2136.235265999997,0.01883525842043641,1
2011-12-07,2011-12-08,1,51.5487615,50.002986,2241.0,115520.77452149999,112056.691626,22.41,113.78789549998476,-3464.082895499995,-3486.492895499995,-0.030180657201628363,1
2011-12-09,2011-12-12,1,50.551263,48.69364100000001,2217.0,112072.150071,107953.80209700002,22.17,110.0119739999829,-4118.347973999982,-4140.517973999982,-0.03694511055045236,1
2011-12-13,2011-12-14,1,47.2306035,45.7341215,2285.0,107921.9289975,104502.4676275,22.85,106.21136999999422,-3419.461370000001,-3442.311370000001,-0.03189631061987172,1
2011-12-15,2011-12-16,1,45.1595685,45.970003500000004,2313.0,104454.0819405,106328.61809550002,23.13,105.39184499999145,1874.5361550000123,1851.4061550000122,0.017724593626265613,1
2011-12-19,2011-12-20,1,44.7133455,46.3098335,2378.0,106328.33559900001,110124.78406300001,23.78,108.22753599998838,3796.448464000002,3772.6684640000017,0.03548130837134521,1
2011-12-21,2011-12-22,1,46.269123,45.691143000000004,2379.0,110074.243617,108699.22919700001,23.79,109.38641999998342,-1375.014419999992,-1398.804419999992,-0.01270782677251083,1
2011-12-23,2011-12-27,1,46.2621195,45.42727500000001,2350.0,108715.98082499999,106754.09625000002,23.5,107.73457499998607,-1961.8845749999728,-1985.3845749999728,-0.018262122642262176,1
2011-12-28,2011-12-29,1,43.860919499999994,44.8145815,2433.0,106713.61714349999,109033.8767895,24.330000000000002,107.87435399999079,2320.2596460000204,2295.9296460000205,0.021514870430384126,1
2011-12-30,2012-01-03,1,45.087532499999995,47.108434,2418.0,109021.653585,113908.19341200001,24.18,111.46617299998131,4886.539827000019,4862.359827000018,0.04459994567234318,1
2012-01-04,2012-01-05,1,47.07652649999999,47.1434165,2419.0,113878.11760349998,114039.9245135,24.19,113.95908999999136,161.8069100000191,137.6169100000191,0.0012084578924914501,1
2012-01-06,2012-01-09,-1,46.701637500000004,47.01549599999999,2441.0,113998.69713750001,114764.82573599998,24.41,114.38159849998027,-766.1285984999703,-790.5385984999702,-0.006934628362870312,1
2012-01-10,2012-01-11,1,47.7428595,47.5372195,2371.0,113198.3198745,112710.7474345,23.71,112.95444000000293,-487.5724400000059,-511.28244000000586,-0.004516696365872314,1
2012-01-12,2012-01-13,1,47.961968999999996,47.31033300000001,2350.0,112710.62714999999,111179.28255000002,23.5,111.94459999997655,-1531.3445999999747,-1554.8445999999747,-0.01379501329480425,1
2012-01-17,2012-01-18,1,46.561268999999996,46.61867900000001,2387.0,111141.749103,111278.78677300001,23.87,111.2103299999876,137.03767000002748,113.16767000002747,0.001018228261777219,1
2012-01-19,2012-01-20,1,45.700838999999995,45.699139,2435.0,111281.54296499999,111277.40346500001,24.35,111.27949999999153,-4.139499999981702,-28.489499999981703,-0.0002560128053664942,1
2012-01-23,2012-01-24,1,46.4542155,45.331323000000005,2395.0,111257.84612249999,108568.51858500001,23.95,109.91253749998485,-2689.3275374999803,-2713.27753749998,-0.02438729161188809,1
2012-01-25,2012-01-26,1,48.3471615,48.80658450000001,2245.0,108539.37756749999,109570.78220250002,22.45,109.05536499998775,1031.4046350000183,1008.9546350000182,0.009295747383225552,1
2012-01-27,2012-01-30,1,50.0480115,49.411282,2189.0,109555.0971735,108161.296298,21.89,108.85787549999559,-1393.8008755000028,-1415.690875500003,-0.01292218173343413,1
2012-01-31,2012-02-01,1,49.469722499999996,49.533221000000005,2185.0,108091.34366249999,108230.08788500002,21.85,108.1607774999803,138.7442225000187,116.89422250001871,0.0010814392581241703,1
2012-02-02,2012-02-03,1,50.354164499999996,49.393291000000005,2149.0,108211.09951049999,106146.18235900001,21.490000000000002,107.17815149997784,-2064.9171514999807,-2086.4071514999805,-0.01928089780935579,1
2012-02-06,2012-02-07,1,49.258617,48.929523,2155.0,106152.319635,105443.122065,21.55,105.79756999999276,-709.1975699999953,-730.7475699999952,-0.00688395291325369,1
2012-02-08,2012-02-09,1,48.6633195,48.439768,2166.0,105404.750037,104920.537488,21.66,105.16254899998911,-484.2125489999984,-505.8725489999984,-0.004799333510324943,1
2012-02-10,2012-02-13,1,47.7608685,47.546215000000004,2197.0,104930.6280945,104459.03435500001,21.97,104.69473949999028,-471.5937394999938,-493.56373949999374,-0.004703714715740505,1
2012-02-14,2012-02-15,1,47.129553,46.9075345,2216.0,104439.089448,103947.096452,22.16,104.19299600000016,-491.9929960000096,-514.1529960000096,-0.004922993859076158,1
2012-02-16,2012-02-17,1,48.1550655,47.432272000000005,2158.0,103918.631349,102358.84297600001,21.580000000000002,103.13837299999435,-1559.7883729999883,-1581.3683729999882,-0.015217371057256573,1
2012-02-21,2012-02-22,1,48.925450500000004,49.73512,2091.0,102303.11699550001,103996.13592,20.91,103.15007549999245,1693.0189244999963,1672.1089244999962,0.01634465276921667,1
2012-02-23,2012-02-24,-1,50.102936,49.50473999999999,2076.0,104013.695136,102771.84023999998,20.76,103.39310399998885,1241.8548960000178,1221.0948960000178,0.01173975113953419,1
2012-02-27,2012-02-28,-1,49.07844850000001,50.249112,2144.0,105224.19358400002,107734.09612799999,21.44,106.47854399998732,-2509.902543999977,-2531.342543999977,-0.02405665900379856,1
2012-02-29,2012-03-01,-1,48.465755,48.991483499999994,2119.0,102698.934845,103812.95353649999,21.19,103.25569149999096,-1114.018691499984,-1135.208691499984,-0.01105375331509831,1
2012-03-02,2012-03-05,-1,47.9670045,47.006491499999996,2117.0,101546.14852650001,99512.74250549999,21.17,100.52997899999306,2033.4060210000125,2012.2360210000124,0.019815975792276248,1
2012-03-06,2012-03-07,-1,45.935021,46.1740755,2254.0,103537.537334,104076.366177,22.54,103.80684299999274,-538.8288430000039,-561.3688430000038,-0.005421887147934508,1
2012-03-08,2012-03-09,1,46.691334,46.6096835,2206.0,103001.08280399999,102820.96180100001,22.06,102.91100299999641,-180.1210029999889,-202.1810029999889,-0.001962901723904375,1
2012-03-12,2012-03-13,1,45.92895299999999,45.611183000000004,2238.0,102788.99681399998,102077.827554,22.38,102.43325999997833,-711.1692599999749,-733.5492599999749,-0.007136457040507516,1
2012-03-14,2012-03-15,-1,43.8170805,43.9309545,2329.0,102049.9804845,102315.1930305,23.29,102.18254599998906,-265.21254599998974,-288.50254599998976,-0.0028270710550876523,1
2012-03-16,2012-03-19,1,43.763870999999995,43.423277500000005,2326.0,101794.76394599999,101002.54346500001,23.26,101.39848099998362,-792.2204809999768,-815.4804809999767,-0.00801102580710902,1
2012-03-20,2012-03-21,1,43.70284049999999,43.536221000000005,2310.0,100953.56155499998,100568.67051000001,23.1,100.76104499997982,-384.89104499997416,-407.9910449999742,-0.004041373466330841,1
2012-03-22,2012-03-23,-1,42.7136325,43.597788,2354.0,100547.89090500001,102629.192952,23.54,101.58804699999402,-2081.3020469999965,-2104.8420469999965,-0.020933726486502838,1
2012-03-26,2012-03-27,-1,44.341817999999996,43.737857999999996,2220.0,98438.83596,97098.04475999999,22.2,97.76879999998982,1340.7912000000015,1318.5912000000014,0.01339503039771623,1
2012-03-28,2012-03-29,-1,42.8455665,43.01049449999999,2329.0,99787.3243785,100171.44169049998,23.29,99.97931199999138,-384.1173119999911,-407.4073119999911,-0.004082756147009895,1
2012-03-30,2012-04-02,-1,43.36130850000001,44.1590685,2291.0,99340.75777350001,101168.4259335,22.91,100.25415999998123,-1827.668159999976,-1850.5781599999762,-0.018628589125717677,1
2012-04-03,2012-04-04,-1,42.670654,40.9074435,2285.0,97502.44439,93473.5083975,22.85,95.48900750000033,4028.935992499999,4006.085992499999,0.04108703138227034,1
2012-04-05,2012-04-09,1,40.504242,40.691644000000004,2506.0,101503.630452,101973.259864,25.060000000000002,101.7385879999892,469.62941200001467,444.56941200001467,0.004379837548867249,1
2012-04-10,2012-04-11,1,41.214597,40.691644000000004,2474.0,101964.912978,100671.127256,24.740000000000002,101.31772199998686,-1293.785721999985,-1318.525721999985,-0.012931170963530081,1
2012-04-12,2012-04-13,1,42.2040915,41.5841975,2385.0,100656.75822749999,99178.31103750001,23.85,99.91718999998116,-1478.4471899999883,-1502.2971899999882,-0.014924951055989325,1
2012-04-16,2012-04-17,-1,40.8485655,41.292635999999995,2427.0,99139.4684685,100217.22757199999,24.27,99.67810349999141,-1077.7591034999882,-1102.0291034999882,-0.011115947266250883,1
2012-04-18,2012-04-19,1,40.88143049999999,40.796591500000005,2398.0,98033.67033899999,97830.22641700001,23.98,97.93192199997887,-203.4439219999715,-227.4239219999715,-0.0023198552213085626,1
2012-04-20,2012-04-23,1,40.408193999999995,39.4572615,2421.0,97828.23767399999,95526.0300915,24.21,96.67658249998047,-2302.207582499984,-2326.417582499984,-0.023780634690082746,1
2012-04-24,2012-04-25,1,39.531756,40.5167315,2415.0,95469.19074,97847.9065725,24.150000000000002,96.659167500003,2378.7158324999937,2354.5658324999936,0.024663096170076466,1
2012-04-26,2012-04-27,1,40.548263999999996,40.989495,2413.0,97842.96103199999,98907.65143499999,24.13,98.3755969999937,1064.6904030000046,1040.5604030000045,0.010635005237215629,1
2012-04-30,2012-05-01,1,40.6533165,40.673653,2432.0,98868.865728,98918.324096,24.32,98.89363200000207,49.45836799999779,25.13836799999779,0.0002542596985906203,1
2012-05-02,2012-05-03,1,39.986983499999994,38.450765000000004,2473.0,98887.81019549999,95088.74184500001,24.73,96.98735049997485,-3799.0683504999747,-3823.7983504999747,-0.03866804556537729,1
2012-05-04,2012-05-07,1,38.5942875,38.222879,2464.0,95096.3244,94181.173856,24.64,94.63854399998922,-915.1505440000028,-939.7905440000028,-0.009882511757731015,1
2012-05-08,2012-05-09,1,36.9634725,37.6361725,2547.0,94145.9644575,95859.3313575,25.47,95.0031000000048,1713.3668999999973,1687.8968999999972,0.01792851036925708,1
2012-05-10,2012-05-11,1,37.752867,37.0844485,2538.0,95816.776446,94120.330293,25.38,94.96815300000287,-1696.4461530000035,-1721.8261530000036,-0.01796998622647656,1
2012-05-14,2012-05-15,1,35.911947,34.466758000000006,2621.0,94125.213087,90337.37271800001,26.21,92.23036899998814,-3787.840368999979,-3814.050368999979,-0.04052102772372637,1
2012-05-16,2012-05-17,1,34.633308,36.182899500000005,2607.0,90289.033956,94328.8189965,26.07,92.30995949998831,4039.785040500014,4013.715040500014,0.04445407005302541,1
2012-05-18,2012-05-21,1,36.486234,37.671155,2585.0,94316.91489000001,97379.935675,25.85,95.8492149999962,3063.020784999989,3037.170784999989,0.03220176135470697,1
2012-05-22,2012-05-23,1,37.287634499999996,38.852564,2611.0,97358.01367949999,101444.04460400001,26.11,99.40207549999045,4086.0309245000135,4059.9209245000134,0.04170094243977867,1
2012-05-24,2012-05-25,-1,39.0714545,39.3566685,2595.0,101390.42442750001,102130.5547575,25.95,101.76032999998466,-740.1303299999904,-766.0803299999905,-0.007555746356972615,1
2012-05-29,2012-05-30,-1,38.6336735,38.769375,2605.0,100640.7194675,100994.22187499999,26.05,100.81740749998656,-353.50240749998994,-379.55240749998995,-0.003771360235779705,1
2012-05-31,2012-06-01,-1,38.318831,40.837408499999995,2616.0,100242.06189600001,106830.66063599999,26.16,103.53473999998153,-6588.598739999979,-6614.758739999979,-0.06598785594477012,1
2012-06-04,2012-06-05,-1,41.435272000000005,41.6698245,2260.0,93643.71472,94173.80337,22.6,93.90864999998769,-530.0886499999829,-552.6886499999829,-0.005902036796089873,1
2012-06-06,2012-06-07,-1,41.6541625,40.3391595,2235.0,93097.0531875,90158.0214825,22.35,91.62829499999393,2939.031704999994,2916.681704999994,0.031329473975139875,1
2012-06-08,2012-06-11,-1,40.5687055,40.013996999999996,2367.0,96026.1259185,94713.130899,23.67,95.36998049998826,1312.995019500009,1289.325019500009,0.013426814912790446,1
2012-06-12,2012-06-13,1,40.995487499999996,40.95451250000001,2373.0,97282.29183749999,97185.05816250002,23.73,97.23367499997362,-97.23367499997362,-120.96367499997362,-0.0012434295359943918,1
2012-06-14,2012-06-15,1,41.1435615,41.085447,2362.0,97181.092263,97043.82581400001,23.62,97.11244899999777,-137.26644899998809,-160.8864489999881,-0.0016555324215186125,1
2012-06-18,2012-06-19,-1,41.803088,41.78388149999999,2321.0,97024.967248,96980.38896149998,23.21,97.00271349997689,44.57828650002297,21.36828650002297,0.00022023492618559413,1
2012-06-20,2012-06-21,-1,41.383298,39.2686245,2345.0,97043.83381000001,92084.92445250001,23.45,94.56564249999775,4958.909357500005,4935.459357500005,0.0508580418119407,1
2012-06-22,2012-06-25,1,39.084532499999995,39.5712045,2609.0,101971.54529249998,103241.2725405,26.09,102.6067519999937,1269.7272480000152,1243.6372480000152,0.012195924308420624,1
2012-06-26,2012-06-27,1,38.96247149999999,38.774603,2649.0,103211.58700349998,102713.923347,26.490000000000002,102.96265649997993,-497.6636564999823,-524.1536564999823,-0.005078438106781633,1
2012-06-28,2012-06-29,1,37.979980499999996,39.1853975,2704.0,102697.86727199999,105957.31484,27.04,104.32843199998808,3259.4475680000114,3232.4075680000115,0.031474924006346036,1
2012-07-02,2012-07-03,-1,39.194393,40.758368999999995,2703.0,105942.44427899999,110169.87140699998,27.03,108.05512799998863,-4227.427127999991,-4254.457127999991,-0.040158193035417,1
2012-07-05,2012-07-06,-1,40.095942,38.94446249999999,2536.0,101683.30891200001,98763.15689999999,25.36,100.22398799998666,2920.1520120000196,2894.7920120000194,0.02846870389028415,1
2012-07-09,2012-07-10,1,38.769375,37.426277500000005,2697.0,104561.00437499999,100938.67041750002,26.97,102.74895749997876,-3622.333957499978,-3649.303957499978,-0.034901194564008114,1
2012-07-11,2012-07-12,1,36.771376499999995,36.5247285,2744.0,100900.65711599999,100223.85500400001,27.44,100.56211199997932,-676.8021119999817,-704.2421119999817,-0.0069795592231907165,1
2012-07-13,2012-07-16,1,37.095538499999996,36.9445185,2701.0,100195.0494885,99787.1444685,27.01,99.99101999999534,-407.9050199999878,-434.9150199999878,-0.004340683718609328,1
2012-07-17,2012-07-18,1,36.5692755,36.042969500000005,2728.0,99760.98356400001,98325.22079600001,27.28,99.04276799998956,-1435.762767999995,-1463.042767999995,-0.01466548058902611,1
2012-07-19,2012-07-20,1,36.43821,36.515733000000004,2698.0,98310.29058,98519.44763400001,26.98,98.41494599997509,209.1570540000174,182.17705400001742,0.0018530822452586572,1
2012-07-23,2012-07-24,1,35.692837499999996,35.6571625,2760.0,98512.2315,98413.76849999999,27.6,98.4629999999936,-98.4629999999936,-126.0629999999936,-0.001279668504920565,1
2012-07-25,2012-07-26,1,36.780381,37.4782515,2675.0,98387.519175,100254.3227625,26.75,99.32141249999714,1866.8035875000014,1840.0535875000014,0.01870210371121497,1
2012-07-27,2012-07-30,1,37.79688899999999,38.257861500000004,2651.0,100199.55273899998,101421.5908365,26.51,100.81090249997672,1222.0380975000294,1195.5280975000294,0.011931471397024532,1
2012-07-31,2012-08-01,-1,37.4782515,37.034507999999995,2706.0,101416.148559,100215.37864799998,27.060000000000002,100.81608899999466,1200.7699110000099,1173.70991100001,0.011573205329496326,1
2012-08-02,2012-08-03,1,36.7973895,37.426277500000005,2788.0,102591.121926,104344.46167000002,27.88,103.46825599998152,1753.3397440000097,1725.4597440000096,0.01681880177940349,1
2012-08-06,2012-08-07,1,38.287134,38.69864100000001,2724.0,104294.15301600001,105415.09808400003,27.240000000000002,104.8549319999876,1120.9450680000202,1093.7050680000202,0.010486734264309452,1
2012-08-08,2012-08-09,-1,38.4857475,39.0144975,2739.0,105412.46240250001,106860.70865249999,27.39,106.13625000000079,-1448.2462499999867,-1475.6362499999868,-0.013998688735355735,1
2012-08-10,2012-08-13,-1,39.264358,38.7863835,2647.0,103932.755626,102667.5571245,26.47,103.30049849998396,1265.1985015000052,1238.7285015000052,0.01191855728291806,1
2012-08-14,2012-08-15,-1,38.476752000000005,38.6723265,2733.0,105156.96321600002,105691.46832449999,27.330000000000002,105.42410849998835,-534.5051084999787,-561.8351084999788,-0.005342823635425158,1
2012-08-16,2012-08-17,-1,39.947016500000004,39.7248525,2618.0,104581.289197,103999.66384499999,26.18,104.29064799998426,581.625352000017,555.445352000017,0.005311135063115577,1
2012-08-20,2012-08-21,-1,39.947016500000004,40.6713255,2632.0,105140.547428,107046.92871600001,26.32,106.09328799998286,-1906.381287999995,-1932.701287999995,-0.018382073665000692,1
2012-08-22,2012-08-23,-1,41.5582105,41.573776499999994,2484.0,103230.594882,103269.26082599998,24.84,103.24994399999005,-38.66594399998172,-63.505943999981724,-0.0006151852953339423,1
2012-08-24,2012-08-27,-1,41.629175000000004,41.1175485,2478.0,103157.09565,101889.285183,24.78,102.52353299997952,1267.8104670000137,1243.0304670000137,0.012049878480657028,1
2012-08-28,2012-08-29,-1,41.05946,40.644312,2543.0,104414.20678000001,103358.485416,25.43,103.88663599998446,1055.7213640000052,1030.2913640000052,0.009867348474626846,1
2012-08-30,2012-08-31,-1,40.310834500000006,42.002990999999994,2615.0,105412.83221750002,109837.82146499999,26.150000000000002,107.62424749998036,-4424.989247499971,-4451.13924749997,-0.042225781756018675,1
2012-09-04,2012-09-05,-1,41.829075,41.994986999999995,2414.0,100975.38705,101375.89861799999,24.14,101.1755679999913,-400.5115679999798,-424.65156799997976,-0.0042054958183988436,1
2012-09-06,2012-09-07,-1,43.020479,44.20209,2337.0,100538.859423,103300.28433,23.37,101.91890699999652,-2761.4249069999923,-2784.7949069999922,-0.02769869205779872,1
2012-09-10,2012-09-11,-1,43.322328000000006,43.64180999999999,2257.0,97778.49429600002,98499.56516999999,22.57,98.13887399997799,-721.0708739999695,-743.6408739999696,-0.0076053622972428086,1
2012-09-12,2012-09-13,-1,43.77310250000001,45.98298,2217.0,97044.96824250002,101944.26666,22.17,99.49341749998058,-4899.298417499978,-4921.468417499978,-0.05071327763436439,1
2012-09-14,2012-09-17,-1,47.134421,47.2306035,1954.0,92100.658634,92288.599239,19.54,92.19460499999634,-187.94060499999534,-207.48060499999534,-0.002252759188449511,1
2012-09-18,2012-09-19,-1,47.546215000000004,47.9969865,1933.0,91906.833595,92778.1749045,19.330000000000002,92.34230949999242,-871.3413094999898,-890.6713094999899,-0.00969102377549916,1
2012-09-20,2012-09-21,-1,47.590193,48.005990999999995,1912.0,90992.449016,91787.45479199999,19.12,91.38977599998685,-795.0057759999909,-814.1257759999909,-0.008947179516586436,1
2012-09-24,2012-09-25,-1,46.4257755,45.726852,1943.0,90205.2817965,88847.273436,19.43,89.52663949999626,1358.0083604999988,1338.5783604999988,0.014839245927082023,1
2012-09-26,2012-09-27,-1,45.8920425,47.2786275,1994.0,91508.732745,94273.583235,19.94,92.89048999998647,-2764.8504899999934,-2784.7904899999935,-0.030431964321483332,1
2012-09-28,2012-10-01,-1,46.968504,47.2526145,1889.0,88723.504056,89260.1887905,18.89,88.99173449999088,-536.6847344999944,-555.5747344999944,-0.0062618664626831,1
2012-10-02,2012-10-03,-1,46.898539,46.2361065,1880.0,88169.25332,86923.88021999999,18.8,87.54689999999016,1245.3731000000025,1226.5731000000026,0.013911574089760053,1
2012-10-04,2012-10-05,-1,47.4672545,47.041509,1884.0,89428.307478,88626.202956,18.84,89.02747799998866,802.1045220000094,783.2645220000094,0.008758574819194672,1
2012-10-08,2012-10-09,-1,46.622677,45.639808499999994,1935.0,90214.87999500001,88313.02944749998,19.35,89.2644524999888,1901.850547500018,1882.500547500018,0.020866851982781022,1
2012-10-10,2012-10-11,1,45.937957499999996,45.978999,2004.0,92059.66682999999,92141.913996,20.04,92.10083399999513,82.24716600001148,62.207166000011476,0.0006757266036480993,1
2012-10-12,2012-10-15,1,45.26262,45.243367,2036.0,92154.69432,92115.495212,20.36,92.13510799999048,-39.19910799999812,-59.55910799999812,-0.0006462948896904129,1
2012-10-16,2012-10-17,-1,46.0839465,46.5602685,1998.0,92075.725107,93027.416463,19.98,92.55135599999285,-951.6913559999923,-971.6713559999923,-0.010552959043991516,1
2012-10-18,2012-10-19,-1,45.121428,45.324650999999996,2019.0,91100.163132,91510.47036899999,20.19,91.30523699998568,-410.3072369999882,-430.4972369999882,-0.004725537498502799,1
2012-10-22,2012-10-23,-1,45.9180295,44.6233005,1975.0,90688.10826250001,88131.0184875,19.75,89.41022499999924,2557.0897750000076,2537.3397750000076,0.027978748521863373,1
2012-10-24,2012-10-25,1,43.877928,45.15641050000001,2125.0,93240.597,95957.37231250001,21.25,94.59968749998015,2716.775312500021,2695.525312500021,0.02890935278438877,1
2012-10-26,2012-10-31,-1,44.849564,46.341159,2139.0,95933.21739600001,99123.739101,21.39,97.52770499999727,-3190.521704999993,-3211.9117049999927,-0.03348070451699366,1
2012-11-01,2012-11-02,-1,45.550213500000005,43.615797,2035.0,92694.68447250001,88758.146895,20.35,90.72742249998893,3936.5375775000093,3916.1875775000094,0.04224824324917828,1
2012-11-05,2012-11-06,1,43.325652,44.087945000000005,2230.0,96616.20396,98316.11735000001,22.3,97.46660999997907,1699.9133900000152,1677.6133900000152,0.017363685605931718,1
2012-11-07,2012-11-08,1,44.732355,44.998489500000005,2197.0,98276.983935,98861.68143150001,21.97,98.56950349998488,584.697496500015,562.7274965000149,0.005725933722917267,1
2012-11-09,2012-11-12,1,44.430203999999996,43.834072000000006,2225.0,98857.2039,97530.8102,22.25,98.19369999997889,-1326.393699999978,-1348.643699999978,-0.013642341142525256,1
2012-11-13,2012-11-14,1,43.3966875,41.348315500000005,2247.0,97512.3568125,92909.66492850002,22.47,95.2098839999847,-4602.691883999985,-4625.161883999986,-0.04743154647460117,1
2012-11-15,2012-11-16,1,40.294137,40.647666,2305.0,92877.985785,93692.87013,23.05,93.28565499999215,814.884345000004,791.8343450000041,0.008525533131532306,1
2012-11-19,2012-11-20,1,41.86292099999999,41.435272000000005,2238.0,93689.21719799998,92732.13873600001,22.38,93.21046199998321,-957.0784619999736,-979.4584619999736,-0.010454334994922793,1
2012-11-21,2012-11-23,1,42.125052,42.704637,2201.0,92717.239452,93992.906037,22.01,93.3554149999963,1275.6665850000034,1253.6565850000034,0.013521288947014275,1
2012-11-26,2012-11-27,-1,42.6616585,41.634806999999995,2202.0,93940.97201700001,91679.84501399999,22.02,92.81099699999152,2261.127003000014,2239.107003000014,0.023835254787387284,1
2012-11-28,2012-11-29,1,41.9679735,42.05696100000001,2292.0,96190.595262,96394.55461200002,22.92,96.29264999998017,203.95935000002035,181.03935000002036,0.0018820899226885206,1
2012-11-30,2012-12-03,1,41.6698245,40.682648500000006,2313.0,96382.30406849999,94098.96598050001,23.13,95.2400879999838,-2283.338087999979,-2306.468087999979,-0.023930410362059267,1
2012-12-04,2012-12-05,1,40.872426,39.702139,2301.0,94047.452226,91354.621839,23.01,92.70038699999839,-2692.8303869999877,-2715.840386999988,-0.028877341413499527,1
2012-12-06,2012-12-07,1,39.89994,40.2188805,2290.0,91370.86260000001,92101.236345,22.900000000000002,91.73625499999574,730.373744999992,707.473744999992,0.007742881317615928,1
2012-12-10,2012-12-11,-1,40.735622,40.5832815,2260.0,92062.50572,91718.21618999999,22.6,91.89046999999263,344.2895300000025,321.6895300000025,0.0034942512968134157,1
2012-12-12,2012-12-13,-1,41.681149,40.6273035,2216.0,92365.426184,90030.10455599999,22.16,91.19837199999455,2335.321628000003,2313.161628000003,0.025043587450048494,1
2012-12-14,2012-12-17,1,40.7053425,40.735622,2326.0,94680.626655,94751.056772,23.26,94.71588299999779,70.43011699999745,47.17011699999745,0.0004982024165500855,1
2012-12-18,2012-12-19,1,40.110045,39.720130000000005,2362.0,94739.92629,93818.94706,23.62,94.27922999998461,-920.979229999988,-944.599229999988,-0.009970445059336006,1
2012-12-20,2012-12-21,1,39.5407605,39.5272265,2372.0,93790.68390599999,93758.58125799999,23.72,93.77464799999095,-32.102647999999846,-55.822647999999845,-0.000595183291934912,1
2012-12-24,2012-12-26,-1,39.6791505,39.9049425,2362.0,93722.153481,94255.474185,23.62,93.98870399999645,-533.3207039999963,-556.9407039999963,-0.005942465930564679,1
2012-12-27,2012-12-28,-1,40.098940500000005,39.766873499999996,2324.0,93189.93772200002,92418.21401399998,23.240000000000002,92.80429199997832,771.7237080000214,748.4837080000214,0.008031808221965593,1
2012-12-31,2013-01-02,-1,41.015482000000006,41.71084499999999,2290.0,93925.45378000001,95517.83504999998,22.900000000000002,94.7212699999767,-1592.3812699999685,-1615.2812699999686,-0.017197481672895767,1
2013-01-03,2013-01-04,-1,39.940020000000004,40.121050499999996,2311.0,92301.38622000001,92719.74770549999,23.11,92.51048549998427,-418.3614854999802,-441.4714854999802,-0.004782934510297977,1
2013-01-07,2013-01-08,1,39.3826815,39.466257,2333.0,91879.79593949999,92074.777581,23.330000000000002,91.97735849998958,194.9816415000047,171.6516415000047,0.001868219664016581,1
2013-01-09,2013-01-10,1,39.293637,40.173903,2343.0,92064.991491,94127.454729,23.43,93.09676199998997,2062.463238000014,2039.0332380000139,0.022147758936135284,1
2013-01-11,2013-01-14,1,40.170075,40.0149825,2342.0,94078.31564999999,93715.089015,23.42,93.89663499998356,-363.2266349999882,-386.64663499998824,-0.0041098379826274905,1
2013-01-15,2013-01-16,-1,40.315832,40.05501749999999,2324.0,93693.993568,93087.86066999998,23.240000000000002,93.39110199998294,606.1328980000216,582.8928980000215,0.0062212408266809245,1
2013-01-17,2013-01-18,-1,39.8290755,39.93996,2367.0,94275.4217085,94537.88532,23.67,94.40661149998184,-262.4636114999938,-286.13361149999383,-0.003035081745746205,1
2013-01-22,2013-01-23,1,40.560269999999996,39.422279,2317.0,93978.14558999999,91341.42044300001,23.17,92.65914699998481,-2636.7251469999824,-2659.8951469999824,-0.028303337231236198,1
2013-01-24,2013-01-25,1,38.24011049999999,37.087447000000004,2389.0,91355.62398449998,88601.910883,23.89,89.97810149998479,-2753.7131014999727,-2777.6031014999726,-0.030404292372533514,1
2013-01-28,2013-01-29,1,36.743362499999996,37.352314500000006,2410.0,88551.503625,90019.07794500001,24.1,89.28567999997959,1467.5743200000222,1443.4743200000223,0.01630095775801709,1
2013-01-30,2013-01-31,1,37.159570499999994,36.777602,2422.0,90000.47975099999,89075.352044,24.22,89.53770699998377,-925.127706999981,-949.347706999981,-0.010548251627396829,1
2013-02-01,2013-02-04,1,37.372676999999996,37.463259,2383.0,89059.089291,89274.946197,23.830000000000002,89.16709399998877,215.8569060000115,192.02690600001148,0.002156174148295687,1
2013-02-05,2013-02-06,1,37.4257035,37.618181500000006,2385.0,89260.30284749999,89719.36287750001,23.85,89.48996999998954,459.06003000001994,435.2100300000199,0.0048757400111398945,1
2013-02-07,2013-02-08,1,37.7358585,37.4582615,2377.0,89698.1356545,89038.2875855,23.77,89.3680689999955,-659.8480690000002,-683.6180690000002,-0.007621318592765025,1
2013-02-11,2013-02-12,1,36.7353585,37.060460500000005,2423.0,89009.7736455,89797.49579150001,24.23,89.40385399998463,787.72214600002,763.4921460000199,0.008577621476050335,1
2013-02-13,2013-02-14,1,36.496239,36.60568800000001,2459.0,89744.251701,90013.38679200002,24.59,89.87890899998962,269.1350910000123,244.54509100001232,0.002724910914793303,1
2013-02-15,2013-02-19,-1,35.300341,34.875429,2550.0,90015.86955,88932.34395,25.5,89.47439999998643,1083.5256000000159,1058.0256000000159,0.011753767477770433,1
2013-02-20,2013-02-21,1,33.202593,33.7001415,2743.0,91074.712599,92439.4881345,27.43,91.75746449999504,1364.7755355000018,1337.3455355000017,0.01468404892352837,1
2013-02-22,2013-02-25,1,33.600792,34.0799515,2750.0,92402.178,93719.866625,27.5,93.06137499999068,1317.688625000004,1290.188625000004,0.013962751235149501,1
2013-02-26,2013-02-27,1,34.565274,33.8500665,2711.0,93706.45781400001,91767.53028149999,27.11,92.73653250000226,-1938.9275325000144,-1966.0375325000143,-0.02098081155092262,1
2013-02-28,2013-03-01,1,33.078531,32.8505665,2773.0,91726.76646299999,91094.6209045,27.73,91.41055849999586,-632.1455584999967,-659.8755584999967,-0.007193925872947588,1
2013-03-04,2013-03-05,1,31.8209025,31.7491175,2862.0,91071.422955,90865.974285,28.62,90.96866999999796,-205.4486699999955,-234.0686699999955,-0.0025701659467388905,1
2013-03-06,2013-03-07,1,33.1315575,32.655664,2742.0,90846.730665,89541.830688,27.42,90.19397699998088,-1304.8999769999944,-1332.3199769999944,-0.014665579787488047,1
2013-03-08,2013-03-11,1,32.8214025,32.6826505,2727.0,89503.9646175,89125.5879135,27.27,89.31470399998639,-378.37670399999087,-405.64670399999085,-0.004532164644700867,1
2013-03-12,2013-03-13,1,33.55677,32.585699,2655.0,89093.22435,86515.030845,26.55,87.803504999999,-2578.193505000005,-2604.7435050000054,-0.02923615711524089,1
2013-03-14,2013-03-15,1,32.9714775,33.012485500000004,2623.0,86484.18548249999,86591.74946650001,26.23,86.53801600000034,107.56398400001322,81.33398400001322,0.0009404492109886505,1
2013-03-18,2013-03-19,1,33.166574999999995,33.213384999999995,2610.0,86564.76074999999,86686.93484999999,26.1,86.62589999999376,122.17410000000179,96.07410000000178,0.0011098523136621942,1
2013-03-20,2013-03-21,1,33.148565999999995,33.9919955,2615.0,86683.50008999999,88889.06823250001,26.150000000000002,87.78685749998999,2205.5681425000166,2179.4181425000165,0.025142248988991152,1
2013-03-22,2013-03-25,1,33.786885,33.332325499999996,2630.0,88859.50755,87664.01606499999,26.3,88.26148499998823,-1195.4914850000052,-1221.7914850000052,-0.01374969903262766,1
2013-03-26,2013-03-27,1,33.1135485,33.6201815,2646.0,87618.449331,88959.000249,26.46,88.28908199999569,1340.550918000002,1314.090918000002,0.01499787919135277,1
2013-03-28,2013-04-01,1,33.520751999999995,33.098442500000004,2653.0,88930.55505599998,87810.1679525,26.53,88.37010349998496,-1120.3871034999738,-1146.9171034999738,-0.01289677212492101,1
2013-04-02,2013-04-03,1,31.767875999999998,30.302841000000004,2764.0,87806.40926399999,83757.05252400001,27.64,85.78073999998813,-4049.356739999981,-4076.996739999981,-0.04643165315805165,1
2013-04-04,2013-04-05,1,31.187586,31.026479000000002,2684.0,83707.480824,83275.069636,26.84,83.49118799999641,-432.41118799999373,-459.2511879999937,-0.005486381664807198,1
2013-04-08,2013-04-09,1,30.687336,31.8510665,2713.0,83254.742568,86411.9434145,27.13,84.83415349999174,3157.200846500009,3130.070846500009,0.03759630682832825,1
2013-04-10,2013-04-11,1,30.683334,30.274855000000002,2815.0,86373.58520999999,85223.71682500001,28.150000000000002,85.79838499998917,-1149.8683849999895,-1178.0183849999896,-0.013638641746036998,1
2013-04-12,2013-04-15,1,28.5092475,25.712137500000004,2989.0,85214.1407775,76853.57898750002,29.89,81.03178999999061,-8360.561789999989,-8390.451789999988,-0.09846313902182077,1
2013-04-16,2013-04-17,1,25.543765499999996,24.2088895,3007.0,76810.10285849999,72796.1307265,30.07,74.80213199998633,-4013.9721319999826,-4044.0421319999828,-0.0526498726274321,1
2013-04-18,2013-04-19,1,24.976481999999997,25.297345,2914.0,72781.46854799999,73716.46333,29.14,73.24921799999214,934.9947820000082,905.8547820000082,0.01244622841599561,1
2013-04-22,2013-04-23,1,25.676832,25.075456000000003,2870.0,73692.50784,71966.55872,28.7,72.82911999999382,-1725.9491199999952,-1754.6491199999953,-0.023810413994997448,1
2013-04-24,2013-04-25,1,26.756371499999997,27.030478000000002,2688.0,71921.12659199999,72657.924864,26.88,72.28972799999019,736.798272000015,709.918272000015,0.009870789094104394,1
2013-04-26,2013-04-29,-1,26.0839515,26.47323,2785.0,72643.80492750001,73727.94555,27.85,73.18562250000025,-1084.140622499999,-1111.9906224999988,-0.015307439135515933,1
2013-04-30,2013-05-01,1,26.871429,26.242872000000002,2662.0,71531.74399799999,69858.52526400001,26.62,70.69473399999157,-1673.2187339999923,-1699.8387339999922,-0.023763418015469037,1
2013-05-02,2013-05-03,1,26.199092999999998,26.216885,2665.0,69820.582845,69867.998525,26.650000000000002,69.84431999999174,47.415680000009544,20.765680000009542,0.0002974148761563456,1
2013-05-06,2013-05-07,1,26.2961415,25.518234500000002,2656.0,69842.55182400001,67776.430832,26.560000000000002,68.8089919999909,-2066.1209919999974,-2092.6809919999973,-0.029962836943207005,1
2013-05-08,2013-05-09,1,26.9244555,26.437774500000003,2516.0,67741.930038,66517.440642,25.16,67.12939599999095,-1224.4893959999931,-1249.6493959999932,-0.01844720685252102,1
2013-05-10,2013-05-13,-1,26.36681,25.7118495,2522.0,66497.09482,64845.284438999995,25.22,65.6716189999899,1651.8103810000034,1626.5903810000034,0.024461074358255754,1
2013-05-14,2013-05-15,-1,25.4122875,24.268127999999997,2681.0,68130.3427875,65062.851167999994,26.810000000000002,66.59738049999,3067.4916195000114,3040.6816195000115,0.04463035844372547,1
2013-05-16,2013-05-17,1,24.357172499999997,23.324332,2922.0,71171.65804499999,68153.698104,29.22,69.6619409999959,-3017.959940999997,-3047.1799409999967,-0.0428145138767646,1
2013-05-20,2013-05-21,1,24.799393499999997,24.1469205,2747.0,68123.9339445,66331.5906135,27.47,67.22733099999137,-1792.3433309999916,-1819.8133309999916,-0.026713274258098166,1
2013-05-22,2013-05-23,1,24.516252,24.659664000000003,2705.0,66316.46166,66704.39112000001,27.05,66.51053999999414,387.92946000000387,360.87946000000386,0.005441777968345301,1
2013-05-24,2013-05-28,-1,24.314836500000002,24.1090485,2742.0,66671.28168300001,66107.010987,27.42,66.38930399999607,564.270696000005,536.8506960000051,0.00805220302427293,1
2013-05-29,2013-05-30,-1,25.199394,26.6062965,2667.0,67206.783798,70958.99276549999,26.67,69.08196749999274,-3752.2089674999934,-3778.8789674999935,-0.056227641823450095,1
2013-05-31,2013-06-03,-1,26.0839515,26.889438,2432.0,63436.170048,65395.113216,24.32,64.41516799999317,-1958.943167999993,-1983.263167999993,-0.03126391720211553,1
2013-06-04,2013-06-05,1,26.376181499999998,26.464761000000003,2329.0,61430.126713499994,61636.42836900001,23.29,61.533344499992666,206.30165550001198,183.01165550001198,0.002979184079393947,1
2013-06-06,2013-06-07,1,26.8364115,25.6681595,2296.0,61616.400804000004,58934.094212,22.96,60.27459199999885,-2682.3065919999976,-2705.2665919999977,-0.043904975894411176,1
2013-06-10,2013-06-11,1,25.7378625,24.898544500000003,2289.0,58913.967262499995,56992.768360500006,22.89,57.95290199998871,-1921.198901999989,-1944.088901999989,-0.03299877757914028,1
2013-06-12,2013-06-13,1,25.0835355,25.314336500000003,2271.0,56964.7091205,57488.85819150001,22.71,57.226928999993376,524.1490710000071,501.4390710000071,0.008802626727001986,1
2013-06-14,2013-06-17,1,24.914451,24.94752,2307.0,57477.638457,57553.92864,23.07,57.515816999997014,76.2901830000026,53.2201830000026,0.0009259284902565634,1
2013-06-18,2013-06-19,1,24.260124,23.483252500000003,2371.0,57520.754004,55678.791677500005,23.71,56.59932649999642,-1841.9623264999966,-1865.6723264999966,-0.032434768264168745,1
2013-06-20,2013-06-21,1,21.744867,21.997995500000002,2560.0,55666.85952,56314.868480000005,25.6,55.99103999998988,648.0089600000065,622.4089600000065,0.011180960545769378,1
2013-06-24,2013-06-25,1,21.036513,20.900544500000002,2676.0,56293.708787999996,55929.85708200001,26.76,56.11170599999629,-363.8517059999921,-390.61170599999207,-0.006938816333296162,1
2013-06-26,2013-06-27,1,19.691140649999998,20.157916,2839.0,55903.14830534999,57228.323524,28.39,56.5660813499902,1325.175218650007,1296.785218650007,0.02319699798599542,1
2013-06-28,2013-07-01,1,21.682835999999998,22.006991000000003,2638.0,57199.321368,58054.44225800001,26.38,57.627109999988,855.1208900000122,828.7408900000122,0.014488648994070916,1
2013-07-02,2013-07-03,-1,20.971509,21.3996945,2767.0,58028.165403000006,59212.9546815,27.67,58.62027849999407,-1184.7892784999942,-1212.4592784999943,-0.020894323818090435,1
2013-07-05,2013-07-08,-1,20.6886505,20.284137,2746.0,56811.034273000005,55700.240202,27.46,56.25592900000142,1110.7940710000005,1083.3340710000004,0.019069078478560028,1
2013-07-09,2013-07-10,1,20.554272,20.511739,2817.0,57901.384224,57781.568762999996,28.17,57.841461000001004,-119.81546100000669,-147.9854610000067,-0.0025558190530903927,1
2013-07-11,2013-07-12,1,22.099044,21.5462215,2613.0,57744.801972,56300.2767795,26.13,57.02219249998802,-1444.525192499994,-1470.6551924999942,-0.02546818314855601,1
2013-07-15,2013-07-16,1,21.532760999999997,22.6696595,2613.0,56265.10449299999,59235.8202735,26.13,57.75121949999477,2970.7157805000115,2944.5857805000114,0.052334138664335915,1
2013-07-17,2013-07-18,-1,22.014987,21.948968999999998,2690.0,59220.315030000005,59042.72661,26.900000000000002,59.13157999999388,177.5884200000087,150.6884200000087,0.0025445393176931346,1
2013-07-19,2013-07-22,1,22.887438,24.261863,2594.0,59370.014171999996,62935.272622000004,25.94,61.15354999999341,3565.2584500000057,3539.3184500000057,0.05961457984069699,1
2013-07-23,2013-07-24,1,25.0835355,23.8370755,2508.0,62909.507034,59783.385354000005,25.080000000000002,61.345679999994246,-3126.1216799999975,-3151.2016799999974,-0.05009102484775318,1
2013-07-25,2013-07-26,1,24.0910395,24.403792000000003,2480.0,59745.77796,60521.404160000006,24.8,60.13379999999444,775.6262000000049,750.826200000005,0.012567016877789853,1
2013-07-29,2013-07-30,-1,24.164911500000002,23.980984499999998,2504.0,60508.938396000005,60048.38518799999,25.04,60.27879199998557,460.55320800001044,435.5132080000104,0.007197502047545432,1
2013-07-31,2013-08-01,1,23.8969425,23.134427000000002,2550.0,60937.203375000005,58992.788850000004,25.5,59.964524999996094,-1944.414524999998,-1969.914524999998,-0.03232695981923207,1
2013-08-02,2013-08-05,1,22.6303095,22.4757565,2606.0,58974.586556999995,58571.821439,26.060000000000002,58.77311799999607,-402.76511799999986,-428.82511799999986,-0.0072713543754229235,1
2013-08-06,2013-08-07,1,21.2936415,21.201394,2749.0,58536.2204835,58282.632106000005,27.490000000000002,58.409377499993525,-253.58837749999765,-281.07837749999766,-0.0048017855471080015,1
2013-08-08,2013-08-09,1,23.037512999999997,23.492248000000004,2529.0,58261.87037699999,59411.89519200001,25.29,58.837184999987315,1150.0248150000166,1124.7348150000166,0.01930481818935953,1
2013-08-12,2013-08-13,1,24.791389499999998,24.061963000000002,2396.0,59400.169241999996,57652.463348000005,23.96,58.52589399999286,-1747.7058939999888,-1771.6658939999888,-0.029825940171687246,1
2013-08-14,2013-08-15,-1,25.4122875,26.93346,2267.0,57609.655762500006,61058.15382,22.67,59.33305749999481,-3448.4980574999972,-3471.1680574999973,-0.06025323379487182,1
2013-08-16,2013-08-19,-1,26.36681,25.888938,2054.0,54157.42774,53175.878652,20.54,53.66691199999256,981.5490880000029,961.009088000003,0.017744732866812538,1
2013-08-20,2013-08-21,1,26.8364115,25.589199,2053.0,55095.1528095,52534.625547,20.53,53.81426249999949,-2560.5272625,-2581.0572625,-0.04684726570093024,1
2013-08-22,2013-08-23,1,25.994991,26.685650500000005,2021.0,52535.876810999995,53931.69966050001,20.21,53.23415049999257,1395.8228495000121,1375.612849500012,0.026184256036095803,1
2013-08-26,2013-08-27,1,26.951468999999996,25.739124,2000.0,53902.937999999995,51478.248,20.0,52.689999999991244,-2424.689999999991,-2444.689999999991,-0.04535355753706767,1
2013-08-28,2013-08-29,1,25.0655265,25.243372,2053.0,51459.5259045,51824.642716,20.53,51.64218849999857,365.1168115000002,344.5868115000002,0.006696268678018796,1
2013-08-30,2013-09-03,1,24.9234555,25.1284295,2078.0,51790.940529,52216.876501,20.78,52.004027999993525,425.935972,405.155972,0.007822912035612398,1
2013-09-04,2013-09-05,1,25.304646,24.372807500000004,2063.0,52203.484698,50281.10187250001,20.63,51.241825499995386,-1922.3828254999955,-1943.0128254999956,-0.0372199832394414,1
2013-09-06,2013-09-09,1,24.799393499999997,24.456765500000003,2027.0,50268.37062449999,49573.86366850001,20.27,49.92095599999254,-694.5069559999881,-714.7769559999881,-0.014219218707908892,1
2013-09-10,2013-09-11,1,23.542765499999998,23.7051415,2105.0,49557.521377499994,49899.3228575,21.05,49.72851999999598,341.8014800000039,320.7514800000039,0.006472306747480531,1
2013-09-12,2013-09-13,1,22.3901895,22.652668000000002,2227.0,49862.95201650001,50447.491636000006,22.27,50.155380499999694,584.5396195000006,562.2696195000007,0.011276300274278618,1
2013-09-16,2013-09-17,1,22.484236499999998,22.890549000000004,2243.0,50432.142469499995,51343.50140700001,22.43,50.88806249999197,911.3589375000126,888.9289375000127,0.017626237831113622,1
2013-09-18,2013-09-19,1,24.985486499999997,24.173907,2054.0,51320.189270999996,49653.204978,20.54,50.48629299999585,-1666.9842929999938,-1687.5242929999938,-0.03288226947271958,1
2013-09-20,2013-09-23,1,22.719353999999996,22.258865,2185.0,49641.78848999999,48635.620025000004,21.85,49.13846499999268,-1006.1684649999902,-1028.01846499999,-0.02070873141903575,1
2013-09-24,2013-09-25,1,22.214101499999998,22.5457215,2188.0,48604.454082,49330.038642,21.88,48.96743999999626,725.584560000002,703.7045600000021,0.014478190801460098,1
2013-09-26,2013-09-27,1,22.241115,22.236876000000002,2217.0,49308.551955,49299.154092000004,22.17,49.303862999997804,-9.397862999996292,-31.567862999996294,-0.0006402107088605192,1
2013-09-30,2013-10-01,1,22.170079499999996,21.591199000000003,2223.0,49284.08672849999,47997.235377000005,22.23,48.640351499988085,-1286.851351499985,-1309.081351499985,-0.026561948052554043,1
2013-10-02,2013-10-03,1,21.682835999999998,21.476256499999998,2212.0,47962.433231999996,47505.479377999996,22.12,47.733853999995276,-456.9538540000003,-479.0738540000003,-0.009988522719076055,1
2013-10-04,2013-10-07,1,21.426707999999998,21.7501195,2216.0,47481.584928,48198.264812,22.16,47.84011599999215,716.6798840000054,694.5198840000054,0.014627141976266371,1
2013-10-08,2013-10-09,-1,21.0684605,21.174582,2287.0,48183.569163500004,48426.269034000004,22.87,48.30487049999902,-242.69987050000097,-265.56987050000095,-0.0055116272021869086,1
2013-10-10,2013-10-11,1,20.8514205,20.36981,2298.0,47916.564309,46809.82338,22.98,47.362928999992036,-1106.7409289999969,-1129.7209289999969,-0.023576834969109114,1
2013-10-14,2013-10-15,1,20.461225499999998,21.033478000000002,2287.0,46794.82271849999,48103.564186,22.87,47.44953249998915,1308.7414675000107,1285.8714675000108,0.027478925932369242,1
2013-10-16,2013-10-17,-1,20.591699000000002,21.6918405,2335.0,48081.617165,50650.44756750001,23.35,49.36540249999723,-2568.830402499999,-2592.1804024999988,-0.053912088555684475,1
2013-10-18,2013-10-21,-1,21.573208,22.073031,2108.0,45476.322464000004,46529.949348,21.080000000000002,46.00288399999516,-1053.6268839999984,-1074.7068839999984,-0.023632229383780064,1
2013-10-22,2013-10-23,-1,23.0234825,22.285137,1929.0,44412.2977425,42988.029273,19.29,43.70053049999619,1424.2684695000023,1404.9784695000023,0.03163489710993987,1
2013-10-24,2013-10-25,-1,23.112438,23.303646,1982.0,45808.852116,46187.826372,19.82,45.99825599999363,-378.97425599999923,-398.7942559999992,-0.008705615565090953,1
2013-10-28,2013-10-29,-1,23.457265500000002,22.807398,1936.0,45413.266008000006,44155.122528,19.36,44.78451999999828,1258.1434800000052,1238.7834800000053,0.0272780090245388,1
2013-10-30,2013-10-31,-1,23.191398500000002,22.241115,2012.0,46661.093782,44749.123380000005,20.12,45.70559799999559,1911.9704020000024,1891.8504020000025,0.040544493252530726,1
2013-11-01,2013-11-04,-1,21.299345,21.974981999999997,2279.0,48541.207254999994,50080.983978,22.79,49.310722999996244,-1539.776722999996,-1562.566722999996,-0.03219052041271684,1
2013-11-05,2013-11-06,-1,21.653168000000004,21.9439665,2170.0,46987.37456000001,47618.40730499999,21.7,47.30274499999048,-631.0327449999869,-652.732744999987,-0.013891662411707788,1
2013-11-07,2013-11-08,1,21.3736815,21.493248,2168.0,46338.141492,46597.361664000004,21.68,46.46782800000119,259.22017200000266,237.54017200000266,0.00512623433637304,1
2013-11-11,2013-11-12,-1,21.484252500000004,21.036513,2168.0,46577.85942000001,45607.160184,21.68,46.09276399999305,970.6992360000095,949.0192360000095,0.020374900173976467,1
2013-11-13,2013-11-14,-1,21.1224335,21.7358625,2250.0,47525.475375,48905.690624999996,22.5,48.215249999994825,-1380.21525,-1402.71525,-0.029515017765353598,1
2013-11-15,2013-11-18,-1,21.3523185,20.9574735,2160.0,46121.007959999995,45268.142759999995,21.6,45.694800000000555,852.8652000000002,831.2652000000002,0.018023569665280147,1
2013-11-19,2013-11-20,1,20.992490999999998,20.219885,2236.0,46939.20987599999,45211.662860000004,22.36,46.07501599999382,-1727.5470159999913,-1749.9070159999912,-0.037280282744910846,1
2013-11-21,2013-11-22,-1,19.9190355,19.726558349999998,2269.0,45196.2915495,44759.56089615,22.69,44.97804664999333,436.7306533500045,414.0406533500045,0.009160943058713962,1
2013-11-25,2013-11-26,1,19.6734318,19.158416,2318.0,45603.0149124,44409.208287999994,23.18,45.00582440000202,-1193.806624400001,-1216.9866244000011,-0.026686538746127683,1
2013-11-27,2013-11-29,1,19.301545949999998,19.6979461,2300.0,44393.55568499999,45305.27603,23.0,44.84965499999767,911.7203450000037,888.7203450000037,0.020019129607595068,1
2013-12-02,2013-12-03,-1,18.4995456,18.23021055,2448.0,45286.8876288,44627.555426399995,24.48,44.95739759999685,659.3322024000055,634.8522024000055,0.014018455134379205,1
2013-12-04,2013-12-05,1,18.7791849,18.29154965,2445.0,45915.1070805,44722.83889425,24.45,45.31868624999838,-1192.2681862500008,-1216.7181862500008,-0.026499299764602687,1
2013-12-06,2013-12-09,1,18.305348099999996,18.75151955,2442.0,44701.66006019999,45791.2107411,24.42,45.24671909998937,1089.550680900012,1065.1306809000118,0.02382754196299632,1
2013-12-10,2013-12-11,-1,19.450270000000003,18.7791849,2353.0,45766.48531000001,44187.4220697,23.53,44.97735969999567,1579.0632403000063,1555.5332403000064,0.03398847933730496,1
2013-12-12,2013-12-13,-1,18.5835036,18.69064065,2546.0,47313.6001656,47586.371094899994,25.46,47.449929299997,-272.7709292999965,-298.2309292999965,-0.006303281260698258,1
2013-12-16,2013-12-17,-1,18.893048750000002,18.76147605,2489.0,47024.798338750006,46697.31388845,24.89,46.86114969999528,327.4844503000077,302.59445030000774,0.006434784645331691,1
2013-12-18,2013-12-19,-1,18.459665550000004,18.15057075,2564.0,47330.58247020001,46538.063403,25.64,46.9345327999918,792.5190672000102,766.8790672000102,0.01620261207820225,1
2013-12-20,2013-12-23,1,18.168279599999998,18.1954977,2647.0,48091.43610119999,48163.482411900004,26.47,48.12748929999552,72.04631070000653,45.57631070000653,0.000947701179147555,1
2013-12-24,2013-12-26,-1,18.7758074,18.821406,2564.0,48141.1701736,48258.084984,25.64,48.19961039999146,-116.91481039999528,-142.5548103999953,-0.0029611829103018046,1
2013-12-27,2013-12-30,-1,18.9633136,18.46392735,2531.0,47996.1467216,46732.200122849994,25.310000000000002,47.36450124999965,1263.9465987500014,1238.6365987500014,0.025807000839768876,1
2013-12-31,2014-01-02,-1,18.918536000000003,19.6526214,2602.0,49226.03067200001,51136.1208828,26.02,50.180610799993666,-1910.0902107999946,-1936.1102107999945,-0.03933102434564693,1
2014-01-03,2014-01-06,-1,19.48115455,19.607899049999997,2428.0,47300.2432474,47607.978893399995,24.28,47.45404599999641,-307.7356459999936,-332.0156459999936,-0.00701932216845933,1
2014-01-07,2014-01-08,1,19.5899901,19.29364835,2397.0,46957.2062697,46246.87509495,23.97,46.601874749996625,-710.3311747499996,-734.3011747499996,-0.015637667422813032,1
2014-01-09,2014-01-10,1,19.0181043,19.6329786,2431.0,46233.0115533,47727.770976600004,24.310000000000002,46.98077669999893,1494.7594233000007,1470.4494233000007,0.03180518365334658,1
2014-01-13,2014-01-14,1,20.2511205,19.7311295,2356.0,47711.639897999994,46486.541102,23.56,47.09879599999394,-1225.0987959999939,-1248.6587959999938,-0.02617094693599781,1
2014-01-15,2014-01-16,1,20.009999999999998,20.195897000000002,2321.0,46443.20999999999,46874.676937000004,23.21,46.65906299998913,431.46693700000975,408.25693700000977,0.008790454772613905,1
2014-01-17,2014-01-21,-1,20.811589,21.180585,2252.0,46867.698428,47698.67742,22.52,47.28299199999253,-830.9789919999982,-853.4989919999982,-0.018210815137661963,1
2014-01-22,2014-01-23,1,20.662326,21.159415000000003,2227.0,46015.000002,47122.017205000004,22.27,46.568796999995826,1107.0172030000058,1084.7472030000058,0.023573773833594658,1
2014-01-24,2014-01-27,1,21.162576,20.445772,2225.0,47086.73160000001,45491.8427,22.25,46.28889999999615,-1594.8888999999995,-1617.1388999999995,-0.03434383413437002,1
2014-01-28,2014-01-29,1,20.8774335,21.4542675,2178.0,45471.050163,46727.394615,21.78,46.099547999994236,1256.3444520000035,1234.5644520000035,0.02715055947849153,1
2014-01-30,2014-01-31,1,20.984486999999998,20.9545175,2226.0,46711.46806199999,46644.755955,22.26,46.67810699999129,-66.71210699999205,-88.97210699999205,-0.0019047165651462643,1
2014-02-03,2014-02-04,1,20.8454175,21.0524685,2236.0,46610.35353,47073.319566,22.36,46.84196399999577,462.9660359999997,440.6060359999997,0.009452964902238098,1
2014-02-05,2014-02-06,1,20.7433665,20.6866515,2269.0,47066.6985885,46938.0122535,22.69,47.00233499999807,-128.68633500000118,-151.37633500000118,-0.003216208902253186,1
2014-02-07,2014-02-10,1,21.3596745,22.0479705,2196.0,46905.845202000004,48417.343218,21.96,47.66198399999939,1511.4980160000025,1489.5380160000025,0.03175591463250065,1
2014-02-11,2014-02-12,1,22.905447,22.096946000000003,2113.0,48399.209511,46690.846898,21.13,47.54461299999647,-1708.3626129999918,-1729.492612999992,-0.03573390207141542,1
2014-02-13,2014-02-14,-1,23.097445500000003,23.548768499999998,2021.0,46679.937355500006,47592.061138499994,20.21,47.13578299999548,-912.12378299999,-932.33378299999,-0.019972901332313785,1
2014-02-18,2014-02-19,-1,23.606191,22.9504695,1937.0,45725.191967,44455.0594215,19.37,45.090454499999964,1270.1325454999971,1250.7625454999973,0.027353904744734064,1
2014-02-20,2014-02-21,-1,23.8110885,23.718853499999998,1973.0,46979.2776105,46797.2979555,19.73,46.888344999994814,181.97965500000453,162.24965500000454,0.0034536430369406378,1
2014-02-24,2014-02-25,-1,23.8510685,23.557772999999997,1977.0,47153.5624245,46573.71722099999,19.77,46.86379649999476,579.8452035000056,560.0752035000056,0.011877685899061623,1
2014-02-26,2014-02-27,1,23.289638999999998,23.186401,2049.0,47720.470311,47508.935649,20.490000000000002,47.61466199999837,-211.53466199999488,-232.0246619999949,-0.004862162097059448,1
2014-02-28,2014-03-03,-1,23.114437000000002,23.5227555,2054.0,47477.053598000006,48315.739796999995,20.54,47.89619899999685,-838.6861989999927,-859.2261989999927,-0.0180977152936927,1
2014-03-04,2014-03-05,-1,23.302343,23.6828355,2001.0,46627.988343000005,47389.3538355,20.01,47.00849249999939,-761.365492499998,-781.375492499998,-0.016757649649221926,1
2014-03-06,2014-03-07,-1,23.9270305,23.414701499999996,1916.0,45844.190438000005,44862.568073999995,19.16,45.353635999993614,981.622364000009,962.4623640000091,0.020994205695521,1
2014-03-10,2014-03-11,-1,23.1953965,23.343666,2018.0,46808.310137,47107.517988,20.18,46.95785099999563,-299.2078509999956,-319.38785099999563,-0.00682331513496645,1
2014-03-12,2014-03-13,-1,24.025981,24.684336,1935.0,46490.273235,47764.19016,19.35,47.12692499999294,-1273.9169249999936,-1293.2669249999935,-0.027818010844177253,1
2014-03-14,2014-03-17,-1,24.7486195,23.959974,1826.0,45190.979207000004,43750.912524,18.26,44.47131699999564,1440.0666830000023,1421.8066830000023,0.03146217913286037,1
2014-03-18,2014-03-19,-1,23.606191,22.749368999999998,1974.0,46598.621033999996,44907.25440599999,19.740000000000002,45.7533719999959,1691.366628000002,1671.626628000002,0.03587287758537585,1
2014-03-20,2014-03-21,1,22.7623755,22.784602,2121.0,48278.998435500005,48326.140842,21.21,48.30259349999906,47.14240649999702,25.932406499997022,0.0005371363810424178,1
2014-03-24,2014-03-25,1,21.7398645,21.847071000000003,2222.0,48305.978919,48544.19176200001,22.22,48.42515699999462,238.21284300000835,215.99284300000835,0.004471348015991717,1
2014-03-26,2014-03-27,1,21.002496,21.2583655,2310.0,48515.76576,49106.824305,23.1,48.81145499999576,591.0585449999984,567.9585449999984,0.011706680006033534,1
2014-03-28,2014-03-31,1,21.538763999999997,21.079455,2279.0,49086.843155999995,48040.077945,22.79,48.56321099999701,-1046.7652109999945,-1069.5552109999944,-0.021789040448189023,1
2014-04-01,2014-04-02,-1,21.155417,21.689839499999998,2270.0,48022.79659,49235.935665,22.7,48.62907499999977,-1213.1390749999955,-1235.8390749999955,-0.02573442537199801,1
2014-04-03,2014-04-04,1,21.515752499999998,21.659165,2174.0,46775.24593499999,47087.024710000005,21.740000000000002,46.93122499999779,311.77877500000807,290.03877500000806,0.006200689471586166,1
2014-04-07,2014-04-08,1,21.7038465,22.20889,2169.0,47075.643058500005,48171.08241,21.69,47.62364849999601,1095.4393514999986,1073.7493514999985,0.022809021433136255,1
2014-04-09,2014-04-10,-1,22.3738075,21.957973499999998,2152.0,48148.43374,47253.558972,21.52,47.701231999996935,894.8747680000082,873.3547680000082,0.018138799129294548,1
2014-04-11,2014-04-14,-1,21.624182500000003,21.899944499999997,2267.0,49022.02172750001,49647.17418149999,22.67,49.33445399998956,-625.1524539999846,-647.8224539999845,-0.013214927315749074,1
2014-04-15,2014-04-16,-1,21.4362765,21.252621,2257.0,48381.6760605,47967.16559700001,22.57,48.17453649999521,414.5104635000009,391.94046350000093,0.008101010453004766,1
2014-04-17,2014-04-21,1,21.046518,20.981504,2317.0,48764.782205999996,48614.144768000006,23.17,48.68943799999403,-150.63743799999514,-173.80743799999516,-0.0035642000258664123,1
2014-04-22,2014-04-23,-1,21.249370000000003,21.689839499999998,2287.0,48597.30919000001,49604.6629365,22.87,49.10074649999652,-1007.3537464999895,-1030.2237464999894,-0.02119919319960993,1
2014-04-24,2014-04-25,-1,21.365312000000003,21.868928999999998,2226.0,47559.18451200001,48680.235953999996,22.26,48.11944199999011,-1121.0514419999886,-1143.3114419999886,-0.02403976127285175,1
2014-04-28,2014-04-29,-1,21.4362765,21.7258575,2165.0,46409.538622500004,47036.4814875,21.650000000000002,46.72286499999487,-626.9428649999963,-648.5928649999963,-0.013975421524349076,1
2014-04-30,2014-05-01,-1,21.525232000000003,21.2876385,2126.0,45762.643232,45257.519451,21.26,45.51021899999503,505.1237810000057,483.8637810000057,0.010573335516198044,1
2014-05-02,2014-05-05,1,21.752871,21.807091000000003,2126.0,46246.603746,46361.875466000005,21.26,46.304279999991785,115.27172000000931,94.0117200000093,0.00203283511404101,1
2014-05-06,2014-05-07,1,21.698843999999998,21.2583655,2136.0,46348.73078399999,45407.868708,21.36,45.87807599999374,-940.8620759999948,-962.2220759999948,-0.020760483830382745,1
2014-05-08,2014-05-09,-1,21.222383500000003,21.216603,2139.0,45394.678306500005,45382.313816999995,21.39,45.38851049999418,12.364489500008002,-9.025510499991999,-0.00019882309637823004,1
2014-05-12,2014-05-13,-1,21.375307,21.2256075,2123.0,45379.776761,45061.9647225,21.23,45.22096149999753,317.81203850000117,296.58203850000115,0.006535555255416941,1
2014-05-14,2014-05-15,1,21.4937415,21.092448500000003,2125.0,45674.2006875,44821.453062500004,21.25,45.24762499999247,-852.7476249999903,-873.9976249999903,-0.019135477180647932,1
2014-05-16,2014-05-19,1,20.9214555,20.909540000000003,2141.0,44792.8362255,44767.32514000001,21.41,44.780085499994485,-25.51108549999375,-46.92108549999375,-0.0010475131617872896,1
2014-05-20,2014-05-21,1,20.8854375,20.963513000000003,2143.0,44757.492562499996,44924.808359,21.43,44.841203499991465,167.31579650000896,145.88579650000895,0.0032594720603771974,1
2014-05-22,2014-05-23,1,20.9214555,20.811589,2146.0,44897.443503,44661.669994,21.46,44.77950899999311,-235.7735089999978,-257.2335089999978,-0.005729357596559139,1
2014-05-27,2014-05-28,1,20.046018,19.6865518,2227.0,44642.482086,43841.9508586,22.27,44.24202739999815,-800.5312273999999,-822.8012273999999,-0.018430902336813222,1
2014-05-29,2014-05-30,1,19.867128599999997,20.0789555,2206.0,43826.88569159999,44294.175833,22.06,44.06065859999527,467.29014140000425,445.23014140000424,0.010158835937670528,1
2014-06-02,2014-06-03,1,19.90284645,19.98110445,2224.0,44263.930504799995,44437.9762968,22.240000000000002,44.35100799999287,174.04579200000381,151.8057920000038,0.0034295596949652256,1
2014-06-04,2014-06-05,1,19.929659849999997,20.239875,2229.0,44423.21180564999,45114.681375,22.29,44.76913064999193,691.4695693500106,669.1795693500106,0.015063736775216705,1
2014-06-06,2014-06-09,1,20.2511205,20.1149375,2226.0,45078.994233,44775.850875,22.26,44.927357999998655,-303.1433579999979,-325.40335799999787,-0.007218514155796912,1
2014-06-10,2014-06-11,1,20.573281499999997,20.900544500000002,2176.0,44767.460543999994,45479.58483200001,21.76,45.12371199999325,712.1242880000123,690.3642880000123,0.015421117919375461,1
2014-06-12,2014-06-13,1,21.471730499999996,21.534227500000004,2117.0,45455.65346849999,45587.959617500004,21.17,45.521850999990704,132.30614900001603,111.13614900001603,0.0024449356794976345,1
2014-06-16,2014-06-17,1,21.448718999999997,21.539225000000002,2124.0,45557.07915599999,45749.3139,21.240000000000002,45.65325599999366,192.23474400001032,170.99474400001031,0.003753417628344372,1
2014-06-18,2014-06-19,-1,22.0879505,23.321654999999996,2070.0,45722.057535,48275.825849999994,20.7,46.99831499999199,-2553.768314999989,-2574.4683149999887,-0.056306921730922686,1
2014-06-20,2014-06-23,-1,23.070459000000003,23.477733,1871.0,43164.82878900001,43926.838443,18.71,43.54565399999463,-762.0096539999953,-780.7196539999953,-0.018086939666003065,1
2014-06-24,2014-06-25,-1,22.748620000000003,23.008498499999998,1863.0,42380.67906,42864.8327055,18.63,42.62264549999508,-484.15364549999197,-502.78364549999196,-0.01186351084153657,1
2014-06-26,2014-06-27,-1,23.177405500000003,23.200594499999998,1807.0,41881.5717385,41923.47426149999,18.07,41.902522999991,-41.902522999991,-59.972522999991,-0.0014319549269651867,1
2014-06-30,2014-07-01,-1,23.5971955,23.459723999999998,1772.0,41814.230426,41570.630928,17.72,41.692501999995784,243.59949800000663,225.87949800000663,0.005401976688289239,1
2014-07-02,2014-07-03,-1,23.642173,23.673830999999996,1778.0,42035.783594,42092.071518,17.78,42.06392399999558,-56.287923999994014,-74.06792399999401,-0.0017620207753321418,1
2014-07-07,2014-07-08,-1,23.2573655,23.638813499999998,1804.0,41956.287361999995,42644.41955399999,18.04,42.30019199999704,-688.132191999998,-706.172191999998,-0.016831141085175742,1
2014-07-09,2014-07-10,-1,24.243872000000003,23.7988935,1702.0,41263.070144000005,40505.716736999995,17.02,40.884592999993814,757.3534070000082,740.3334070000083,0.017941791641203384,1
2014-07-11,2014-07-14,-1,24.395796000000004,23.769879,1722.0,42009.560712000006,40931.731638,17.22,41.47092599999554,1077.8290740000082,1060.6090740000081,0.025246849908074517,1
2014-07-15,2014-07-16,-1,23.061463500000002,23.4867375,1867.0,43055.7523545,43849.7389125,18.67,43.45255799999464,-793.9865579999965,-812.6565579999965,-0.018874517655828656,1
2014-07-17,2014-07-18,1,24.130058999999996,24.0169855,1751.0,42251.733308999996,42053.7416105,17.51,42.15269849999392,-197.99169849999154,-215.50169849999153,-0.005100422671987465,1
2014-07-21,2014-07-22,1,24.0410145,23.758115,1748.0,42023.693346,41529.18502,17.48,41.776325999997994,-494.5083259999986,-511.9883259999986,-0.012183325291867329,1
2014-07-23,2014-07-24,1,23.687837999999996,23.2753565,1753.0,41524.78001399999,40801.699944500004,17.53,41.1630694999921,-723.0800694999909,-740.6100694999909,-0.017835376111572314,1
2014-07-25,2014-07-28,1,23.9689785,24.078954500000002,1701.0,40771.2324285,40958.301604500004,17.01,40.86482399999517,187.06917600000543,170.05917600000544,0.00417105801984858,1
2014-07-29,2014-07-30,1,23.941965,23.664162,1710.0,40940.76015,40465.717020000004,17.1,40.703129999995475,-475.04312999999775,-492.14312999999777,-0.012020859607805736,1
2014-07-31,2014-08-01,1,23.1605745,23.382303,1747.0,40461.5236515,40848.883341,17.47,40.655310499993604,387.35968950000193,369.88968950000196,0.009141763733019712,1
2014-08-04,2014-08-05,1,23.1825855,23.2933475,1761.0,40824.5330655,41019.5849475,17.61,40.9221179999986,195.051882000002,177.441882000002,0.0043464522108632424,1
2014-08-06,2014-08-07,1,23.8529205,23.874057,1719.0,41003.1703395,41039.503983,17.19,41.021356499995484,36.333643500001344,19.143643500001343,0.0004668820323281076,1
2014-08-08,2014-08-11,-1,23.900044,24.1030455,1716.0,41012.475504,41360.826078,17.16,41.18657399999506,-348.3505739999986,-365.5105739999986,-0.00891218024535851,1
2014-08-12,2014-08-13,-1,24.476755500000003,24.478233,1661.0,40655.890885500005,40658.345013,16.61,40.657127499993614,-2.454127499994133,-19.064127499994132,-0.00046891427256347213,1
2014-08-14,2014-08-15,-1,24.217885000000003,23.9869875,1678.0,40637.61103000001,40250.165025,16.78,40.443994999996505,387.44600500000183,370.66600500000186,0.009121254808171773,1
2014-08-18,2014-08-19,-1,24.105941,23.855922,1701.0,41004.205641,40578.923322,17.01,40.791680999992494,425.282319000003,408.272319000003,0.00995684010012311,1
2014-08-20,2014-08-21,-1,23.793097500000002,23.289638999999998,1741.0,41423.7827475,40547.26149899999,17.41,40.98575149999438,876.5212485000073,859.1112485000074,0.020739565329819045,1
2014-08-22,2014-08-25,1,23.321654999999996,22.856566,1813.0,42282.160514999996,41438.954158,18.13,41.860356999991396,-843.2063569999917,-861.3363569999917,-0.020371152904885843,1
2014-08-26,2014-08-27,1,23.405696999999996,23.3113385,1769.0,41404.67799299999,41237.757806500005,17.69,41.32118649999461,-166.920186499991,-184.610186499991,-0.004458679440308696,1
2014-08-28,2014-08-29,1,23.656822499999997,23.8110885,1743.0,41233.841617499995,41502.7272555,17.43,41.36836199999561,268.8856380000058,251.45563800000582,0.006098283064008421,1
2014-09-02,2014-09-03,1,23.039513999999997,23.016486,1801.0,41494.16471399999,41452.691286,18.01,41.47342799999369,-41.47342799999369,-59.483427999993694,-0.0014335371831192493,1
2014-09-04,2014-09-05,1,22.217102999999998,22.355816500000003,1864.0,41412.679992,41671.241956000005,18.64,41.542035999993146,258.5619640000094,239.92196400000944,0.005793442106291044,1
2014-09-08,2014-09-09,1,21.636813,21.9360265,1926.0,41672.501838000004,42248.787039,19.26,41.96079899999516,576.2852010000009,557.025201000001,0.013366732891761853,1
2014-09-10,2014-09-11,1,21.546768,21.6681605,1960.0,42231.66528,42469.59458,19.6,42.35069999999652,237.92929999999785,218.32929999999786,0.00516980087222357,1
2014-09-12,2014-09-15,1,21.341665499999998,21.356316500000002,1989.0,42448.572679499994,42477.7135185,19.89,42.463160999994386,29.14083900000833,9.25083900000833,0.0002179305078136563,1
2014-09-16,2014-09-17,1,21.444717,20.945522,1979.0,42439.094943000004,41451.188038,19.79,41.94490499999751,-987.9069050000005,-1007.6969050000005,-0.023744542770137756,1
2014-09-18,2014-09-19,1,20.680335,20.212888500000002,2004.0,41443.39134,40506.628554,20.04,40.974785999989834,-936.7627859999953,-956.8027859999953,-0.02308698094107265,1
2014-09-22,2014-09-23,1,19.8313107,20.0969465,2041.0,40475.705138699996,41017.867806500006,20.41,40.74693219999363,542.1626678000038,521.7526678000038,0.012890514594176667,1
2014-09-24,2014-09-25,1,19.83221115,19.9454223,2068.0,41013.0126582,41247.1333164,20.68,41.13014180000198,234.12065820000305,213.44065820000304,0.005204217987564209,1
2014-09-26,2014-09-29,1,19.6526214,19.42318355,2097.0,41211.5470758,40730.415904350004,20.97,40.97087144999784,-481.1311714500001,-502.10117145000015,-0.012183506979888193,1
2014-09-30,2014-10-01,1,19.062726599999998,19.10614215,2136.0,40717.98401759999,40810.7196324,21.36,40.76438519999485,92.73561480000515,71.37561480000515,0.0017529260478405233,1
2014-10-02,2014-10-03,1,19.3308606,18.427681550000003,2110.0,40788.115866,38882.40807050001,21.1,39.834795499997675,-1905.707795499997,-1926.807795499997,-0.04723944106244284,1
2014-10-06,2014-10-07,1,18.901846199999998,18.231279800000003,2056.0,38862.1957872,37483.51126880001,20.56,38.172518399994715,-1378.6845183999894,-1399.2445183999894,-0.03600528714491365,1
2014-10-08,2014-10-09,1,19.6033968,18.981204650000002,1911.0,37462.0912848,36273.08208615,19.11,36.86729864999673,-1189.0091986499933,-1208.1191986499932,-0.03224911256196153,1
2014-10-10,2014-10-13,1,18.57118095,18.8561672,1952.0,36250.945214399995,36807.2383744,19.52,36.5292399999928,556.2931600000056,536.7731600000056,0.014807149353633482,1
2014-10-14,2014-10-15,1,19.089539999999996,19.14192425,1927.0,36785.54357999999,36886.48802975,19.27,36.836050249995054,100.9444497500056,81.6744497500056,0.002220286607220652,1
2014-10-16,2014-10-17,1,19.10744895,18.490150300000003,1930.0,36877.3764735,35685.990079,19.3,36.2813944999947,-1191.3863944999905,-1210.6863944999905,-0.032830057620014994,1
2014-10-20,2014-10-21,1,18.9376641,18.8249828,1883.0,35659.621500299996,35447.4426124,18.830000000000002,35.55348789999392,-212.17888789999705,-231.00888789999706,-0.006478164326507325,1
2014-10-22,2014-10-23,1,18.258424650000002,18.3562173,1941.0,35439.60224565001,35629.4177793,19.41,35.534566350001185,189.8155336499977,170.4055336499977,0.00480833651768521,1
2014-10-24,2014-10-27,-1,18.2758575,17.969880449999998,1948.0,35601.37041,35005.3271166,19.48,35.30350659999735,596.0432934000054,576.5632934000054,0.016194974709121186,1
2014-10-28,2014-10-29,-1,18.31153965,17.5523718,1976.0,36183.6023484,34683.4866768,19.76,35.43392839999305,1500.1156716000014,1480.3556716000014,0.04091233529890539,1
2014-10-30,2014-10-31,-1,16.24917135,15.264528449999998,2318.0,37665.579189300006,35383.17694709999,23.18,36.524957799996066,2282.4022422000057,2259.222242200006,0.05998108328151776,1
2014-11-03,2014-11-04,1,16.00629915,15.392100100000002,2494.0,39919.7100801,38387.89764940001,24.94,39.15343069999624,-1531.8124306999953,-1556.7524306999953,-0.03899708759348023,1
2014-11-05,2014-11-06,1,14.8532229,15.374209050000001,2583.0,38365.8747507,39711.58197615,25.830000000000002,39.039074549996805,1345.7072254500015,1319.8772254500016,0.034402375392885313,1
2014-11-07,2014-11-10,-1,16.615288200000002,15.6130026,2388.0,39677.308221600004,37283.8502088,23.88,38.4811871999941,2393.4580128000052,2369.578012800005,0.059721239141672065,1
2014-11-11,2014-11-12,-1,16.240275800000003,16.2833376,2589.0,42046.07404620001,42157.5610464,25.89,42.10180019998762,-111.48700019999148,-137.37700019999147,-0.0032672967290368732,1
2014-11-13,2014-11-14,-1,16.025983,16.98939045,2615.0,41907.945545,44427.256026749994,26.150000000000002,43.16698174999704,-2519.3104817499957,-2545.460481749996,-0.0607393287513158,1
2014-11-17,2014-11-18,-1,17.3027443,18.15117105,2275.0,39363.7432825,41293.91413875,22.75,40.32835624999498,-1930.1708562499955,-1952.9208562499955,-0.049612173370671496,1
2014-11-19,2014-11-20,-1,17.133029200000003,17.6059986,2184.0,37418.53577280001,38451.5009424,21.84,37.93476959999171,-1032.9651695999928,-1054.8051695999927,-0.02818937587522448,1
2014-11-21,2014-11-24,-1,17.74022545,17.503347299999998,2050.0,36367.4621725,35881.861965,20.5,36.124792499995095,485.60020750000524,465.10020750000524,0.012788910188286392,1
2014-11-25,2014-11-26,-1,18.21338875,17.9723817,2022.0,36827.4720525,36340.1557974,20.22,36.583944899999544,487.31625510000066,467.0962551000007,0.012683364593532894,1
2014-11-28,2014-12-01,-1,16.383104350000004,17.623907550000002,2276.0,37287.945500600006,40112.013583800006,22.76,38.69928319999494,-2824.0680831999966,-2846.828083199997,-0.07634714235339644,1
2014-12-02,2014-12-03,1,17.16807975,17.4946483,2006.0,34439.1679785,35094.2644898,20.06,34.76688869999359,655.0965113000021,635.0365113000022,0.018439368561297666,1
2014-12-04,2014-12-05,1,17.176984199999996,16.74912125,2042.0,35075.401736399996,34201.7055925,20.42,34.638343899992584,-873.6961438999886,-894.1161438999885,-0.025491258820625477,1
2014-12-08,2014-12-09,-1,16.86066545,17.6596254,2028.0,34193.4295326,35813.7203112,20.28,35.00317859999937,-1620.2907786000007,-1640.5707786000007,-0.04797912350487924,1
2014-12-10,2014-12-11,-1,17.1598158,16.980385950000002,1897.0,32552.1705726,32211.792147150005,18.97,32.38207454999727,340.37842544999666,321.4084254499967,0.00987364036856376,1
2014-12-12,2014-12-15,-1,16.633079300000002,15.5147535,1976.0,32866.9646968,30657.152916,19.76,31.762619199997005,2209.811780800005,2190.051780800005,0.06663383129544764,1
2014-12-16,2014-12-17,1,15.282337349999999,16.052669650000002,2294.0,35057.681880899996,36824.8241771,22.94,35.94170379999556,1767.1422962000076,1744.2022962000076,0.0497523567623642,1
2014-12-18,2014-12-19,-1,16.74012575,16.59599385,2199.0,36811.536524250005,36494.59047615,21.990000000000002,36.653151899993084,316.9460481000031,294.9560481000031,0.008012598113249024,1
2014-12-22,2014-12-23,-1,15.681955100000001,15.553772999999998,2366.0,37103.50576660001,36800.22691799999,23.66,36.95195139999282,303.2788486000086,279.61884860000856,0.007536184056540476,1
2014-12-24,2014-12-26,-1,15.96951125,16.408300049999998,2341.0,37384.62583625,38411.83041705,23.41,37.897980799996105,-1027.2045807999943,-1050.6145807999944,-0.028102851300474057,1
2014-12-29,2014-12-30,-1,16.027982,16.597294499999997,2267.0,36335.435194000005,37626.06663149999,22.67,36.98043749999536,-1290.6314374999893,-1313.3014374999893,-0.03614382022640125,1
2014-12-31,2015-01-02,-1,16.53123025,16.9930923,2118.0,35013.1456695,35991.3694914,21.18,35.50202190000112,-978.2238219000012,-999.4038219000012,-0.02854367417694158,1
2015-01-05,2015-01-06,-1,17.47036045,18.41890485,1947.0,34014.79179615,35861.60774295,19.47,34.93774679999519,-1846.8159467999988,-1866.2859467999988,-0.054866893144153724,1
2015-01-07,2015-01-08,-1,18.054468250000003,17.8117014,1781.0,32155.007953250006,31722.640193400002,17.81,31.938940149995567,432.3677598500043,414.5577598500043,0.012892478846614736,1
2015-01-09,2015-01-12,-1,18.6116895,19.3184544,1750.0,32570.456625000003,33807.2952,17.5,33.18857499999428,-1236.8385749999993,-1254.3385749999993,-0.0385115440487012,1
2015-01-13,2015-01-14,-1,18.476856950000002,18.261526200000002,1694.0,31299.795673300003,30935.025382800002,16.94,31.11750949999869,364.7702904999995,347.8302904999995,0.01111286137873139,1
2015-01-15,2015-01-16,1,19.2870387,19.9372264,1641.0,31650.0305067,32716.9885224,16.41,32.183784299997676,1066.9580157,1050.5480157,0.033192638328661615,1
2015-01-20,2015-01-21,-1,20.633678,20.294141999999997,1585.0,32704.37963,32166.215069999995,15.85,32.43543999999513,538.1645600000039,522.3145600000039,0.015970783299031927,1
2015-01-22,2015-01-23,-1,20.1489205,19.58388705,1649.0,33225.5699045,32293.829745450003,16.490000000000002,32.75994094999952,931.7401590499965,915.2501590499965,0.027546560124647762,1
2015-01-26,2015-01-27,-1,19.914737650000003,20.573281499999997,1714.0,34133.860332100005,35262.60449099999,17.14,34.69795889999383,-1128.7441588999893,-1145.8841588999894,-0.03357030666181002,1
2015-01-28,2015-01-29,-1,19.73982515,19.439915099999997,1672.0,33004.9876508,32503.538047199996,16.72,32.75439639999456,501.4496036000079,484.72960360000786,0.014686556126866437,1
2015-01-30,2015-02-02,-1,20.013988,20.195092499999998,1673.0,33483.401924000005,33786.3897525,16.73,33.634828499997724,-302.98782849999407,-319.7178284999941,-0.009548546746405385,1
2015-02-03,2015-02-04,-1,19.6631635,20.052021,1687.0,33171.7568245,33827.759427,16.87,33.49960249999489,-656.0026025000005,-672.8726025000005,-0.02028450305059002,1
2015-02-05,2015-02-06,-1,20.2828535,19.19249145,1602.0,32493.131307000003,30746.3713029,16.02,31.62019589999378,1746.7600041000048,1730.7400041000049,0.05326479580400277,1
2015-02-09,2015-02-10,-1,19.496946649999998,19.13406225,1755.0,34217.141370749996,33580.27924875,17.55,33.898877999997836,636.8621219999976,619.3121219999977,0.018099469949567654,1
2015-02-11,2015-02-12,-1,18.773408600000003,19.017103799999997,1856.0,34843.44636160001,35295.74465279999,18.56,35.06949119999217,-452.2982911999891,-470.8582911999891,-0.013513539571071502,1
2015-02-13,2015-02-17,-1,19.09694675,18.50434755,1800.0,34374.50415,33307.82559,18.0,33.841439999995515,1066.678560000004,1048.678560000004,0.030507452716230784,1
2015-02-18,2015-02-19,1,18.90914985,18.46786145,1873.0,35416.83766905,34590.30449585,18.73,35.003373199997185,-826.5331731999956,-845.2631731999957,-0.023866139069176485,1
2015-02-20,2015-02-23,-1,18.3870019,18.48633855,1880.0,34567.563572,34754.316474,18.8,34.660901999996554,-186.75290199999608,-205.5529019999961,-0.005946409892958021,1
2015-02-24,2015-02-25,1,18.360475649999998,18.69254905,1872.0,34370.8104168,34992.4518216,18.72,34.68179519999575,621.6414048000042,602.9214048000042,0.017541669733376557,1
2015-02-26,2015-02-27,1,18.8642274,19.114937750000003,1854.0,34974.2775996,35439.094588500004,18.54,35.20681109999665,464.8169889000039,446.27698890000386,0.012760148873099467,1
2015-03-02,2015-03-03,-1,18.6476715,18.33346215,1899.0,35411.928178500006,34815.24462285,18.990000000000002,35.113744349993986,596.6835556500043,577.6935556500043,0.016313530083367365,1
2015-03-04,2015-03-05,1,18.027609299999998,18.054468250000003,1997.0,36001.135772099995,36054.773095250006,19.97,36.02797684999446,53.63732315000941,33.66732315000941,0.0009351739168212789,1
2015-03-06,2015-03-09,1,16.7141529,16.113339300000003,2156.0,36035.713652399994,34740.35953080001,21.56,35.38772159999216,-1295.3541215999894,-1316.9141215999894,-0.036544693808562394,1
2015-03-10,2015-03-11,1,15.8955438,16.365013400000002,2184.0,34715.8676592,35741.189265600005,21.84,35.22879359999561,1025.321606400004,1003.4816064000039,0.028905560311815303,1
2015-03-12,2015-03-13,1,16.264428149999997,16.25716735,2196.0,35716.68421739999,35700.7395006,21.96,35.708716799995045,-15.944716799994296,-37.9047167999943,-0.0010612607981546163,1
2015-03-16,2015-03-17,1,16.29144165,16.1149385,2190.0,35678.2572135,35291.715315,21.900000000000002,35.48489849999793,-386.5418984999967,-408.4418984999967,-0.011447921798866613,1
2015-03-18,2015-03-19,1,16.939065299999996,16.800795400000002,2082.0,35267.133954599994,34979.25602280001,20.82,35.123131799991896,-287.87793179998715,-308.69793179998715,-0.008753133503770947,1
2015-03-20,2015-03-23,1,17.388890099999998,17.7489211,2010.0,34951.66910099999,35675.331411,20.1,35.31368999999632,723.6623100000057,703.5623100000057,0.02012957687276446,1
2015-03-24,2015-03-25,-1,17.65007055,17.43381255,2021.0,35670.79258155,35233.735163549994,20.21,35.45238199999765,437.0574179999997,416.8474179999997,0.011685958954991253,1
2015-03-26,2015-03-27,1,17.159275349999998,16.9221347,2103.0,36085.95606105,35587.2492741,21.03,35.83648694998924,-498.70678694999384,-519.7367869499939,-0.014402743994663918,1
2015-03-30,2015-03-31,1,16.60619895,16.3830044,2141.0,35553.87195195,35076.0124204,21.41,35.3148315500019,-477.85953154999737,-499.2695315499974,-0.0140426205119022,1
2015-04-01,2015-04-02,1,17.28093615,17.079456,2029.0,35063.019448349994,34654.216224,20.29,34.85852434999585,-408.8032243499966,-429.0932243499966,-0.012237771620954595,1
2015-04-06,2015-04-07,-1,17.69504805,17.28093615,1957.0,34629.20903385,33818.79204555,19.57,34.224211699995664,810.4169883000035,790.8469883000034,0.022837570085038665,1
2015-04-08,2015-04-09,-1,17.1468223,17.02901025,2066.0,35425.3348718,35181.935176499996,20.66,35.30370470000107,243.39969530000263,222.73969530000264,0.006287581927060694,1
2015-04-10,2015-04-13,-1,17.49734695,17.325958649999997,2037.0,35642.095737150004,35292.97777004999,20.37,35.467632899993276,349.1179671000078,328.74796710000777,0.009223586893554956,1
2015-04-14,2015-04-15,1,17.478835049999997,17.9556177,2058.0,35971.44253289999,36952.6612266,20.580000000000002,36.462306299996044,981.2186937000084,960.6386937000084,0.02670559271626081,1
2015-04-16,2015-04-17,-1,17.7399256,17.7486699,2082.0,36934.5250992,36952.7307318,20.82,36.94363260000079,-18.20563260000008,-39.02563260000008,-0.001056616607230869,1
2015-04-20,2015-04-21,-1,17.820885099999998,17.955573299999998,2070.0,36889.232157,37168.03673099999,20.7,37.028573999995906,-278.8045739999987,-299.5045739999987,-0.008119024346327185,1
2015-04-22,2015-04-23,-1,17.366912199999998,17.7666789,2107.0,36592.08400539999,37434.3924423,21.07,37.01303689999939,-842.3084369000014,-863.3784369000015,-0.023594677930138943,1
2015-04-24,2015-04-27,-1,17.4074919,17.7890901,2053.0,35737.5808707,36521.0019753,20.53,36.129104599996595,-783.4211045999982,-803.9511045999982,-0.022495957616961413,1
2015-04-28,2015-04-29,-1,18.44987045,18.6483195,1893.0,34925.604761849994,35301.2688135,18.93,35.11335165000139,-375.6640516500013,-394.5940516500013,-0.011298130822376627,1
2015-04-30,2015-05-01,-1,18.09944575,18.2165037,1908.0,34533.742491000005,34757.0890596,19.080000000000002,34.645368599998264,-223.3465685999991,-242.42656859999911,-0.007019991206084281,1
2015-05-04,2015-05-05,-1,18.34652215,18.1804857,1869.0,34289.64989835,33979.3277733,18.69,34.134574950000655,310.32212505,291.63212505,0.00850496070722592,1
2015-05-06,2015-05-07,-1,17.713039050000003,17.8387149,1952.0,34575.85222560001,34821.1714848,19.52,34.698459199999206,-245.31925919999378,-264.83925919999376,-0.007659659622327585,1
2015-05-08,2015-05-11,-1,17.951119950000002,18.014102549999997,1912.0,34322.54134440001,34442.96407559999,19.12,34.38273119999292,-120.42273119998939,-139.5427311999894,-0.004065629342529932,1
2015-05-12,2015-05-13,-1,18.22978055,18.69324195,1875.0,34180.83853125,35049.82865625,18.75,34.6151249999993,-868.9901249999998,-887.7401249999998,-0.02597186503158426,1
2015-05-14,2015-05-15,-1,18.71054005,18.66122595,1779.0,33286.050748949994,33198.32096505,17.79,33.242216099995915,87.72978390000024,69.93978390000024,0.0021011739850876265,1
2015-05-18,2015-05-19,-1,18.6476715,17.9917914,1789.0,33360.6843135,32187.314814600002,17.89,32.77430109999652,1173.3694989000016,1155.4794989000015,0.03463596513913283,1
2015-05-20,2015-05-21,-1,18.045472750000002,17.933162099999997,1913.0,34520.98937075,34306.139097299994,19.13,34.41362654999429,214.85027345000927,195.72027345000927,0.005669602088978514,1
2015-05-22,2015-05-26,-1,17.8298806,17.307949649999998,1947.0,34714.7775282,33698.577968549995,19.47,34.20694034999757,1016.199559650003,996.729559650003,0.028711967370101264,1
2015-05-27,2015-05-28,1,17.4833373,17.587202,2042.0,35700.9747666,35913.066484,20.42,35.807082599997344,212.09171740000528,191.67171740000526,0.005368809077429547,1
2015-05-29,2015-06-01,1,17.604798,17.5242335,2039.0,35896.183121999995,35731.9121065,20.39,35.8140154999977,-164.27101549999531,-184.6610154999953,-0.005144307818811537,1
2015-06-02,2015-06-03,1,17.78919015,17.438876200000003,2008.0,35720.6938212,35017.263409600004,20.080000000000002,35.3688115999953,-703.4304115999935,-723.5104115999935,-0.02025465729253542,1
2015-06-04,2015-06-05,1,17.1729822,16.9221347,2038.0,34998.5377236,34487.3105186,20.38,34.742804999993425,-511.227204999998,-531.607204999998,-0.015189411889100952,1
2015-06-08,2015-06-09,1,17.10104625,16.86366395,2015.0,34458.60819375,33980.28285925,20.150000000000002,34.21933449999733,-478.32533450000034,-498.4753345000003,-0.014465916083935517,1
2015-06-10,2015-06-11,1,17.065028249999997,16.83227965,1990.0,33959.40621749999,33496.236503500004,19.900000000000002,33.727713999991344,-463.1697139999944,-483.0697139999944,-0.014224916387114522,1
2015-06-12,2015-06-15,1,16.705748699999997,16.6974471,2004.0,33478.320394799994,33461.6839884,20.04,33.47000639999507,-16.636406399991586,-36.676406399991585,-0.0010955270744612484,1
2015-06-16,2015-06-17,1,16.49834505,16.9401257,2027.0,33442.14541635,34337.6347939,20.27,33.89012244999779,895.4893775499966,875.2193775499966,0.02617114920868977,1
2015-06-18,2015-06-19,1,17.1729822,16.7694111,1998.0,34311.6184356,33505.2833778,19.98,33.90825779999848,-806.3350578000012,-826.3150578000012,-0.024082660494459757,1
2015-06-22,2015-06-23,1,16.4938428,16.5087415,2031.0,33498.994726799996,33529.2539865,20.31,33.51414029999604,30.259259699999635,9.949259699999637,0.0002970017393399567,1
2015-06-24,2015-06-25,-1,16.517737,16.358875349999998,2028.0,33497.970636,33175.799209799996,20.28,33.33697379999559,322.1714262000044,301.8914262000044,0.009012230307335816,1
2015-06-26,2015-06-29,1,16.286939399999998,16.0953483,2076.0,33811.6861944,33413.9430708,20.76,33.612723599993345,-397.7431235999929,-418.5031235999929,-0.0123774697657435,1
2015-06-30,2015-07-01,1,15.971981999999999,15.538227000000001,2090.0,33381.44238,32474.89443,20.900000000000002,32.92794999999343,-906.5479499999956,-927.4479499999956,-0.027783339600557892,1
2015-07-02,2015-07-06,1,15.850621349999999,16.032479750000004,2048.0,32462.072524799998,32834.51852800001,20.48,32.64839679999204,372.4460032000097,351.9660032000097,0.010842376220160274,1
2015-07-07,2015-07-08,-1,15.2685619,15.166879649999998,2149.0,32812.1395231,32593.624367849996,21.490000000000002,32.70294474999553,218.51515525000303,197.02515525000302,0.006004642126774324,1
2015-07-09,2015-07-10,1,15.22991115,15.061865300000001,2167.0,33003.21746205,32639.0621051,21.67,32.821056949995466,-364.155356949997,-385.825356949997,-0.011690537669354599,1
2015-07-13,2015-07-14,1,15.103948199999998,15.007992250000001,2160.0,32624.528111999996,32417.263260000003,21.6,32.52085199999385,-207.2648519999933,-228.8648519999933,-0.007015116087328538,1
2015-07-15,2015-07-16,1,14.672132399999999,14.513739500000002,2208.0,32396.0683392,32046.336816000003,22.080000000000002,32.22112319999661,-349.731523199994,-371.811523199994,-0.011477057009109138,1
2015-07-17,2015-07-20,1,13.8805368,12.383805,2307.0,32022.398397599998,28569.438135,23.07,30.295062600000065,-3452.9602625999983,-3476.0302625999984,-0.10854996616557361,1
2015-07-21,2015-07-22,1,12.7065501,12.653470100000002,2247.0,28551.6180747,28432.347314700004,22.47,28.491959999995068,-119.27075999999505,-141.74075999999505,-0.004964368731367753,1
2015-07-23,2015-07-24,1,12.234314099999999,12.653470100000002,2322.0,28408.077340199998,29381.357572200002,23.22,28.894967999996673,973.2802320000064,950.0602320000064,0.03344331334439115,1
2015-07-27,2015-07-28,1,12.20559975,12.31194095,2405.0,29354.46739875,29610.21798475,24.05,29.48241399999496,255.75058600000247,231.70058600000246,0.007893196727182621,1
2015-07-29,2015-07-30,1,12.558175949999999,12.1151394,2356.0,29587.062538199996,28543.2684264,23.56,29.064911799997127,-1043.7941117999967,-1067.3541117999966,-0.03607502807762449,1
2015-07-31,2015-08-03,1,12.378186,11.934529750000001,2304.0,28519.340544,27497.156544,23.04,28.007999999996628,-1022.1839999999961,-1045.223999999996,-0.03664965528874734,1
2015-08-04,2015-08-05,1,11.95547475,11.759217450000001,2298.0,27473.6809755,27022.6817001,22.98,27.248075399997866,-450.99927539999817,-473.9792753999982,-0.017252121250977442,1
2015-08-06,2015-08-07,1,12.0364152,12.05127135,2243.0,26997.679293600002,27031.001638050002,22.43,27.014355549998932,33.3223444499999,10.892344449999904,0.0004034548426013051,1
2015-08-10,2015-08-11,1,12.8370153,13.048872300000001,2104.0,27009.0801912,27454.8273192,21.04,27.23207199999611,445.7471280000041,424.7071280000041,0.015724605391722324,1
2015-08-12,2015-08-13,-1,13.920536250000001,13.18789065,1971.0,27437.376948750003,25993.33247115,19.71,26.71572239999709,1444.044477600003,1424.3344776000029,0.05191219555209314,1
2015-08-14,2015-08-17,-1,12.9948993,13.511652449999998,2221.0,28861.6713453,30009.380091449995,22.21,29.43524614999739,-1147.708746149995,-1169.918746149995,-0.040535377600040175,1
2015-08-18,2015-08-19,1,13.2868401,13.650971100000001,2084.0,27689.7747684,28448.623772400002,20.84,28.069395999993887,758.8490040000046,738.0090040000046,0.026652762984631855,1
2015-08-20,2015-08-21,1,14.2179054,13.8216857,1999.0,28421.5928946,27629.5497143,19.990000000000002,28.025380299997273,-792.0431802999992,-812.0331802999992,-0.028570994712062134,1
2015-08-24,2015-08-25,-1,12.720436600000001,12.324259049999998,2171.0,27616.067858600003,26755.966397549997,21.71,27.186238949997268,860.1014610500058,838.3914610500058,0.03035882824965321,1
2015-08-26,2015-08-27,1,11.73956685,12.388302750000001,2424.0,28456.7100444,30029.245866,24.240000000000002,29.24337839999548,1572.5358216000047,1548.2958216000047,0.05440881321784048,1
2015-08-28,2015-08-31,1,12.814504049999998,12.671361150000001,2341.0,29998.753981049995,29663.656452150004,23.41,29.831128899994027,-335.0975288999937,-358.5075288999937,-0.011950747325254257,1
2015-09-01,2015-09-02,-1,12.302945450000001,12.25682535,2410.0,29650.0985345,29538.9490935,24.1,29.59455899999842,111.14944100000321,87.04944100000321,0.0029358904456494466,1
2015-09-03,2015-09-04,-1,12.0243848,12.063328649999999,2473.0,29736.3036104,29832.611751449997,24.73,29.78444104999882,-96.30814104999753,-121.03814104999753,-0.0040703828773010495,1
2015-09-08,2015-09-09,1,12.184789349999999,11.817688200000001,2430.0,29609.038120499998,28716.982326,24.3,29.16279449999923,-892.0557944999954,-916.3557944999953,-0.030948516151409554,1
2015-09-10,2015-09-11,1,11.8115028,11.86256575,2429.0,28690.140301199997,28814.17220675,24.29,28.7521944499968,124.03190555000093,99.74190555000092,0.003476522056109607,1
2015-09-14,2015-09-15,1,11.76197805,11.795099500000001,2448.0,28793.3222664,28874.403576,24.48,28.833890399997415,81.08130960000298,56.60130960000298,0.0019657790468331315,1
2015-09-16,2015-09-17,-1,12.46466455,12.8370153,2315.0,28855.69843325,29717.6904195,23.150000000000002,29.286486249997274,-861.9919862499976,-885.1419862499976,-0.030674772551339855,1
2015-09-18,2015-09-21,-1,13.0106914,12.598596149999999,2149.0,27959.9758186,27074.383126349996,21.490000000000002,27.517407749997922,885.5926922500041,864.1026922500041,0.03090498710929397,1
2015-09-22,2015-09-23,-1,12.01089155,11.928461249999998,2400.0,28826.13972,28628.306999999993,24.0,28.727279999995403,197.83272000000522,173.83272000000522,0.006030384980039403,1
2015-09-24,2015-09-25,1,12.77848605,12.5725106,2270.0,29007.1633335,28539.599061999998,22.7,28.773271499999318,-467.56427150000087,-490.26427150000086,-0.01690148967216663,1
2015-09-28,2015-09-29,1,11.9957949,12.042375800000002,2377.0,28514.0044773,28624.727276600006,23.77,28.56940069999539,110.72279930000511,86.95279930000511,0.003049476946292417,1
2015-09-30,2015-10-01,-1,12.32993195,12.063328649999999,2320.0,28605.442124,27986.922467999997,23.2,28.29634399999705,618.5196560000038,595.3196560000038,0.02081141250743088,1
2015-10-02,2015-10-05,1,13.0349142,13.5969981,2240.0,29198.207808,30457.275744000002,22.400000000000002,29.82806399999788,1259.0679360000024,1236.6679360000023,0.0423542411963096,1
2015-10-06,2015-10-07,-1,14.0823553,14.042417699999998,2161.0,30431.9698033,30345.664649699997,21.61,30.38884639999671,86.30515360000388,64.69515360000388,0.002125894380750484,1
2015-10-08,2015-10-09,-1,13.8576677,14.62720995,2201.0,30500.726607700002,32194.48909995,22.01,31.347192249997338,-1693.7624922499974,-1715.7724922499974,-0.056253495673012764,1
2015-10-12,2015-10-13,-1,14.19020135,14.276334599999998,2028.0,28777.728337800003,28952.406568799997,20.28,28.865030999996797,-174.6782309999956,-194.9582309999956,-0.006774621982372211,1
2015-10-14,2015-10-15,-1,15.174209100000002,15.19389315,1884.0,28588.209944400005,28625.294694599997,18.84,28.60675019999708,-37.084750199994055,-55.92475019999405,-0.0019562172765891857,1
2015-10-16,2015-10-19,-1,14.7204361,14.141367149999999,1938.0,28528.2051618,27405.9695367,19.38,27.96737489999785,1122.2356251000033,1102.8556251000032,0.03865843009909208,1
2015-10-20,2015-10-21,-1,14.679956350000001,14.260826849999999,2019.0,29638.831870650003,28792.60941015,20.19,29.21593949999607,846.2224605000043,826.0324605000043,0.027869939817634543,1
2015-10-22,2015-10-23,1,14.492242499999998,14.86866195,2102.0,30462.693734999997,31253.9274189,21.02,30.858516099995363,791.2336839000042,770.2136839000042,0.025283833747606833,1
2015-10-26,2015-10-27,-1,14.38790245,14.438215499999998,2170.0,31221.7483165,31330.927634999996,21.7,31.276318499995988,-109.1793184999956,-130.8793184999956,-0.004191927920667683,1
2015-10-28,2015-10-29,-1,14.275258800000001,13.619606399999999,2178.0,31091.513666400002,29663.502739199997,21.78,30.377872799995778,1428.010927200006,1406.2309272000061,0.045228770213258954,1
2015-10-30,2015-11-02,1,13.475734499999998,13.50714305,2412.0,32503.471613999995,32579.229036599998,24.12,32.54137739999589,75.7574226000045,51.6374226000045,0.0015886740719032323,1
2015-11-03,2015-11-04,1,13.430711999999998,13.12973185,2424.0,32556.045887999997,31826.470004400002,24.240000000000002,32.19108359999554,-729.5758835999935,-753.8158835999935,-0.023154405365850846,1
2015-11-05,2015-11-06,1,12.684038849999999,12.105244350000001,2507.0,31798.885396949998,30347.847585450003,25.07,31.073011499993534,-1451.037811499993,-1476.107811499993,-0.04642011168232879,1
2015-11-09,2015-11-10,1,12.4412175,12.118637650000002,2438.0,30331.688265,29545.238590700006,24.38,29.938274299996976,-786.4496742999964,-810.8296742999964,-0.026732098365774774,1
2015-11-11,2015-11-12,1,12.28824105,12.105244350000001,2402.0,29516.3550021,29076.7969287,24.02,29.296473399996945,-439.55807339999654,-463.5780733999965,-0.015705803557621335,1
2015-11-13,2015-11-16,1,12.2437188,12.343525150000001,2373.0,29054.3447124,29291.185180950004,23.73,29.172831449996153,236.84046855000352,213.11046855000353,0.007334891585390011,1
2015-11-17,2015-11-18,1,11.7844893,12.1097421,2483.0,29260.8869319,30068.4896343,24.830000000000002,29.664897599999563,807.6027023999986,782.7727023999986,0.026751502926817494,1
2015-11-19,2015-11-20,1,12.54917145,12.055769100000001,2394.0,30042.7164513,28861.5112254,23.94,29.451825899997118,-1181.2052258999963,-1205.1452258999964,-0.040114389384647266,1
2015-11-23,2015-11-24,1,11.986890449999999,12.44667355,2406.0,28840.458422699998,29946.6965613,24.060000000000002,29.393861399996467,1106.2381386000025,1082.1781386000025,0.03752291738012848,1
2015-11-25,2015-11-27,-1,12.32993195,12.108351149999999,2427.0,29924.74484265,29386.96824105,24.27,29.655998399997003,537.7766016000041,513.5066016000042,0.017159932500681943,1
2015-11-30,2015-12-01,1,12.364679249999998,12.734329650000001,2462.0,30441.840313499997,31351.919598300003,24.62,30.897115199995202,910.0792848000073,885.4592848000073,0.029086917074699126,1
2015-12-02,2015-12-03,-1,12.38490445,12.67063215,2529.0,31321.423354050003,32044.02870735,25.29,31.682553299994744,-722.6053532999973,-747.8953532999973,-0.023878076830863147,1
2015-12-04,2015-12-07,-1,13.3139397,12.765079349999999,2296.0,30568.805551200003,29308.622187599998,22.96,29.93903639999914,1260.183363600004,1237.223363600004,0.040473395714718585,1
2015-12-08,2015-12-09,-1,12.662465599999999,12.8460198,2512.0,31808.113587199998,32269.2017376,25.12,32.038550399999565,-461.08815040000366,-486.20815040000366,-0.015285664428577123,1
2015-12-10,2015-12-11,-1,12.7702117,12.92696025,2453.0,31325.329300100002,31709.83349325,24.53,31.517493149998266,-384.50419314999914,-409.03419314999917,-0.013057618300877476,1
2015-12-14,2015-12-15,1,12.2253096,12.2408765,2529.0,30917.807978399997,30957.1766685,25.29,30.937509899994375,39.3686901000035,14.078690100003499,0.0004553586111227305,1
2015-12-16,2015-12-17,1,12.74707035,11.9794073,2427.0,30937.139739449998,29074.0215171,24.27,30.005122349998487,-1863.1182223499986,-1887.3882223499986,-0.06100719841088815,1
2015-12-18,2015-12-21,1,12.270232049999999,12.4809564,2367.0,29043.639262349996,29542.4237988,23.67,29.293163549998066,498.78453645000315,475.11453645000313,0.016358643355893286,1
2015-12-22,2015-12-23,-1,12.399397200000001,12.674934299999999,2381.0,29522.964733200002,30179.018568299998,23.81,29.85083509999437,-656.0538350999941,-679.863835099994,-0.023028304956631076,1
2015-12-24,2015-12-28,1,12.919856699999999,12.521736,2232.0,28837.120154399996,27948.514752000003,22.32,28.392602399998083,-888.6054023999956,-910.9254023999956,-0.031588639833752805,1
2015-12-29,2015-12-30,-1,12.64417475,12.384589199999999,2209.0,27930.98202275,27357.557542799997,22.09,27.644420049998672,573.4244799500013,551.3344799500013,0.01973917277598529,1
2015-12-31,2016-01-04,-1,12.4185876,12.792893249999999,2293.0,28475.821366800003,29334.104222249996,22.93,28.904755449994454,-858.2828554499963,-881.2128554499963,-0.03094600307042955,1
2016-01-05,2016-01-06,1,12.72025695,12.9251342,2170.0,27602.9575815,28047.541214,21.7,27.82536749999565,444.58363250000195,422.88363250000197,0.015320229046159395,1
2016-01-07,2016-01-08,-1,13.4870531,13.1603769,2078.0,28026.096341800003,27347.2631982,20.78,27.686856399996763,678.8331436000029,658.053143600003,0.023480014325738912,1
2016-01-11,2016-01-12,-1,12.616988350000002,12.3573756,2273.0,28678.414519550002,28088.3147388,22.73,28.38351924999484,590.0997807500052,567.3697807500051,0.01978386149496621,1
2016-01-13,2016-01-14,1,12.33926655,11.900846600000001,2370.0,29244.0617235,28205.006442,23.7,28.724281499997346,-1039.055281499996,-1062.755281499996,-0.036340891752597596,1
2016-01-15,2016-01-19,1,11.86843125,11.32983225,2375.0,28187.52421875,26908.35159375,23.75,27.547624999996636,-1279.172624999999,-1302.922624999999,-0.04622337935352657,1
2016-01-20,2016-01-21,1,11.68594005,11.69245085,2300.0,26877.662115,26892.636955,23.0,26.885159999998365,14.974840000002132,-8.025159999997868,-0.0002985810285753668,1
2016-01-22,2016-01-25,1,11.7948945,12.1093423,2278.0,26868.769671,27585.0817594,22.78,27.22711159999917,716.3120883999999,693.5320883999999,0.025811829007881332,1
2016-01-26,2016-01-27,-1,12.65317025,12.87453405,2179.0,27571.257974750002,28053.60969495,21.79,27.812320199996353,-482.3517201999976,-504.1417201999976,-0.018285045994698355,1
2016-01-28,2016-01-29,-1,12.576008850000001,12.883538549999999,2152.0,27063.571045200002,27725.374959599998,21.52,27.394314399995125,-661.803914399996,-683.3239143999959,-0.025248845145333855,1
2016-02-01,2016-02-02,-1,13.255968700000002,12.9742839,1990.0,26379.377713000005,25818.824961,19.900000000000002,26.09924799999579,560.552752000005,540.652752000005,0.020495280740969346,1
2016-02-03,2016-02-04,-1,13.9040445,14.639315999999999,1936.0,26918.230152,28341.715775999997,19.36,27.629623999999126,-1423.4856239999992,-1442.8456239999991,-0.05360105831076702,1
2016-02-05,2016-02-08,-1,15.4448737,15.84141675,1649.0,25468.5967313,26122.49622075,16.490000000000002,25.795389449999256,-653.89948945,-670.38948945,-0.02632219970824365,1
2016-02-09,2016-02-10,-1,15.1953985,15.560176199999999,1632.0,24798.890352,25394.207558399998,16.32,25.096406399997363,-595.3172063999991,-611.6372063999992,-0.024663894138742034,1
2016-02-11,2016-02-12,-1,16.6594661,17.09344245,1452.0,24189.5447772,24819.6784374,14.52,24.504460200000622,-630.1336602000026,-644.6536602000026,-0.02665009474703405,1
2016-02-16,2016-02-17,-1,15.626183000000001,16.1498709,1507.0,23548.657781,24337.8554463,15.07,23.94306529999876,-789.1976652999981,-804.2676652999982,-0.034153439774767695,1
2016-02-18,2016-02-19,-1,17.12173485,16.66702935,1328.0,22737.6638808,22133.8149768,13.280000000000001,22.43589599999916,603.848903999999,590.5689039999991,0.025973156569469906,1
2016-02-22,2016-02-23,-1,16.80449355,17.138865149999997,1389.0,23341.44154095,23805.883693349995,13.89,23.57355239999719,-464.44215239999613,-478.3321523999961,-0.020492828241169887,1
2016-02-24,2016-02-25,-1,17.29844645,17.57888505,1321.0,22851.24776045,23221.70715105,13.21,23.036390599997908,-370.4593906000001,-383.6693906000001,-0.0167898661211857,1
2016-02-26,2016-02-29,-1,16.9357279,17.57428275,1327.0,22473.7109233,23321.073209249997,13.27,22.897185949995933,-847.362285949998,-860.6322859499979,-0.038295067907887115,1
2016-03-01,2016-03-02,-1,16.83167995,17.29534335,1284.0,21611.877055800003,22207.2208614,12.84,21.90940559999723,-595.3438055999974,-608.1838055999974,-0.028141183851348,1
2016-03-03,2016-03-04,-1,17.9578166,17.8961436,1170.0,21010.645422,20938.488011999998,11.700000000000001,20.974589999996134,72.15741000000295,60.45741000000295,0.0028774656268625953,1
2016-03-07,2016-03-08,-1,18.499445650000002,17.6106009,1139.0,21070.868595350003,20058.4744251,11.39,20.56492974999971,1012.3941702500006,1001.0041702500006,0.047506545148827226,1
2016-03-09,2016-03-10,-1,17.68365375,18.5088498,1248.0,22069.19988,23099.0445504,12.48,22.583870399996158,-1029.8446703999984,-1042.3246703999985,-0.04722983506731457,1
2016-03-11,2016-03-14,-1,18.10044525,17.338464899999998,1161.0,21014.61693525,20129.957748899997,11.61,20.5725136500001,884.6591863500021,873.0491863500021,0.04154485371015952,1
2016-03-15,2016-03-16,1,17.7240576,18.89824615,1235.0,21889.211135999998,23339.33399525,12.35,22.6146407499985,1450.1228592500004,1437.7728592500005,0.06568408748570082,1
2016-03-17,2016-03-18,-1,18.517536600000003,18.68123595,1260.0,23332.096116000004,23538.357297000002,12.6,23.43518099999848,-206.26118099999763,-218.86118099999763,-0.009380262275274677,1
2016-03-21,2016-03-22,-1,18.6534686,18.6721314,1239.0,23111.6475954,23134.7708046,12.39,23.123209200001625,-23.123209200001625,-35.513209200001626,-0.00153659357488083,1
2016-03-23,2016-03-24,-1,17.248571400000003,17.665028099999997,1338.0,23078.588533200003,23635.807597799998,13.38,23.35706459999568,-557.2190645999922,-570.5990645999922,-0.02472417512791779,1
2016-03-28,2016-03-29,1,17.6378145,18.60819125,1276.0,22505.851302000003,23744.052035,12.76,23.125266999998203,1238.2007329999997,1225.4407329999997,0.05444987246010551,1
2016-03-30,2016-03-31,1,18.33646365,18.10504295,1294.0,23727.383963099997,23427.9255773,12.94,23.577585799996093,-299.45838579999673,-312.39838579999673,-0.013166153769240968,1
2016-04-01,2016-04-04,-1,18.227481700000002,17.7376644,1285.0,23422.313984500004,22792.898754,12.85,23.107769499996742,629.4152305000027,616.5652305000027,0.026323839348581107,1
2016-04-05,2016-04-06,1,18.26382735,18.286452200000003,1316.0,24035.1967926,24064.971095200002,13.16,24.050097399996517,29.774302600004276,16.614302600004276,0.0006912488690385725,1
2016-04-07,2016-04-08,1,18.8672289,19.4238832,1275.0,24055.7168475,24765.45108,12.75,24.410767499999064,709.7342324999977,696.9842324999977,0.028973746112763713,1
2016-04-11,2016-04-12,1,20.604297,20.733628,1201.0,24745.760696999998,24901.087228,12.01,24.823468999997658,155.32653100000064,143.31653100000065,0.0057915589160843755,1
2016-04-13,2016-04-14,-1,20.157916,19.60209615,1235.0,24895.02626,24208.588745250003,12.35,24.551985249998474,686.4375147499986,674.0875147499986,0.02707719637287897,1
2016-04-15,2016-04-18,1,20.1650775,20.121934000000003,1268.0,25569.31827,25514.612312000005,12.68,25.54195799999505,-54.70595799999465,-67.38595799999464,-0.0026354225516859917,1
2016-04-19,2016-04-20,1,21.085537499999997,20.6746575,1209.0,25492.414837499997,24995.660917499998,12.09,25.243919999997864,-496.7539199999986,-508.84391999999855,-0.019960600956935474,1
2016-04-21,2016-04-22,1,21.094541999999997,20.475757,1185.0,24997.032269999996,24263.772045,11.85,24.630224999995853,-733.2602249999946,-745.1102249999947,-0.0298079474775985,1
2016-04-25,2016-04-26,1,20.382185999999997,20.8465715,1190.0,24254.801339999998,24807.420084999998,11.9,24.53125499999654,552.6187450000028,540.7187450000029,0.022293266286550543,1
2016-04-27,2016-04-28,1,21.085537499999997,22.002993,1176.0,24796.592099999998,25875.519768,11.76,25.336331999996958,1078.927668000003,1067.167668000003,0.04303686827997639,1
2016-04-29,2016-05-02,-1,23.394297,23.009498999999998,1105.0,25850.698185,25425.496395,11.05,25.63820999999356,425.2017900000039,414.15179000000387,0.016020913131093596,1
2016-05-03,2016-05-04,-1,22.369809500000002,21.23061,1174.0,26262.156353000002,24924.736139999997,11.74,25.593786999997263,1337.4202130000044,1325.6802130000044,0.05047872669635402,1
2016-05-05,2016-05-06,1,21.9379635,22.7816035,1258.0,27597.958082999998,28659.257202999997,12.58,28.1288799999988,1061.2991200000008,1048.7191200000009,0.03799988089140548,1
2016-05-09,2016-05-10,1,21.339664499999998,22.119934500000003,1342.0,28637.829758999997,29684.952099000006,13.42,29.161659999992587,1047.122340000007,1033.7023400000069,0.0360956940068109,1
2016-05-11,2016-05-12,1,22.746367499999998,22.2158865,1305.0,29684.009587499997,28991.7318825,13.05,29.337704999998806,-692.2777049999977,-705.3277049999976,-0.023761200552132038,1
2016-05-13,2016-05-16,1,22.4922405,22.8775555,1288.0,28970.005764,29466.291484,12.88,29.21827999999894,496.2857199999981,483.4057199999981,0.016686421257144146,1
2016-05-17,2016-05-18,-1,23.1854015,21.366678,1270.0,29445.459905,27135.68106,12.700000000000001,28.29115499999581,2309.778845000001,2297.0788450000014,0.07801130810695692,1
2016-05-19,2016-05-20,1,21.747868499999996,21.793098,1460.0,31751.888009999995,31817.92308,14.6,31.784929999993068,66.03507000000718,51.43507000000718,0.0016199058772129748,1
2016-05-23,2016-05-24,1,21.566778,20.357816,1475.0,31810.99755,30027.778599999998,14.75,30.91894999999596,-1783.2189499999995,-1797.9689499999995,-0.05652035737558942,1
2016-05-25,2016-05-26,1,20.890439999999998,20.783603000000003,1436.0,29998.67184,29845.253908000002,14.36,29.92193199999521,-153.41793199999307,-167.7779319999931,-0.0055928453397819855,1
2016-05-27,2016-05-31,1,20.278133999999998,20.475757,1471.0,29829.135113999997,30119.838547000003,14.71,29.97456699999458,290.70343300000536,275.9934330000054,0.009252478556459075,1
2016-06-01,2016-06-02,1,20.632310999999998,20.656666500000004,1460.0,30123.174059999998,30158.733090000005,14.6,30.1409699999941,35.55903000000839,20.95903000000839,0.0006957776082381536,1
2016-06-03,2016-06-06,1,22.941464999999997,23.0494695,1313.0,30122.143544999995,30263.953453500002,13.13,30.193091499995848,141.80990850000444,128.67990850000444,0.004271937297814389,1
2016-06-07,2016-06-08,-1,22.768610000000002,23.562775499999997,1329.0,30259.482690000004,31314.928639499998,13.290000000000001,30.786949499996688,-1055.445949499993,-1068.735949499993,-0.035319042313079044,1
2016-06-09,2016-06-10,-1,23.847070500000005,23.543765999999998,1224.0,29188.814292000006,28817.569583999997,12.24,29.003291999994133,371.244708000008,359.004708000008,0.012299393336385132,1
2016-06-13,2016-06-14,1,23.47173,22.986501000000004,1259.0,29550.90807,28940.004759000007,12.59,29.245310999996295,-610.9033109999959,-623.493310999996,-0.021098956063315178,1
2016-06-15,2016-06-16,1,23.8529205,23.094447000000002,1213.0,28933.5925665,28013.564211000004,12.13,28.473355499997485,-920.0283554999968,-932.1583554999968,-0.03221716602795022,1
2016-06-17,2016-06-20,1,23.408698499999996,23.2493695,1196.0,27996.803405999995,27806.245922000002,11.96,27.901483999996202,-190.55748399999527,-202.51748399999528,-0.007233593102153718,1
2016-06-21,2016-06-22,1,22.619304,23.094447000000002,1229.0,27799.124616,28383.075363000004,12.290000000000001,28.091252999997973,583.9507470000034,571.6607470000034,0.020563983754761102,1
2016-06-23,2016-06-24,1,22.9004445,24.2368755,1239.0,28373.6507355,30029.4887445,12.39,29.201990999998014,1655.8380090000012,1643.448009000001,0.057921626805104195,1
2016-06-27,2016-06-28,-1,24.517735000000002,24.1430655,1224.0,30009.70764,29551.112171999997,12.24,29.780531999997322,458.5954680000038,446.3554680000038,0.014873702648307565,1
2016-06-29,2016-06-30,-1,24.620683500000002,25.122555,1237.0,30455.785489500002,31076.600534999998,12.370000000000001,30.76604549999525,-620.8150454999957,-633.1850454999957,-0.020790304217183753,1
2016-07-01,2016-07-05,-1,26.321832500000003,26.8924395,1133.0,29822.636222500005,30469.133953499997,11.33,30.145730999994267,-646.4977309999948,-657.8277309999949,-0.022058000711006553,1
2016-07-06,2016-07-07,-1,27.717134500000004,26.801394,1052.0,29158.425494000003,28195.066487999997,10.52,28.676993999995787,963.3590060000057,952.8390060000057,0.03267799923545507,1
2016-07-08,2016-07-11,-1,27.6451705,27.7628745,1089.0,30105.5906745,30233.7703305,10.89,30.169655999999947,-128.1796559999998,-139.06965599999978,-0.004619396360749513,1
2016-07-12,2016-07-13,1,26.683335,27.564211,1123.0,29965.385205,30954.608953,11.23,30.460251999996675,989.2237480000008,977.9937480000008,0.03263744955418806,1
2016-07-14,2016-07-15,1,27.4137,27.073456500000002,1129.0,30950.0673,30565.9323885,11.290000000000001,30.757911499996965,-384.13491149999567,-395.4249114999957,-0.012776221378361775,1
2016-07-18,2016-07-19,1,27.209598,26.910538000000003,1123.0,30556.378554,30220.534174000004,11.23,30.38837999999461,-335.8443799999969,-347.0743799999969,-0.011358491955669365,1
2016-07-20,2016-07-21,1,25.376682,26.1579145,1191.0,30223.628262,31154.0761695,11.91,30.689092499996494,930.4479075000019,918.5379075000019,0.030391384500148666,1
2016-07-22,2016-07-25,1,26.121053999999997,25.161413,1192.0,31136.296367999996,29992.404296,11.92,30.56407199999606,-1143.8920719999974,-1155.8120719999974,-0.03712105185342054,1
2016-07-26,2016-07-27,1,25.848917999999998,26.992497,1160.0,29984.74488,31311.29652,11.6,30.648359999999002,1326.5516400000029,1314.951640000003,0.043854021278569674,1
2016-07-28,2016-07-29,1,26.97348,27.715135500000002,1160.0,31289.2368,32149.557180000003,11.6,31.719619999993682,860.3203800000044,848.7203800000044,0.02712499462434969,1
2016-08-01,2016-08-02,1,28.072028999999997,28.369808000000003,1145.0,32142.473204999995,32483.430160000004,11.450000000000001,32.31304499999421,340.95695500000636,329.50695500000637,0.0102514499397249,1
2016-08-03,2016-08-04,-1,28.0529665,28.321153499999998,1157.0,32457.2822405,32767.574599499996,11.57,32.61235899999893,-310.29235899999713,-321.8623589999971,-0.009916491362865225,1
2016-08-05,2016-08-08,-1,27.400293,27.654820499999996,1173.0,32140.543689000002,32439.104446499994,11.73,32.28975749999757,-298.56075749999377,-310.2907574999938,-0.009654185084808935,1
2016-08-09,2016-08-10,1,27.9129495,28.3608125,1141.0,31848.6753795,32359.6870625,11.41,32.10431699999705,511.01168300000194,499.6016830000019,0.015686733499804515,1
2016-08-11,2016-08-12,-1,28.147919,28.190087999999996,1149.0,32341.958931,32390.411111999994,11.49,32.366180999994,-48.45218099999325,-59.942180999993255,-0.0018533874564579402,1
2016-08-15,2016-08-16,-1,27.971007500000002,27.939962999999995,1154.0,32278.542655,32242.717301999994,11.540000000000001,32.26064699999285,35.82535300000836,24.285353000008364,0.0007523683228073657,1
2016-08-17,2016-08-18,1,27.545765999999997,27.853066500000004,1173.0,32311.183517999998,32671.647004500006,11.73,32.491513499992436,360.46348650000857,348.73348650000855,0.010792965423434124,1
2016-08-19,2016-08-22,1,27.1685775,26.702642,1202.0,32656.630155000003,32096.575684,12.02,32.376471000000535,-560.0544710000006,-572.0744710000006,-0.01751786599795298,1
2016-08-23,2016-08-24,1,26.339163,24.435776,1218.0,32081.100533999997,29762.775168,12.18,30.921365999998166,-2318.325365999998,-2330.505365999998,-0.07264418387175016,1
2016-08-25,2016-08-26,1,24.7693785,24.6086895,1201.0,29748.023578499997,29555.0360895,12.01,29.651488999994086,-192.98748899999742,-204.99748899999742,-0.0068911297067868645,1
2016-08-29,2016-08-30,1,24.714351,23.4752565,1195.0,29533.649445,28052.9315175,11.950000000000001,28.792927499996175,-1480.7179275000003,-1492.6679275000004,-0.0505412624430235,1
2016-08-31,2016-09-01,1,23.075532,23.951018500000004,1216.0,28059.846911999997,29124.438496000002,12.16,28.592415999995637,1064.5915840000055,1052.4315840000054,0.03750667590242359,1
2016-09-02,2016-09-06,1,24.8234055,25.9860005,1172.0,29093.031246,30455.592586,11.72,29.774659999999102,1362.5613399999995,1350.8413399999995,0.04643178390652321,1
2016-09-07,2016-09-08,-1,25.850068500000003,25.315651499999998,1178.0,30451.380693000003,29821.837466999998,11.78,30.136773999992833,629.5432260000057,617.7632260000057,0.020286870806551432,1
2016-09-09,2016-09-12,-1,23.9010435,24.542265,1300.0,31071.35655,31904.9445,13.0,31.487949999999287,-833.5879500000004,-846.5879500000004,-0.02724657189130677,1
2016-09-13,2016-09-14,-1,23.593197500000002,23.621805,1281.0,30222.8859975,30259.532205,12.81,30.241207499996307,-36.64620749999503,-49.45620749999503,-0.0016363826903918435,1
2016-09-15,2016-09-16,1,23.761875,23.530229000000002,1270.0,30177.58125,29883.390830000004,12.700000000000001,30.030419999999225,-294.1904199999972,-306.89041999999716,-0.01016948367921293,1
2016-09-19,2016-09-20,-1,23.666161000000002,23.6488185,1262.0,29866.695182000003,29844.808947,12.620000000000001,29.855764999998456,21.88623500000201,9.266235000002009,0.00031025310780238467,1
2016-09-21,2016-09-22,-1,25.261363000000003,25.168577999999997,1183.0,29884.192429000002,29774.427773999996,11.83,29.829344999994994,109.7646550000075,97.9346550000075,0.003277139083904789,1
2016-09-23,2016-09-26,-1,24.499744000000003,24.306147,1223.0,29963.186912000005,29726.417781,12.23,29.844868999995054,236.7691310000049,224.53913100000491,0.007493833404953292,1
2016-09-27,2016-09-28,-1,23.852068000000003,24.4152015,1266.0,30196.718088000005,30909.645098999998,12.66,30.553010999997227,-712.9270109999946,-725.5870109999946,-0.024028671224650026,1
2016-09-29,2016-09-30,1,24.2070975,23.9870005,1218.0,29484.244755,29216.166609,12.18,29.350145999997068,-268.0781459999989,-280.25814599999893,-0.009505352717317684,1
2016-10-03,2016-10-04,1,23.5447665,21.2183855,1240.0,29195.51046,26310.79802,12.4,27.752439999999154,-2884.7124400000016,-2897.1124400000017,-0.09923143642133811,1
2016-10-05,2016-10-06,1,21.384686999999996,20.7386255,1230.0,26303.165009999993,25508.509365,12.3,25.905644999993527,-794.6556449999936,-806.9556449999935,-0.030679032150435256,1
2016-10-07,2016-10-10,1,20.8674285,20.9825035,1222.0,25499.997627,25640.619277,12.22,25.57034999999793,140.62165000000113,128.40165000000113,0.005035359292114068,1
2016-10-11,2016-10-12,1,20.468228999999997,20.919535,1252.0,25626.222707999998,26191.25782,12.52,25.908887999998598,565.035112000003,552.515112000003,0.021560536575978433,1
2016-10-13,2016-10-14,1,21.3076485,20.855567,1228.0,26165.792358,25610.636276,12.280000000000001,25.88808199999697,-555.1560819999982,-567.4360819999981,-0.021686179964907834,1
2016-10-17,2016-10-18,1,21.176583,21.921034,1209.0,25602.488847,26502.530106,12.09,26.052741000000317,900.0412589999976,887.9512589999975,0.03468222422852629,1
2016-10-19,2016-10-20,-1,22.532728000000002,22.4922405,1176.0,26498.488128000005,26450.874828,11.76,26.474699999997313,47.61330000000132,35.85330000000132,0.0013530319098513557,1
2016-10-21,2016-10-24,-1,22.32883,21.865927499999998,1188.0,26526.65004,25976.721869999998,11.88,26.251829999996957,549.9281700000024,538.0481700000024,0.02028330638013734,1
2016-10-25,2016-10-26,-1,22.3518185,21.874932,1211.0,27068.0522035,26490.542652,12.11,26.779448499999607,577.5095514999989,565.3995514999989,0.020888076735232936,1
2016-10-27,2016-10-28,-1,21.5082405,21.611800499999998,1285.0,27638.0890425,27771.163642499996,12.85,27.704599999996606,-133.07459999999756,-145.92459999999755,-0.00527983681417353,1
2016-10-31,2016-11-01,-1,22.233877500000002,22.8184035,1236.0,27481.072590000003,28203.546725999997,12.36,27.84213599999896,-722.474135999996,-734.834135999996,-0.026739645390238237,1
2016-11-02,2016-11-03,-1,22.432778,22.963476,1192.0,26739.871376,27372.463392,11.92,27.05601599999801,-632.5920160000012,-644.5120160000012,-0.024103033516401803,1
2016-11-04,2016-11-07,-1,22.668660000000003,21.8479185,1152.0,26114.29632,25168.802111999998,11.52,25.64179199999535,945.4942080000046,933.9742080000046,0.03576486214888767,1
2016-11-08,2016-11-09,-1,21.735127,22.310149499999998,1244.0,27038.497988,27753.825977999997,12.44,27.395989999998136,-715.3279899999992,-727.7679899999993,-0.026915991795216997,1
2016-11-10,2016-11-11,-1,20.62968,18.971581049999998,1275.0,26302.842,24188.765838749998,12.75,25.246338749997577,2114.0761612500037,2101.3261612500037,0.07988970017954727,1
2016-11-14,2016-11-15,1,19.16667855,19.95871565,1483.0,28424.184289650002,29598.775308949997,14.83,29.011780700000568,1174.5910192999972,1159.7610192999973,0.040801910354989396,1
2016-11-16,2016-11-17,1,19.806298199999997,19.3195354,1493.0,29570.803212599996,28844.0663522,14.93,29.207260399998827,-726.7368603999963,-741.6668603999963,-0.025081052248319555,1
2016-11-18,2016-11-21,-1,19.1066419,19.497743999999997,1509.0,28831.9226271,29422.095695999997,15.09,29.126868899995962,-590.1730688999965,-605.2630688999965,-0.020992809835411092,1
2016-11-22,2016-11-23,-1,19.5508197,18.59959515,1444.0,28231.3836468,26857.8153966,14.44,27.544949799998548,1373.5682502000038,1359.1282502000038,0.048142459725103115,1
2016-11-25,2016-11-28,1,18.70844955,19.3966968,1581.0,29578.05873855,30666.1776408,15.81,30.122397750000275,1088.1189022499998,1072.3089022499998,0.03625352534892449,1
2016-11-29,2016-11-30,-1,19.233578400000003,18.88994025,1594.0,30658.323969600006,30110.564758499997,15.94,30.384588899994235,547.7592111000062,531.8192111000061,0.01734664985689838,1
2016-12-01,2016-12-02,1,18.726558599999997,19.37400815,1666.0,31198.446627599995,32277.097577900004,16.66,31.738049699996942,1078.6509503000077,1061.9909503000076,0.034039866246433806,1
2016-12-05,2016-12-06,-1,19.32423305,19.225608,1669.0,32252.14496045,32087.539752,16.69,32.16989154999965,164.60520844999832,147.91520844999832,0.00458621306060056,1
2016-12-07,2016-12-08,-1,19.45556735,19.461525899999998,1665.0,32393.51963775,32403.440623499995,16.65,32.398485749999196,-9.920985749998348,-26.570985749998346,-0.0008202562131912852,1
2016-12-09,2016-12-12,-1,18.7260323,18.8264085,1729.0,32377.309846699998,32550.8602965,17.29,32.4640497999962,-173.5504497999991,-190.84044979999908,-0.00589426517223296,1
2016-12-13,2016-12-14,1,19.0985445,18.0371769,1685.0,32181.0474825,30392.643076499997,16.85,31.28640600000134,-1788.4044060000008,-1805.2544060000007,-0.05609681931521014,1
2016-12-15,2016-12-16,1,17.2976445,17.266762300000003,1756.0,30374.663742,30320.434598800006,17.56,30.34754319999439,-54.22914319999488,-71.78914319999488,-0.0023634547466851387,1
2016-12-19,2016-12-20,1,17.361276299999997,17.3938987,1746.0,30312.788419799996,30369.7471302,17.46,30.341289599993203,56.95871040000804,39.49871040000804,0.0013030378417515655,1
2016-12-21,2016-12-22,1,17.388589949999997,17.35301915,1745.0,30343.089462749995,30281.01841675,17.45,30.31204599999093,-62.071045999991306,-79.5210459999913,-0.00262073003797499,1
2016-12-23,2016-12-27,-1,17.580205499999998,18.071031,1722.0,30273.113870999998,31118.315382,17.22,30.695511000001233,-845.2015110000056,-862.4215110000056,-0.028488034454432473,1
2016-12-28,2016-12-29,-1,18.40289395,19.8271086,1598.0,29407.8245321,31683.719542799998,15.98,30.545210699998066,-2275.8950106999996,-2291.8750106999996,-0.07793419088849338,1
2016-12-30,2017-01-03,-1,18.98440305,19.7816859,1428.0,27109.7275554,28248.2474652,14.280000000000001,27.678709799999297,-1138.5199097999978,-1152.7999097999977,-0.04252347824020721,1
2017-01-04,2017-01-05,-1,19.907341350000003,21.100545,1304.0,25959.173120400003,27515.11068,13.040000000000001,26.736759599997953,-1555.9375595999966,-1568.9775595999965,-0.06044019785695779,1
2017-01-06,2017-01-09,-1,20.347821000000003,20.4372135,1199.0,24397.037379000005,24504.2189865,11.99,24.450607499995517,-107.18160749999439,-119.17160749999438,-0.004884675366467755,1
2017-01-10,2017-01-11,-1,20.5527185,20.528259,1181.0,24272.760548500002,24243.873879,11.81,24.25833049999484,28.886669500002977,17.07666950000298,0.0007035322358938805,1
2017-01-12,2017-01-13,-1,20.566711500000004,20.700345,1181.0,24289.286281500004,24447.107444999998,11.81,24.36816349999446,-157.82116349999393,-169.63116349999393,-0.0069837854243248775,1
2017-01-17,2017-01-18,1,21.264627,20.907541000000002,1134.0,24114.087018000002,23709.151494,11.34,23.911523999996405,-404.93552399999874,-416.2755239999987,-0.01726275283361419,1
2017-01-19,2017-01-20,1,20.7873885,21.007491,1140.0,23697.62289,23948.53974,11.4,23.823149999996218,250.9168500000034,239.5168500000034,0.010107209955690345,1
2017-01-23,2017-01-24,1,21.646818,21.657166,1106.0,23941.380708,23952.825596,11.06,23.947111999999514,11.444888000000518,0.38488800000051704,1.6076265805000416e-05,1
2017-01-25,2017-01-26,1,21.3596745,20.7886005,1121.0,23944.195114500002,23304.0211605,11.21,23.623953999998548,-640.1739539999993,-651.3839539999993,-0.027204253510511096,1
2017-01-27,2017-01-30,1,21.128558999999996,21.0524685,1102.0,23283.672017999994,23199.820287,11.02,23.24173099999573,-83.85173099999543,-94.87173099999542,-0.004074603478637415,1
2017-01-31,2017-02-01,1,21.7698795,21.671159,1065.0,23184.9216675,23079.784335,10.65,23.13233249999696,-105.1373324999988,-115.78733249999881,-0.004994079089872725,1
2017-02-02,2017-02-03,-1,22.170908999999998,22.302145499999998,1041.0,23079.916268999998,23216.533465499997,10.41,23.148196499998143,-136.61719649999998,-147.02719649999997,-0.006370352248525308,1
2017-02-06,2017-02-07,-1,23.097445500000003,23.0024955,993.0,22935.763381500004,22841.4780315,9.93,22.88864999999781,94.28535000000429,84.35535000000428,0.003677895895457543,1
2017-02-08,2017-02-09,-1,23.252368,22.6663275,990.0,23019.84432,22439.664225,9.9,22.729904999998922,580.1800949999993,570.2800949999993,0.02477341232514466,1
2017-02-10,2017-02-13,-1,22.988500000000002,22.696342499999997,1026.0,23586.201,23286.447404999995,10.26,23.436404999995773,299.75359500000553,289.49359500000554,0.012273854318463813,1
2017-02-14,2017-02-15,-1,22.656666,22.693340999999997,1054.0,23880.125964000003,23918.781413999997,10.540000000000001,23.899449999995788,-38.6554499999951,-49.1954499999951,-0.002060100104754837,1
2017-02-16,2017-02-17,-1,22.920534,22.557273,1040.0,23837.35536,23459.563919999997,10.4,23.648559999997758,377.79144000000144,367.39144000000147,0.015412424509830417,1
2017-02-21,2017-02-22,-1,22.3798045,22.130059499999998,1081.0,24192.5686645,23922.594319499996,10.81,24.057654999997506,269.9743450000008,259.1643450000008,0.010712560067269613,1
2017-02-23,2017-02-24,1,22.1660775,21.934027500000003,1103.0,24449.1834825,24193.232332500003,11.03,24.32114999999622,-255.95114999999717,-266.98114999999717,-0.010919839110009311,1
2017-02-27,2017-02-28,1,20.7733815,20.7886005,1164.0,24180.216066,24197.930982,11.64,24.189083999995276,17.714916000002177,6.074916000002176,0.0002512349758753465,1
2017-03-01,2017-03-02,1,20.932461,19.929930050000003,1156.0,24197.924916,23038.999137800005,11.56,23.61817819999763,-1158.9257781999966,-1170.4857781999965,-0.04837132862686318,1
2017-03-03,2017-03-06,1,20.186087999999998,19.661864150000003,1141.0,23032.326407999997,22434.186995150005,11.41,22.733112849997553,-598.1394128499942,-609.5494128499942,-0.026464952000605314,1
2017-03-07,2017-03-08,1,19.56327675,19.416486900000002,1146.0,22419.5151555,22251.293987400004,11.46,22.335368099999272,-168.22116809999721,-179.68116809999722,-0.008014498389182046,1
2017-03-09,2017-03-10,1,19.239715049999997,19.7619141,1156.0,22241.110597799998,22844.7726996,11.56,22.54309819999726,603.6621018000013,592.1021018000014,0.026621966524395132,1
2017-03-13,2017-03-14,-1,20.00729135,19.4359131,1141.0,22828.31943035,22176.3768471,11.41,22.50251674999846,651.9425832499985,640.5325832499985,0.028058683216006585,1
2017-03-15,2017-03-16,-1,20.8845525,20.709349500000002,1124.0,23474.23701,23277.308838,11.24,23.375827999997952,196.92817199999973,185.68817199999972,0.007910296378148383,1
2017-03-17,2017-03-20,-1,20.597696000000003,20.85042,1148.0,23646.155008,23936.28216,11.48,23.79115199999741,-290.1271519999966,-301.60715199999663,-0.01275501881375456,1
2017-03-21,2017-03-22,-1,21.143423000000002,21.164576999999998,1104.0,23342.338992,23365.693008,11.040000000000001,23.354015999995227,-23.354015999995227,-34.394015999995226,-0.0014734605650180519,1
2017-03-23,2017-03-24,-1,20.925532,20.864427,1114.0,23311.042648,23242.971677999998,11.14,23.277029999999378,68.07097000000144,56.93097000000144,0.0024422318151816305,1
2017-03-27,2017-03-28,-1,21.289350000000002,20.759374499999996,1098.0,23375.7063,22793.793200999997,10.98,23.08490099999537,581.9130990000067,570.9330990000067,0.02442420740886904,1
2017-03-29,2017-03-30,-1,20.847571000000002,20.518254,1148.0,23933.011508000003,23554.955592,11.48,23.74408399999797,378.05591600000366,366.57591600000364,0.015316748411601674,1
2017-03-31,2017-04-03,1,20.750369999999997,21.070459500000002,1172.0,24319.433639999996,24694.578534000004,11.72,24.50710599999512,375.14489400000616,363.42489400000613,0.014943805821294044,1
2017-04-04,2017-04-05,1,21.3516705,21.3523185,1156.0,24682.531098,24683.280186,11.56,24.6829120000003,0.7490879999979256,-10.810912000002075,-0.0004379985163222613,1
2017-04-06,2017-04-07,-1,21.3343275,21.3736815,1156.0,24662.48259,24707.975814,11.56,24.68522399999857,-45.49322399999936,-57.05322399999936,-0.0023133609437653684,1
2017-04-10,2017-04-11,-1,21.489250000000002,22.147067999999997,1145.0,24605.191250000003,25358.392859999996,11.450000000000001,24.981609999995555,-753.2016099999947,-764.6516099999948,-0.031076840745954157,1
2017-04-12,2017-04-13,-1,22.334827,22.311149999999998,1067.0,23831.260409000002,23805.997049999998,10.67,23.81864099999631,25.263359000003025,14.593359000003025,0.0006123620299366023,1
2017-04-17,2017-04-18,-1,22.246871,22.093041,1072.0,23848.645711999998,23683.739952,10.72,23.766239999999073,164.9057599999992,154.1857599999992,0.006465178855938854,1
2017-04-19,2017-04-20,-1,21.2703595,21.4557225,1129.0,24014.235875500002,24223.5107025,11.290000000000001,24.118826999997015,-209.27482699999868,-220.56482699999867,-0.009184753083275288,1
2017-04-21,2017-04-24,-1,21.471259,21.1195545,1108.0,23790.154972,23400.466386,11.08,23.59541399999695,389.6885860000003,378.60858600000034,0.015914506922952227,1
2017-04-25,2017-04-26,-1,20.188900500000003,20.246118,1197.0,24166.113898500003,24234.603246,11.97,24.200347499997076,-68.48934749999592,-80.45934749999591,-0.0033294284649130136,1
2017-04-27,2017-04-28,-1,19.83457775,20.246118,1214.0,24079.1773885,24578.787252,12.14,24.328863499996878,-499.60986349999763,-511.7498634999976,-0.02125279677304943,1
2017-05-01,2017-05-02,1,19.71795405,19.7709096,1196.0,23582.673043799998,23646.0078816,11.96,23.614362199996975,63.33483780000009,51.37483780000009,0.002178499345879147,1
2017-05-03,2017-05-04,-1,19.58010505,19.198394399999998,1207.0,23633.18679535,23172.462040799997,12.07,23.40294544999675,460.72475455000273,448.65475455000274,0.018984098862125473,1
2017-05-05,2017-05-08,-1,19.59829595,19.6087995,1228.0,24066.7074266,24079.605786,12.280000000000001,24.073159399999213,-12.89835939999908,-25.17835939999908,-0.0010461904469811444,1
2017-05-09,2017-05-10,-1,19.56191415,19.9545723,1229.0,24041.592490349998,24524.1693567,12.290000000000001,24.28276634999717,-482.5768663499988,-494.8668663499988,-0.020583780652160724,1
2017-05-11,2017-05-12,-1,20.3348275,20.682336,1158.0,23547.730245,23950.145087999997,11.58,23.74884299999799,-402.414843,-413.994843,-0.01758109332375699,1
2017-05-15,2017-05-16,-1,20.725632,20.8874385,1117.0,23150.530944000002,23331.2688045,11.17,23.240860499998952,-180.737860499997,-191.90786049999699,-0.008289566272333567,1
2017-05-17,2017-05-18,-1,21.239375000000003,20.618304,1080.0,22938.525,22267.76832,10.8,22.603319999994937,670.7566800000045,659.9566800000046,0.028770667686784764,1
2017-05-19,2017-05-22,-1,20.7985955,21.082535999999998,1135.0,23606.405892500003,23928.678359999998,11.35,23.767467499998016,-322.2724674999959,-333.62246749999593,-0.014132709105285324,1
2017-05-23,2017-05-24,-1,20.5707095,20.891440499999998,1131.0,23265.4724445,23628.219205499998,11.31,23.44676099999755,-362.74676099999834,-374.05676099999835,-0.016077763384874915,1
2017-05-25,2017-05-26,-1,20.6526685,20.855422499999996,1109.0,22903.8093665,23128.663552499995,11.09,23.01618599999624,-224.85418599999468,-235.9441859999947,-0.010301525926298348,1
2017-05-30,2017-05-31,-1,20.5527185,20.664327,1103.0,22669.6485055,22792.752681,11.03,22.73117549999783,-123.10417549999902,-134.134175499999,-0.005916905834135717,1
2017-06-01,2017-06-02,-1,20.543723,20.6913405,1097.0,22536.464131,22698.4005285,10.97,22.617397499996297,-161.93639749999898,-172.90639749999897,-0.007672294841592201,1
2017-06-05,2017-06-06,-1,20.679655000000004,21.664827,1081.0,22354.707055000003,23419.677987,10.81,22.886931999996126,-1064.9709319999947,-1075.7809319999947,-0.04812323996701081,1
2017-06-07,2017-06-08,-1,21.4802545,21.128558999999996,991.0,21286.932209500003,20938.401968999995,9.91,21.112759499995878,348.5302405000052,338.6202405000052,0.015907423257019847,1
2017-06-09,2017-06-12,-1,20.760614500000003,20.6993445,1041.0,21611.7996945,21548.0176245,10.41,21.579929999996676,63.7820700000041,53.3720700000041,0.002469580079144764,1
2017-06-13,2017-06-14,-1,20.879555000000003,20.246118,1038.0,21672.978090000004,21015.470483999998,10.38,21.344393999995503,657.5076060000044,647.1276060000044,0.02985873022676988,1
2017-06-15,2017-06-16,1,20.118054,20.043973,1110.0,22331.039940000002,22248.81003,11.1,22.289909999997306,-82.22990999999958,-93.32990999999957,-0.004179380371481238,1
2017-06-19,2017-06-20,1,19.96807905,19.79819595,1113.0,22224.47198265,22035.39209235,11.13,22.129890299997452,-189.07989029999982,-200.2098902999998,-0.009008533046647761,1
2017-06-21,2017-06-22,1,20.118054,20.343823,1095.0,22029.26913,22276.486185,10.950000000000001,22.152944999998905,247.21705499999962,236.26705499999963,0.010725142700183609,1
2017-06-23,2017-06-26,1,20.7053475,20.515737,1075.0,22258.248562499997,22054.417275,10.75,22.156287499996274,-203.8312874999968,-214.5812874999968,-0.009640528853717478,1
2017-06-27,2017-06-28,1,20.2551225,20.388800500000002,1089.0,22057.8284025,22203.403744500003,10.89,22.13065799999632,145.5753420000036,134.68534200000357,0.006106010960931156,1
2017-06-29,2017-06-30,1,19.981785900000002,20.061964,1110.0,22179.782349,22268.78004,11.1,22.22430899999967,88.99769099999745,77.89769099999745,0.003512103490208936,1
2017-07-03,2017-07-05,1,19.56327675,19.7891005,1138.0,22263.0089415,22519.996369,11.38,22.391572499999818,256.98742749999997,245.60742749999997,0.011032085920882348,1
2017-07-06,2017-07-07,1,19.5541722,19.270959700000002,1151.0,22506.8522022,22180.874614700002,11.51,22.343787499997507,-325.9775874999973,-337.4875874999973,-0.014994881757254733,1
2017-07-10,2017-07-11,1,19.5905904,19.689150500000004,1132.0,22176.5483328,22288.118366000006,11.32,22.232366799997536,111.57003320000432,100.25003320000431,0.004520542678489353,1
2017-07-12,2017-07-13,-1,19.7619141,19.5723813,1127.0,22271.677190699997,22058.0737251,11.27,22.164934400000746,213.60346559999832,202.3334655999983,0.009084787996320585,1
2017-07-14,2017-07-17,-1,19.8390755,20.00909955,1133.0,22477.6725415,22670.309790149997,11.33,22.57394865000022,-192.63724864999836,-203.96724864999837,-0.009074215681068332,1
2017-07-18,2017-07-19,-1,20.125932,20.1730815,1107.0,22279.406724,22331.601220499997,11.07,22.305496499998572,-52.1944964999997,-63.2644964999997,-0.0028395952048332336,1
2017-07-20,2017-07-21,-1,20.297846,20.3911905,1094.0,22205.843524,22307.962407,10.94,22.25688300000023,-102.11888300000066,-113.05888300000066,-0.005091402309387932,1
2017-07-24,2017-07-25,-1,20.0569665,20.291140499999997,1102.0,22102.777083,22360.836830999997,11.02,22.23174799999697,-258.05974799999547,-269.07974799999545,-0.012174024421888318,1
2017-07-26,2017-07-27,-1,20.7706095,20.528259,1051.0,21829.910584499998,21575.200209,10.51,21.70262449999742,254.71037550000062,244.20037550000063,0.011186503698892448,1
2017-07-28,2017-07-31,-1,20.816586500000003,20.7913905,1060.0,22065.581690000003,22038.873929999998,10.6,22.052239999998164,26.70776000000494,16.107760000004937,0.0007299948048641239,1
2017-08-01,2017-08-02,-1,20.752618500000004,20.719354499999998,1064.0,22080.786084000003,22045.393188,10.64,22.063103999995604,35.39289600000657,24.752896000006572,0.0011210151624965387,1
2017-08-03,2017-08-04,-1,20.643673,20.3271585,1071.0,22109.373783,21770.3867535,10.71,21.939970499999454,338.9870295000003,328.2770295000003,0.014847866462523424,1
2017-08-07,2017-08-08,-1,20.179905,20.2411155,1112.0,22440.054360000002,22508.120436,11.120000000000001,22.474075999997183,-68.0660759999976,-79.1860759999976,-0.003528782717262437,1
2017-08-09,2017-08-10,-1,20.525732,20.9914905,1089.0,22352.522148,22859.7331545,10.89,22.60600649999941,-507.2110064999997,-518.1010064999997,-0.023178637429349645,1
2017-08-11,2017-08-14,-1,21.043473,20.7873885,1038.0,21843.124974,21577.309263,10.38,21.710288999997324,265.8157110000001,255.43571100000008,0.01169410106402114,1
2017-08-15,2017-08-16,-1,20.497746,21.0105,1078.0,22096.570187999998,22649.319,10.78,22.372812000000174,-552.7488120000012,-563.5288120000012,-0.025502999207815392,1
2017-08-17,2017-08-18,-1,20.943523000000003,20.8734315,1028.0,21529.941644000002,21457.887582,10.28,21.493937999997257,72.05406200000385,61.77406200000385,0.002869216415977567,1
2017-08-21,2017-08-22,-1,21.1704095,21.0105,1020.0,21593.817690000003,21430.71,10.200000000000001,21.512309999999673,163.1076900000013,152.9076900000013,0.007081086457019231,1
2017-08-23,2017-08-24,-1,21.152418500000003,21.2416155,1028.0,21744.686218000003,21836.380734000002,10.28,21.79051599999717,-91.6945159999986,-101.9745159999986,-0.004689629226085831,1
2017-08-25,2017-08-28,-1,21.298345500000003,22.0560225,1016.0,21639.119028000005,22408.91886,10.16,22.023831999996787,-769.7998319999974,-779.9598319999974,-0.03604397346263339,1
2017-08-29,2017-08-30,-1,22.1889,21.983986499999997,940.0,20857.566,20664.947309999996,9.4,20.761309999996982,192.6186900000033,183.2186900000033,0.008784279527151122,1
2017-08-31,2017-09-01,-1,22.479754500000002,22.557273,936.0,21041.050212000002,21113.607528,9.36,21.077315999996983,-72.55731599999672,-81.91731599999672,-0.0038932142252708535,1
2017-09-05,2017-09-06,-1,22.988500000000002,22.684336499999997,912.0,20965.512000000002,20688.114887999996,9.120000000000001,20.826887999997098,277.3971120000045,268.2771120000045,0.012796115449029075,1
2017-09-07,2017-09-08,-1,23.157415500000003,22.9844865,917.0,21235.350013500003,21076.7741205,9.17,21.156106999998226,158.57589300000316,149.40589300000318,0.00703571605389226,1
2017-09-11,2017-09-12,-1,22.315836500000003,22.4382135,958.0,21378.571367000004,21495.808533,9.58,21.43716599999881,-117.23716599999676,-126.81716599999676,-0.005931975707027456,1
2017-09-13,2017-09-14,-1,22.015986500000004,22.184086499999996,965.0,21245.426972500005,21407.643472499996,9.65,21.326499999994866,-162.2164999999922,-171.86649999999221,-0.008089576181380375,1
2017-09-15,2017-09-18,-1,21.934027500000003,21.596792999999998,961.0,21078.6004275,20754.518073,9.61,20.916645499997326,324.0823545000044,314.47235450000437,0.014919033907475704,1
2017-09-19,2017-09-20,-1,21.6801545,21.3736815,987.0,21398.3124915,21095.8236405,9.870000000000001,21.247148999998977,302.4888510000004,292.6188510000004,0.013674856422263983,1
2017-09-21,2017-09-22,-1,21.090449500000002,21.3376635,1029.0,21702.072535500003,21956.4557415,10.290000000000001,21.82920599999687,-254.38320599999957,-264.6732059999996,-0.01219575713642327,1
2017-09-25,2017-09-26,1,21.683836499999998,21.2203845,988.0,21423.630461999997,20965.739886000003,9.88,21.194576000000026,-457.8905759999967,-467.7705759999967,-0.0218343280719718,1
2017-09-27,2017-09-28,1,20.9374635,21.0524685,1001.0,20958.4009635,21073.5209685,10.01,21.015994999999208,115.12000500000002,105.11000500000002,0.005015172921973094,1
2017-09-29,2017-10-02,-1,20.879555000000003,20.964477,1009.0,21067.470995000003,21153.157293,10.09,21.11029799999518,-85.68629799999523,-95.77629799999524,-0.004546169686087432,1
2017-10-03,2017-10-04,1,21.196593,21.284352500000004,989.0,20963.430477,21050.224622500005,9.89,21.00685449999758,86.79414550000416,76.90414550000416,0.0036684904975060944,1
2017-10-05,2017-10-06,-1,21.125432,21.4737315,996.0,21040.930272,21387.836574,9.96,21.214301999997815,-346.9063019999995,-356.8663019999995,-0.016960576238156905,1
2017-10-09,2017-10-10,-1,21.581204,21.4557225,959.0,20696.374636,20576.0378775,9.59,20.636241499999144,120.33675849999938,110.74675849999937,0.00535102212091593,1
2017-10-11,2017-10-12,-1,21.639174999999998,21.5697795,961.0,20795.247174999997,20728.5580995,9.61,20.761924499998745,66.68907549999888,57.07907549999888,0.0027448135153026326,1
2017-10-13,2017-10-16,-1,21.6621635,21.3516705,963.0,20860.6634505,20561.6586915,9.63,20.71124099999973,299.00475899999753,289.37475899999754,0.013871790783962896,1
2017-10-17,2017-10-18,-1,21.289350000000002,21.228609,993.0,21140.32455,21080.008737,9.93,21.11018699999705,60.315813000003686,50.38581300000369,0.0023833982719060802,1
2017-10-19,2017-10-20,-1,21.298345500000003,21.132561,995.0,21191.853772500002,21026.898194999998,9.950000000000001,21.10942249999674,164.9555775000044,155.00557750000442,0.007314394444394961,1
2017-10-23,2017-10-24,-1,21.0344775,20.891440499999998,1015.0,21349.9946625,21204.812107499998,10.15,21.277444999998263,145.18255500000325,135.03255500000324,0.006324711417243579,1
2017-10-25,2017-10-26,-1,20.766611500000003,20.382185999999997,1035.0,21493.442902500003,21095.562509999996,10.35,21.294607499994882,397.8803925000063,387.53039250000626,0.018030168282389545,1
2017-10-27,2017-10-30,1,20.537263499999998,20.675657,1065.0,21872.1856275,22019.574705000003,10.65,21.945922499995714,147.38907750000314,136.73907750000313,0.006251733586609674,1
2017-10-31,2017-11-01,-1,20.443773,20.464227,1077.0,22017.943521,22039.972479,10.77,22.028958000000927,-22.028958000000927,-32.79895800000092,-0.0014896467496484556,1
2017-11-02,2017-11-03,-1,20.52973,20.418204,1071.0,21987.34083,21867.896484,10.71,21.927653999996306,119.44434600000145,108.73434600000144,0.004945315890662046,1
2017-11-06,2017-11-07,-1,20.825582,20.700345,1061.0,22095.942502,21963.066045,10.61,22.02954299999491,132.87645700000218,122.26645700000218,0.005533434791882505,1
2017-11-08,2017-11-09,-1,20.8205845,20.764377,1067.0,22215.5636615,22155.590259,10.67,22.185597499998806,59.97340249999925,49.30340249999925,0.00221931809839437,1
2017-11-10,2017-11-13,-1,20.470759500000003,20.528259,1087.0,22251.715576500002,22314.217533,10.870000000000001,22.28295649999578,-62.50195649999473,-73.37195649999474,-0.003297361780836473,1
2017-11-14,2017-11-15,-1,20.534727500000002,20.6092995,1080.0,22177.5057,22258.043459999997,10.8,22.21775999999764,-80.53775999999601,-91.33775999999601,-0.004118486597886254,1
2017-11-16,2017-11-17,-1,20.5527185,20.7413655,1075.0,22094.172387500003,22296.9679125,10.75,22.195524999996508,-202.79552499999954,-213.54552499999954,-0.009665242094373042,1
2017-11-20,2017-11-21,-1,20.484752500000003,20.668329,1068.0,21877.71567,22073.775372,10.68,21.975701999996915,-196.05970199999717,-206.73970199999718,-0.009449784663007148,1
2017-11-22,2017-11-24,-1,20.8345775,20.7733815,1040.0,21667.960600000002,21604.316759999998,10.4,21.636159999994504,63.64384000000257,53.24384000000257,0.0024572612523581275,1
2017-11-27,2017-11-28,-1,20.943523000000003,20.864427,1037.0,21718.433351000003,21636.410798999997,10.370000000000001,21.677447999997963,82.02255200000351,71.65255200000351,0.0032991584080674188,1
2017-11-29,2017-11-30,-1,20.461764000000002,20.4232065,1065.0,21791.778660000004,21750.7149225,10.65,21.771262499997786,41.063737500003334,30.413737500003336,0.00139565190958136,1
2017-12-01,2017-12-04,-1,20.4527685,20.2050975,1067.0,21823.103989500003,21558.8390325,10.67,21.69104300000028,264.26495700000044,253.59495700000045,0.011620480620997612,1
2017-12-05,2017-12-06,-1,19.98450275,19.731560849999997,1105.0,22082.875538750002,21803.374739249997,11.05,21.943200499996554,279.5007995000036,268.4507995000036,0.01215651462731557,1
2017-12-07,2017-12-08,1,19.62690855,19.7073414,1139.0,22355.04883845,22446.6618546,11.39,22.400883849996042,91.61301615000127,80.22301615000127,0.0035885860384263684,1
2017-12-11,2017-12-12,1,19.5813858,19.4618642,1146.0,22440.268126799998,22303.296373200003,11.46,22.37175359999698,-136.9717535999986,-148.43175359999861,-0.006614526741003122,1
2017-12-13,2017-12-14,1,20.1590745,20.0709595,1105.0,22275.7773225,22178.4102475,11.05,22.22707499999668,-97.36707499999822,-108.41707499999822,-0.004867038910938019,1
2017-12-15,2017-12-18,-1,19.997996,20.317153499999996,1109.0,22177.777564,22531.723231499996,11.09,22.35466749999587,-353.9456674999953,-365.03566749999527,-0.016459524244329067,1
2017-12-19,2017-12-20,-1,20.287851,20.6613255,1075.0,21809.439825,22210.9249125,10.75,22.010087499998754,-401.4850875000004,-412.2350875000004,-0.01890168160245264,1
2017-12-21,2017-12-22,-1,20.727631000000002,21.0054975,1032.0,21390.915192000004,21677.67342,10.32,21.534227999996688,-286.7582279999982,-297.0782279999982,-0.013888055996365344,1
2017-12-26,2017-12-27,-1,21.259365000000003,21.252621,992.0,21089.290080000002,21082.600032000002,9.92,21.08595199999752,6.690048000001184,-3.229951999998816,-0.00015315603264720305,1
2017-12-28,2017-12-29,-1,21.2683605,21.3036465,992.0,21098.213616,21133.217328,9.92,21.115711999999917,-35.00371199999927,-44.92371199999927,-0.0021292661463021213,1
2018-01-02,2018-01-03,-1,21.818085500000002,21.614801999999997,965.0,21054.452507500002,20858.283929999998,9.65,20.956422499996705,196.16857750000466,186.51857750000465,0.008858866191536596,1
2018-01-04,2018-01-05,-1,21.731129000000003,21.702845999999997,977.0,21231.313033000002,21203.680542,9.77,21.21750899999543,27.632491000005263,17.862491000005264,0.0008413276641082655,1
2018-01-08,2018-01-09,-1,21.470259500000004,21.1975935,990.0,21255.556905000005,20985.617565,9.9,21.120659999996008,269.93934000000445,260.0393400000045,0.012233946217557568,1
2018-01-10,2018-01-11,-1,21.305342,21.433711499999998,1010.0,21518.39542,21648.048614999996,10.1,21.583194999998696,-129.653194999998,-139.753194999998,-0.006494591825843396,1
2018-01-12,2018-01-16,-1,22.000994000000002,22.3721805,972.0,21384.966168000003,21745.759446,9.72,21.565277999996653,-360.79327799999686,-370.5132779999969,-0.017325876276317185,1
2018-01-17,2018-01-18,-1,21.9360265,21.656823,958.0,21014.713387,20747.236434,9.58,20.88104699999723,267.47695300000123,257.89695300000125,0.012272208916231995,1
2018-01-19,2018-01-22,-1,21.6621635,21.752871,982.0,21272.244556999998,21361.319322,9.82,21.31676499999803,-89.0747650000006,-98.8947650000006,-0.004649004703523756,1
2018-01-23,2018-01-24,-1,22.0839525,22.583285999999998,958.0,21156.426495,21634.787987999996,9.58,21.395492999998517,-478.3614929999988,-487.9414929999988,-0.023063511841913204,1
2018-01-25,2018-01-26,-1,22.1019435,22.317153,935.0,20665.3171725,20866.538055,9.35,20.765882499998956,-201.22088250000024,-210.57088250000024,-0.010189579029554585,1
2018-01-29,2018-01-30,-1,21.6901495,21.527758499999997,944.0,20475.501128,20322.204024,9.44,20.398895999998103,153.2971040000029,143.8571040000029,0.007025816027685889,1
2018-01-31,2018-02-01,-1,21.768110500000002,21.752871,947.0,20614.4006435,20599.968837,9.47,20.607193499995862,14.431806500003223,4.961806500003222,0.00024069613207831713,1
2018-02-02,2018-02-05,-1,20.9984955,20.840414999999997,982.0,20620.522581,20465.287529999998,9.82,20.542948999998018,155.23505100000398,145.41505100000398,0.007051957603343728,1
2018-02-06,2018-02-07,-1,20.2508695,20.009899949999998,1025.0,20757.1412375,20510.147448749998,10.25,20.633711249996267,246.9937887500027,236.7437887500027,0.01140541397494081,1
2018-02-08,2018-02-09,1,19.8633267,19.62808105,1057.0,20995.5363219,20746.881669849998,10.57,20.87115204999713,-248.6546520499995,-259.2246520499995,-0.012346655406921318,1
2018-02-12,2018-02-13,-1,20.1229335,20.184086999999998,1031.0,20746.744438499998,20809.793696999997,10.31,20.778258499999247,-63.049258499999624,-73.35925849999963,-0.003535940721565255,1
2018-02-14,2018-02-15,-1,21.085452,21.106548,980.0,20663.74296,20684.41704,9.8,20.674080000000004,-20.674080000000004,-30.474080000000004,-0.00147476089201218,1
2018-02-16,2018-02-20,-1,20.617686000000003,20.07003,1001.0,20638.303686000003,20090.100029999998,10.01,20.364343999997917,548.2036560000034,538.1936560000034,0.026077417223252086,1
2018-02-21,2018-02-22,-1,19.971709150000002,19.94126565,1060.0,21170.011699000002,21137.741588999997,10.6,21.153889999995457,32.27011000000431,21.670110000004307,0.0010236229581785223,1
2018-02-23,2018-02-26,-1,20.131929,20.354172,1053.0,21198.921237,21432.943116,10.53,21.315878999996972,-234.0218789999988,-244.5518789999988,-0.011536053003167202,1
2018-02-27,2018-02-28,-1,19.692248950000003,19.592691449999997,1064.0,20952.552882800002,20846.623702799996,10.64,20.89961999999599,105.92918000000705,95.28918000000705,0.004547855363163414,1
2018-03-01,2018-03-02,-1,19.7655123,19.7210556,1065.0,21050.2705995,21002.924214,10.65,21.02661449999813,47.34638550000143,36.69638550000143,0.0017432738133481794,1
2018-03-05,2018-03-06,-1,19.829680200000002,20.2030965,1063.0,21078.9500526,21475.8915795,10.63,21.277326899998098,-396.94152689999873,-407.57152689999873,-0.019335475717858465,1
2018-03-07,2018-03-08,-1,19.7655123,19.8587244,1046.0,20674.725865800003,20772.2257224,10.46,20.723456599999302,-97.49985659999874,-107.95985659999874,-0.005221827718576199,1
2018-03-09,2018-03-12,-1,19.7655123,19.9549725,1041.0,20575.8983043,20773.1263725,10.41,20.67446820000011,-197.22806819999914,-207.63806819999914,-0.010091324574471018,1
2018-03-13,2018-03-14,-1,19.87015995,19.944867449999997,1025.0,20366.91394875,20443.48913625,10.25,20.40518749999496,-76.57518749999514,-86.82518749999514,-0.004263050736035734,1
2018-03-15,2018-03-16,-1,19.651969100000002,19.661425799999996,1032.0,20280.8321112,20290.591425599996,10.32,20.285714399995044,-9.759314399993912,-20.079314399993912,-0.0009900636369306168,1
2018-03-19,2018-03-20,1,19.7210556,19.49974525,1027.0,20253.5241012,20026.23837175,10.27,20.139829449997034,-227.28572944999954,-237.55572944999955,-0.01172910592067899,1
2018-03-21,2018-03-22,-1,20.0309795,19.7302602,999.0,20010.948520500002,19710.5299398,9.99,19.860819299998088,300.4185807000008,290.4285807000008,0.014513483976158068,1
2018-03-23,2018-03-26,-1,20.2708595,20.5832865,1002.0,20311.401219,20624.453073,10.02,20.46785399999797,-313.0518539999996,-323.0718539999996,-0.015905936302306252,1
2018-03-27,2018-03-28,-1,20.145922,19.86782895,992.0,19984.754623999997,19708.8863184,9.92,19.846894399999087,275.86830559999896,265.94830559999895,0.01330755921719537,1
2018-03-29,2018-04-02,-1,20.131929,20.3911905,1006.0,20252.720574,20513.537643,10.06,20.383069000000155,-260.8170690000009,-270.8770690000009,-0.013374848480739273,1
2018-04-03,2018-04-04,-1,20.085952000000002,20.07003,995.0,19985.522240000002,19969.67985,9.950000000000001,19.97760999999805,15.842390000003306,5.892390000003305,0.000294832926017314,1
2018-04-05,2018-04-06,-1,20.127931000000004,20.2531215,993.0,19987.035483000003,20111.3496495,9.93,20.049166499998236,-124.31416649999514,-134.24416649999515,-0.006716562174224221,1
2018-04-09,2018-04-10,-1,20.143923,20.4232065,985.0,19841.764155,20116.8584025,9.85,19.979247499997932,-275.0942474999983,-284.9442474999983,-0.014360832296668244,1
2018-04-11,2018-04-12,-1,20.837576,20.613301500000002,939.0,19566.483863999998,19355.890108500003,9.39,19.461244500000998,210.5937554999966,201.2037554999966,0.010283081870942973,1
2018-04-13,2018-04-16,-1,20.9845025,20.913451499999997,942.0,19767.401355,19700.471313,9.42,19.733957999998218,66.93004200000395,57.51004200000395,0.002909337497994255,1
2018-04-17,2018-04-18,-1,21.0204845,21.0835365,943.0,19822.3168835,19881.7749195,9.43,19.852036000000904,-59.45803600000241,-68.88803600000242,-0.003475276699735563,1
2018-04-19,2018-04-20,-1,21.121434000000004,20.8314105,935.0,19748.540790000003,19477.3688175,9.35,19.613027499996427,271.1719725000035,261.8219725000035,0.013257788273277452,1
2018-04-23,2018-04-24,-1,20.544722500000002,20.842416,974.0,20010.559715000003,20300.513184,9.74,20.15546899999668,-289.95346899999765,-299.69346899999766,-0.014976765931007224,1
2018-04-25,2018-04-26,-1,20.617686000000003,20.721355499999998,956.0,19710.507816,19809.615857999997,9.56,19.76004199999693,-99.10804199999541,-108.66804199999541,-0.0055132035670732,1
2018-04-27,2018-04-30,-1,20.837576,20.436213,941.0,19608.159015999998,19230.476433,9.41,19.419417000000642,377.6825829999999,368.2725829999999,0.018781599164893265,1
2018-05-01,2018-05-02,-1,20.4527685,20.537263499999998,977.0,19982.354824500002,20064.9064395,9.77,20.023614999996894,-82.55161499999696,-92.32161499999695,-0.0046201569239879125,1
2018-05-03,2018-05-04,-1,20.759615,20.766378,958.0,19887.71117,19894.190124,9.58,19.890953999998807,-6.478953999999433,-16.05895399999943,-0.000807481256275678,1
2018-05-07,2018-05-08,-1,20.7686105,20.803396499999998,957.0,19875.5602485,19908.8504505,9.57,19.892201999997635,-33.29020199999701,-42.86020199999701,-0.0021564273642667078,1
2018-05-09,2018-05-10,-1,20.727631000000002,21.060525,956.0,19815.615236,20133.8619,9.56,19.974663999995087,-318.2466639999962,-327.8066639999962,-0.016542845634409258,1
2018-05-11,2018-05-14,-1,20.965512,20.8954425,930.0,19497.92616,19432.761525,9.3,19.465364999998727,65.16463499999898,55.864634999998984,0.0028651577886578163,1
2018-05-15,2018-05-16,-1,20.397796000000003,20.446218,959.0,19561.486364000004,19607.923061999998,9.59,19.584697999996536,-46.43669799999528,-56.02669799999528,-0.0028641329680910163,1
2018-05-17,2018-05-18,-1,20.3428235,20.368178999999998,958.0,19488.424913000003,19512.715482,9.58,19.50056899999742,-24.290568999996466,-33.870568999996465,-0.0017379839135897878,1
2018-05-21,2018-05-22,1,20.482236,20.26986,950.0,19458.124200000002,19256.367000000002,9.5,19.357199999998898,-201.75719999999905,-211.25719999999905,-0.010857017759193819,1
2018-05-23,2018-05-24,-1,20.4807545,20.766378,940.0,19251.90923,19520.39532,9.4,19.386089999999285,-268.4860899999998,-277.8860899999998,-0.014434209442821052,1
2018-05-25,2018-05-29,-1,20.443773,20.3311605,928.0,18971.821344,18867.316944,9.28,18.919599999998354,104.50440000000083,95.22440000000083,0.005019254518234031,1
2018-05-30,2018-05-31,1,20.592291,20.461764000000002,926.0,19068.461466,18947.593464,9.26,19.00800199999791,-120.86800199999738,-130.12800199999737,-0.0068242528235443614,1
2018-06-01,2018-06-04,-1,20.434777500000003,20.4272085,927.0,18943.0387425,18936.0222795,9.27,18.939536999995347,7.016463000003441,-2.253536999996559,-0.00011896385952801726,1
2018-06-05,2018-06-06,-1,20.553718,20.6933415,921.0,18929.974278,19058.567521499997,9.21,18.9942434999993,-128.5932434999991,-137.8032434999991,-0.0072796318408182405,1
2018-06-07,2018-06-08,-1,20.571709000000002,20.482236,914.0,18802.542026000003,18720.763704,9.14,18.761677999997936,81.77832200000154,72.63832200000154,0.0038632181701579423,1
2018-06-11,2018-06-12,-1,20.6586655,20.6113005,913.0,18861.3616015,18818.1173565,9.13,18.839754999998746,43.24424500000252,34.11424500000252,0.0018086841088550834,1
2018-06-13,2018-06-14,-1,20.585702,20.776382999999996,918.0,18897.674436,19072.719593999995,9.18,18.98515799999649,-175.04515799999479,-184.2251579999948,-0.00974856237596339,1
2018-06-15,2018-06-18,-1,20.3608145,20.436213,919.0,18711.5885255,18780.879747,9.19,18.746221499998967,-69.2912214999987,-78.4812214999987,-0.00419425755290873,1
2018-06-19,2018-06-20,-1,20.232878499999998,20.112050999999997,921.0,18634.481098499997,18523.198970999998,9.21,18.578872499997683,111.2821275000007,102.0721275000007,0.005477594302758295,1
2018-06-21,2018-06-22,1,20.097043499999998,20.3428235,933.0,18750.5415855,18979.8543255,9.33,18.86525999999846,229.3127400000032,219.9827400000032,0.011732073924206983,1
2018-06-25,2018-06-26,-1,20.1409245,20.148069,942.0,18972.750879,18979.480998,9.42,18.97611899999729,-6.730118999999057,-16.15011899999906,-0.0008512270625908459,1
2018-06-27,2018-06-28,1,19.9969935,20.0949475,948.0,18957.149837999998,19050.01023,9.48,19.00360800000064,92.86039200000135,83.38039200000135,0.004398361183645004,1
2018-06-29,2018-07-02,1,20.446218,20.223883000000004,931.0,19035.428957999997,18828.435073000004,9.31,18.931884999996065,-206.99388499999438,-216.30388499999438,-0.011363226196648887,1
2018-07-03,2018-07-05,1,20.620305,20.7896,912.0,18805.718159999997,18960.1152,9.120000000000001,18.88295999999957,154.3970400000016,145.2770400000016,0.0077251524650096964,1
2018-07-06,2018-07-09,-1,20.7186355,20.6933415,915.0,18957.551482500003,18934.4074725,9.15,18.94598999999726,23.14401000000217,13.994010000002168,0.0007381760251538943,1
2018-07-10,2018-07-11,1,20.730359999999997,20.177906,915.0,18968.2794,18462.78399,9.15,18.715409999997537,-505.49540999999755,-514.6454099999976,-0.027131897371777305,1
2018-07-12,2018-07-13,1,20.317153499999996,20.127931000000004,909.0,18468.292531499996,18296.289279000004,9.09,18.382252499995992,-172.0032524999932,-181.0932524999932,-0.009805630498386134,1
2018-07-16,2018-07-17,1,20.060025,20.039975000000002,911.0,18274.682775,18256.417225,9.11,18.265549999997887,-18.265549999997887,-27.375549999997887,-0.001498004115149292,1
2018-07-18,2018-07-19,1,20.0650275,19.7747077,910.0,18259.175025,17994.984007,9.1,18.12701800000024,-264.191017999999,-273.29101799999904,-0.014967325611689241,1
2018-07-20,2018-07-23,1,19.977984,19.55131945,900.0,17980.1856,17596.187505,9.0,17.788094999998094,-383.99809499999833,-392.99809499999833,-0.021857288002633205,1
2018-07-24,2018-07-25,1,19.82200605,19.95791605,887.0,17582.119366349998,17702.67153635,8.870000000000001,17.642429999997013,120.55217000000235,111.68217000000234,0.006352031155797304,1
2018-07-26,2018-07-27,1,19.601896049999997,19.5456223,903.0,17700.512133149998,17649.6969369,9.03,17.67509624999614,-50.8151962499959,-59.8451962499959,-0.003380986708170788,1
2018-07-30,2018-07-31,1,19.5055479,19.52733145,904.0,17633.0153016,17652.7076308,9.040000000000001,17.64287080000102,19.69232919999868,10.65232919999868,0.0006041127406628009,1
2018-08-01,2018-08-02,-1,19.362314,19.2073989,911.0,17639.068054000003,17497.9403979,9.11,17.568543899998932,141.12765610000017,132.01765610000018,0.007484389520797988,1
2018-08-03,2018-08-06,-1,19.3715094,19.17988515,918.0,17783.0456292,17607.1345677,9.18,17.695138499998606,175.91106150000024,166.73106150000024,0.009375843990763065,1
2018-08-07,2018-08-08,-1,18.922534,19.033111799999997,948.0,17938.562232,18043.389986399998,9.48,17.99095439999836,-104.82775439999806,-114.30775439999806,-0.006372180385565588,1
2018-08-09,2018-08-10,-1,18.99119965,18.858924749999996,939.0,17832.73647135,17708.530340249996,9.39,17.77066889999721,124.20613110000217,114.81613110000217,0.006438503214829945,1
2018-08-13,2018-08-14,-1,18.29934575,18.1342626,981.0,17951.65818075,17789.7116106,9.81,17.87072984999821,161.94657015000092,152.13657015000092,0.008474792056431904,1
2018-08-15,2018-08-16,1,17.042717099999997,16.649970850000003,1062.0,18099.365560199996,17682.2690427,10.620000000000001,17.890717499996647,-417.09651749999443,-427.71651749999444,-0.023631575155348607,1
2018-08-17,2018-08-20,1,17.1527721,17.227282050000003,1030.0,17667.355263,17744.100511500004,10.3,17.705751499996296,76.74524850000313,66.44524850000313,0.0037609052125168172,1
2018-08-21,2018-08-22,1,17.3514714,17.456367450000002,1022.0,17733.203770800003,17840.4075339,10.22,17.78683689999847,107.2037631000007,96.9837631000007,0.005469049155105121,1
2018-08-23,2018-08-24,-1,16.92483335,17.40039585,1054.0,17838.7743509,18340.0172259,10.540000000000001,18.089274999997627,-501.2428749999987,-511.78287499999874,-0.02868935191022125,1
2018-08-27,2018-08-28,-1,17.67165975,17.36817975,980.0,17318.226555,17020.816155,9.8,17.169599999997587,297.41040000000044,287.6104000000004,0.01660738177125668,1
2018-08-29,2018-08-30,-1,17.39259935,17.1435675,1013.0,17618.703141550002,17366.4338775,10.13,17.49263594999599,252.2692640500015,242.13926405000151,0.013743308012209311,1
2018-08-31,2018-09-04,-1,16.99819665,16.5290604,1050.0,17848.1064825,17355.51342,10.5,17.6019374999953,492.5930625000019,482.0930625000019,0.027010880004144547,1
2018-09-05,2018-09-06,1,16.39149165,16.36131525,1119.0,18342.07915635,18308.31176475,11.19,18.325191599998462,-33.76739159999825,-44.957391599998246,-0.0024510520981169174,1
2018-09-07,2018-09-10,1,16.4005962,16.13682755,1115.0,18286.664762999997,17992.56271825,11.15,18.139544750000738,-294.1020447499993,-305.2520447499993,-0.016692603528644857,1
2018-09-11,2018-09-12,1,16.1162541,16.59499835,1116.0,17985.7395756,18520.0181586,11.16,18.253016999998763,534.2785830000021,523.1185830000021,0.029085186116543166,1
2018-09-13,2018-09-14,-1,16.57200985,16.48313745,1117.0,18510.93500245,18411.66453165,11.17,18.46132919999985,99.27047079999959,88.10047079999958,0.004759374433994777,1
2018-09-17,2018-09-18,-1,16.778206700000002,16.836313949999997,1108.0,18590.253023600002,18654.635856599998,11.08,18.622432999995382,-64.38283299999502,-75.46283299999502,-0.004059268741753878,1
2018-09-19,2018-09-20,-1,17.1906004,17.3682798,1077.0,18514.276630800003,18705.6373446,10.77,18.609913799999582,-191.36071379999873,-202.13071379999874,-0.01091755934248805,1
2018-09-21,2018-09-24,-1,17.1997958,17.2077996,1065.0,18317.782527,18326.306574000002,10.65,18.32204700000082,-8.524047000000952,-19.174047000000954,-0.0010467449851934228,1
2018-09-25,2018-09-26,-1,17.27305915,16.895943749999997,1059.0,18292.169639850003,17892.80443125,10.59,18.092591399996714,399.3652086000048,388.7752086000048,0.021253641107342847,1
2018-09-27,2018-09-28,-1,16.81488835,16.9876896,1111.0,18681.34095685,18873.3231456,11.11,18.7772887500001,-191.98218874999904,-203.09218874999902,-0.010871392434788253,1
2018-10-01,2018-10-02,-1,16.98440355,17.47843485,1088.0,18479.0310624,19016.5371168,10.88,18.747654399998737,-537.5060543999996,-548.3860543999996,-0.029676126012679414,1
2018-10-03,2018-10-04,-1,17.20889125,17.2077996,1042.0,17931.6646825,17930.5271832,10.42,17.931100700000677,1.1374992999993054,-9.282500700000694,-0.0005176597301119366,1
2018-10-05,2018-10-08,-1,17.0806554,17.17108125,1050.0,17934.68817,18029.6353125,10.5,17.9821424999993,-94.94714249999899,-105.44714249999899,-0.005879507995928484,1
2018-10-09,2018-10-10,-1,16.8423746,17.08854,1058.0,17819.2323268,18079.67532,10.58,17.949393200000138,-260.4429931999988,-271.0229931999988,-0.015209577395339423,1
2018-10-11,2018-10-12,-1,18.19399845,18.1112511,965.0,17557.20850425,17477.3573115,9.65,17.517307250001064,79.85119274999829,70.20119274999828,0.003998425645683081,1
2018-10-15,2018-10-16,-1,18.381804499999998,18.354372599999998,959.0,17628.150515499998,17601.843323399997,9.59,17.6150079,26.30719209999985,16.71719209999985,0.0009483236534258562,1
2018-10-17,2018-10-18,-1,18.24437325,18.336063449999997,967.0,17642.30893275,17730.973356149996,9.67,17.686623399999174,-88.66442339999865,-98.33442339999866,-0.005573784235092791,1
2018-10-19,2018-10-22,-1,18.340725050000003,18.207599249999998,956.0,17533.7331478,17406.464882999997,9.56,17.470135199997046,127.26826480000527,117.70826480000527,0.0067132460502157465,1
2018-10-23,2018-10-24,-1,18.427681550000003,18.198494699999998,958.0,17653.718924900004,17434.1579226,9.58,17.543997699997448,219.56100230000473,209.98100230000472,0.01189443443578527,1
2018-10-25,2018-10-26,-1,17.4104904,17.492141699999998,1026.0,17863.1631504,17946.9373842,10.26,17.905033799997554,-83.77423379999713,-94.03423379999714,-0.005264142358678031,1
2018-10-29,2018-10-30,-1,17.4104904,17.5655784,1021.0,17776.1106984,17934.4555464,10.21,17.855248000000174,-158.34484799999922,-168.55484799999923,-0.009482099366942545,1
2018-10-31,2018-11-01,-1,17.34182475,17.9325618,1015.0,17601.95212125,18201.550227,10.15,17.901605749997564,-599.5981057499978,-609.7481057499978,-0.034640936502371114,1
2018-11-02,2018-11-05,-1,17.992399300000002,17.9507709,945.0,17002.8173385,16963.478500499998,9.450000000000001,16.983161999995886,39.33883800000379,29.888838000003787,0.0017578756158442973,1
2018-11-06,2018-11-07,-1,17.78620245,17.703147149999996,957.0,17021.395744650003,16941.911822549995,9.57,16.981677899998036,79.48392210000495,69.91392210000495,0.004107414171483535,1
2018-11-08,2018-11-09,-1,17.754118500000004,17.45542335,963.0,17097.216115500003,16809.57268605,9.63,16.953470549997974,287.64342945000374,278.01342945000374,0.016260742542638984,1
2018-11-12,2018-11-13,-1,17.04857145,16.89134145,1019.0,17372.49430755,17212.27693755,10.19,17.292429999996987,160.217370000002,150.027370000002,0.008635914183883247,1
2018-11-14,2018-11-15,-1,17.2317798,17.5105509,1017.0,17524.720056600003,17808.230265299997,10.17,17.66640869999828,-283.51020869999655,-293.68020869999657,-0.016758054208654442,1
