date,lookback_5d_threshold_0.5pct,lookback_5d_threshold_1.0pct,lookback_5d_threshold_1.5pct,lookback_5d_threshold_2.0pct,lookback_10d_threshold_0.5pct,lookback_10d_threshold_1.0pct,lookback_10d_threshold_1.5pct,lookback_10d_threshold_2.0pct,lookback_20d_threshold_0.5pct,lookback_20d_threshold_1.0pct,lookback_20d_threshold_1.5pct,lookback_20d_threshold_2.0pct,lookback_60d_threshold_0.5pct,lookback_60d_threshold_1.0pct,lookback_60d_threshold_1.5pct,lookback_60d_threshold_2.0pct
2006-10-02,-0.009262194048248018,-0.009262194048248018,-0.009262194048248018,-0.009262194048248018,0.009262194048248018,0.009262194048248018,-0.0,-0.0,-0.009262194048248018,0.009262194048248018,0.009262194048248018,0.009262194048248018,,,,
2006-10-03,0.0246004606043686,0.0246004606043686,0.0246004606043686,0.0246004606043686,0.0246004606043686,0.0246004606043686,0.0246004606043686,0.0246004606043686,-0.0246004606043686,0.0246004606043686,0.0246004606043686,0.0246004606043686,,,,
2006-10-04,-0.006675067261519563,-0.006675067261519563,-0.006675067261519563,-0.006675067261519563,-0.006675067261519563,-0.006675067261519563,-0.006675067261519563,0.0,0.006675067261519563,-0.006675067261519563,-0.006675067261519563,-0.006675067261519563,,,,
2006-10-05,-0.007542770939760746,-0.007542770939760746,-0.007542770939760746,-0.007542770939760746,-0.007542770939760746,0.0,0.0,0.0,0.007542770939760746,-0.007542770939760746,-0.007542770939760746,-0.007542770939760746,,,,
2006-10-06,0.009949217535495825,0.009949217535495825,0.009949217535495825,0.009949217535495825,0.009949217535495825,0.009949217535495825,0.009949217535495825,-0.0,-0.009949217535495825,0.009949217535495825,0.009949217535495825,0.009949217535495825,,,,
2006-10-09,-0.018573627501282663,-0.018573627501282663,-0.018573627501282663,-0.018573627501282663,-0.018573627501282663,-0.018573627501282663,0.0,0.0,0.018573627501282663,-0.018573627501282663,-0.018573627501282663,-0.018573627501282663,,,,
2006-10-10,-0.028683953715321397,-0.028683953715321397,-0.028683953715321397,-0.028683953715321397,0.028683953715321397,0.028683953715321397,0.028683953715321397,0.028683953715321397,-0.028683953715321397,0.028683953715321397,0.028683953715321397,0.028683953715321397,,,,
2006-10-11,-0.0,-0.0,-0.0,-0.0,0.02676605116042685,0.02676605116042685,0.02676605116042685,0.02676605116042685,-0.02676605116042685,0.02676605116042685,0.02676605116042685,0.02676605116042685,,,,
2006-10-12,-0.009800362976406518,-0.0,-0.0,-0.0,0.009800362976406518,0.009800362976406518,0.009800362976406518,0.009800362976406518,0.0,-0.0,-0.0,-0.0,,,,
2006-10-13,0.006110711718188444,0.006110711718188444,0.006110711718188444,0.006110711718188444,0.0,0.0,0.0,0.0,-0.006110711718188444,0.006110711718188444,0.0,0.0,,,,
2006-10-16,0.016472135459477122,0.016472135459477122,0.016472135459477122,0.016472135459477122,0.016472135459477122,0.0,0.0,0.0,-0.0,0.0,0.0,0.0,,,,
2006-10-17,-0.03205856789463124,-0.03205856789463124,-0.03205856789463124,-0.03205856789463124,-0.03205856789463124,-0.03205856789463124,-0.03205856789463124,-0.03205856789463124,0.03205856789463124,-0.03205856789463124,-0.03205856789463124,-0.03205856789463124,,,,
2006-10-18,0.014899750591131466,0.014899750591131466,0.014899750591131466,0.014899750591131466,0.014899750591131466,0.014899750591131466,0.014899750591131466,0.014899750591131466,-0.014899750591131466,0.014899750591131466,0.014899750591131466,0.014899750591131466,,,,
2006-10-19,-0.004537533291684381,-0.004537533291684381,-0.004537533291684381,-0.004537533291684381,-0.004537533291684381,-0.004537533291684381,-0.004537533291684381,-0.004537533291684381,0.004537533291684381,-0.004537533291684381,-0.004537533291684381,-0.004537533291684381,,,,
2006-10-20,-0.0,-0.0,-0.0,-0.0,-0.008313966809597062,-0.008313966809597062,-0.008313966809597062,-0.008313966809597062,0.008313966809597062,-0.008313966809597062,-0.008313966809597062,-0.008313966809597062,,,,
2006-10-23,-0.0,-0.0,-0.0,-0.0,-0.02535302710598919,-0.02535302710598919,-0.02535302710598919,-0.02535302710598919,0.02535302710598919,-0.02535302710598919,-0.02535302710598919,-0.02535302710598919,,,,
2006-10-24,0.0010764262648008671,0.0010764262648008671,0.0,0.0,0.0010764262648008671,0.0010764262648008671,0.0010764262648008671,0.0010764262648008671,-0.0010764262648008671,0.0010764262648008671,0.0010764262648008671,0.0,,,,
2006-10-25,0.007543103448275801,0.007543103448275801,0.007543103448275801,0.007543103448275801,0.007543103448275801,0.007543103448275801,0.007543103448275801,0.007543103448275801,-0.007543103448275801,0.007543103448275801,0.007543103448275801,0.007543103448275801,,,,
2006-10-26,-0.0030018522066808107,-0.0030018522066808107,-0.0030018522066808107,-0.0030018522066808107,-0.0030018522066808107,-0.0030018522066808107,-0.0030018522066808107,-0.0030018522066808107,0.0030018522066808107,-0.0030018522066808107,-0.0030018522066808107,-0.0030018522066808107,,,,
2006-10-27,-0.025662251655629076,-0.025662251655629076,-0.025662251655629076,-0.025662251655629076,-0.025662251655629076,-0.025662251655629076,-0.025662251655629076,-0.025662251655629076,0.025662251655629076,-0.025662251655629076,-0.025662251655629076,-0.025662251655629076,,,,
2006-10-30,-0.0021108834668155385,-0.0021108834668155385,-0.0021108834668155385,-0.0021108834668155385,-0.0021108834668155385,-0.0021108834668155385,-0.0021108834668155385,-0.0021108834668155385,0.0021108834668155385,-0.0021108834668155385,-0.0021108834668155385,-0.0021108834668155385,,,,
2006-10-31,-0.00786816182392669,-0.00786816182392669,-0.00786816182392669,-0.00786816182392669,-0.00786816182392669,-0.00786816182392669,-0.00786816182392669,-0.00786816182392669,0.00786816182392669,-0.00786816182392669,-0.00786816182392669,-0.00786816182392669,,,,
2006-11-01,-0.009927464961888344,-0.009927464961888344,-0.009927464961888344,-0.009927464961888344,-0.009927464961888344,-0.009927464961888344,-0.009927464961888344,-0.009927464961888344,0.009927464961888344,-0.009927464961888344,-0.009927464961888344,-0.009927464961888344,,,,
2006-11-02,0.006725706807876208,0.006725706807876208,0.006725706807876208,0.006725706807876208,0.006725706807876208,0.006725706807876208,0.006725706807876208,0.006725706807876208,-0.006725706807876208,0.006725706807876208,0.006725706807876208,0.006725706807876208,,,,
2006-11-03,-0.0020834609963846784,-0.0020834609963846784,-0.0020834609963846784,-0.0020834609963846784,-0.0020834609963846784,-0.0020834609963846784,-0.0020834609963846784,-0.0020834609963846784,0.0020834609963846784,-0.0020834609963846784,-0.0020834609963846784,-0.0020834609963846784,,,,
2006-11-06,0.007246376811594235,0.007246376811594235,0.007246376811594235,0.007246376811594235,0.007246376811594235,0.007246376811594235,0.007246376811594235,0.007246376811594235,-0.007246376811594235,0.007246376811594235,0.007246376811594235,0.007246376811594235,,,,
2006-11-07,-0.04416520373279109,-0.04416520373279109,-0.04416520373279109,-0.0,-0.04416520373279109,-0.04416520373279109,-0.04416520373279109,-0.04416520373279109,0.04416520373279109,-0.04416520373279109,-0.04416520373279109,-0.04416520373279109,,,,
2006-11-08,0.02253487891926953,0.0,0.0,0.0,0.02253487891926953,0.02253487891926953,0.02253487891926953,0.02253487891926953,-0.02253487891926953,0.02253487891926953,0.02253487891926953,0.02253487891926953,,,,
2006-11-09,0.0032891758954706196,0.0032891758954706196,0.0032891758954706196,0.0032891758954706196,0.0032891758954706196,0.0032891758954706196,0.0032891758954706196,0.0032891758954706196,-0.0032891758954706196,0.0032891758954706196,0.0032891758954706196,0.0032891758954706196,,,,
2006-11-10,0.01262488646684834,0.0,0.0,0.0,0.01262488646684834,0.01262488646684834,0.01262488646684834,0.01262488646684834,-0.01262488646684834,0.01262488646684834,0.01262488646684834,0.01262488646684834,,,,
2006-11-13,-0.009628062429092754,-0.009628062429092754,-0.0,-0.0,-0.009628062429092754,-0.009628062429092754,-0.009628062429092754,-0.009628062429092754,0.009628062429092754,-0.009628062429092754,-0.009628062429092754,-0.009628062429092754,,,,
2006-11-14,0.0,0.0,0.0,0.0,0.037902025693200114,0.037902025693200114,0.0,0.0,-0.037902025693200114,0.037902025693200114,0.037902025693200114,0.037902025693200114,,,,
2006-11-15,-0.0005366331007923275,-0.0005366331007923275,-0.0,-0.0,-0.0005366331007923275,-0.0005366331007923275,-0.0005366331007923275,-0.0,0.0005366331007923275,-0.0005366331007923275,-0.0005366331007923275,-0.0005366331007923275,,,,
2006-11-16,-0.000788743059061181,-0.000788743059061181,-0.000788743059061181,-0.000788743059061181,-0.000788743059061181,-0.000788743059061181,-0.000788743059061181,-0.000788743059061181,-0.000788743059061181,0.000788743059061181,0.000788743059061181,0.000788743059061181,,,,
2006-11-17,0.034037447507183405,0.034037447507183405,0.034037447507183405,0.034037447507183405,0.034037447507183405,0.034037447507183405,0.034037447507183405,0.034037447507183405,0.034037447507183405,-0.034037447507183405,-0.034037447507183405,-0.034037447507183405,,,,
2006-11-20,0.006565085956822925,0.006565085956822925,0.006565085956822925,0.006565085956822925,0.006565085956822925,0.006565085956822925,0.006565085956822925,0.006565085956822925,0.006565085956822925,-0.006565085956822925,-0.006565085956822925,-0.006565085956822925,,,,
2006-11-21,-0.0,-0.0,-0.0,-0.0,-0.0,-0.0,-0.0,-0.0,0.025998058488047482,-0.025998058488047482,-0.025998058488047482,-0.025998058488047482,,,,
2006-11-22,-0.0,-0.0,-0.0,-0.0,-0.0026610685668668754,-0.0026610685668668754,-0.0026610685668668754,-0.0,0.0026610685668668754,-0.0026610685668668754,-0.0026610685668668754,-0.0026610685668668754,,,,
2006-11-24,-0.011028869688301635,-0.011028869688301635,-0.011028869688301635,-0.011028869688301635,-0.0,-0.0,-0.0,-0.0,0.011028869688301635,-0.011028869688301635,-0.011028869688301635,-0.011028869688301635,,,,
2006-11-27,-0.0029458947061398177,-0.0029458947061398177,-0.0029458947061398177,-0.0029458947061398177,-0.0029458947061398177,-0.0029458947061398177,-0.0029458947061398177,-0.0029458947061398177,0.0029458947061398177,-0.0029458947061398177,-0.0029458947061398177,-0.0029458947061398177,,,,
2006-11-28,-0.03481067876461341,-0.03481067876461341,-0.03481067876461341,-0.03481067876461341,-0.03481067876461341,-0.03481067876461341,-0.03481067876461341,-0.03481067876461341,0.03481067876461341,-0.03481067876461341,-0.03481067876461341,-0.03481067876461341,,,,
2006-11-29,0.01073546356406141,0.01073546356406141,0.01073546356406141,0.01073546356406141,0.01073546356406141,0.01073546356406141,0.01073546356406141,0.01073546356406141,-0.01073546356406141,0.01073546356406141,0.01073546356406141,0.01073546356406141,,,,
2006-11-30,-0.015425698133575638,-0.015425698133575638,-0.015425698133575638,-0.015425698133575638,-0.015425698133575638,-0.015425698133575638,-0.015425698133575638,-0.015425698133575638,0.015425698133575638,-0.015425698133575638,-0.015425698133575638,-0.015425698133575638,,,,
2006-12-01,0.013764547896150336,0.013764547896150336,0.013764547896150336,0.013764547896150336,0.013764547896150336,0.013764547896150336,0.013764547896150336,0.013764547896150336,-0.013764547896150336,0.013764547896150336,0.013764547896150336,0.013764547896150336,,,,
2006-12-04,0.01622602972880982,0.01622602972880982,0.01622602972880982,0.01622602972880982,0.01622602972880982,0.01622602972880982,0.01622602972880982,0.01622602972880982,-0.01622602972880982,0.01622602972880982,0.01622602972880982,0.01622602972880982,,,,
2006-12-05,-0.005968858131487842,-0.005968858131487842,-0.005968858131487842,-0.005968858131487842,-0.005968858131487842,-0.005968858131487842,-0.005968858131487842,-0.005968858131487842,0.005968858131487842,-0.005968858131487842,-0.005968858131487842,-0.005968858131487842,,,,
2006-12-06,0.016539111990139577,0.0,0.0,0.0,0.016539111990139577,0.016539111990139577,0.016539111990139577,0.016539111990139577,-0.016539111990139577,0.016539111990139577,0.016539111990139577,0.016539111990139577,,,,
2006-12-07,0.009414164966482064,0.009414164966482064,0.009414164966482064,-0.0,-0.009414164966482064,-0.009414164966482064,-0.009414164966482064,-0.009414164966482064,0.009414164966482064,-0.009414164966482064,-0.009414164966482064,-0.009414164966482064,,,,
2006-12-08,-0.011029942540351834,-0.011029942540351834,-0.011029942540351834,-0.011029942540351834,0.011029942540351834,0.011029942540351834,0.0,0.0,-0.011029942540351834,0.011029942540351834,0.0,0.0,,,,
2006-12-11,0.0009926717468102808,0.0009926717468102808,0.0009926717468102808,0.0009926717468102808,-0.0009926717468102808,-0.0009926717468102808,-0.0009926717468102808,-0.0009926717468102808,0.0009926717468102808,-0.0009926717468102808,-0.0009926717468102808,-0.0009926717468102808,,,,
2006-12-12,0.0032084001750039004,0.0032084001750039004,0.0032084001750039004,0.0032084001750039004,-0.0,-0.0,-0.0,-0.0,0.0032084001750039004,-0.0032084001750039004,-0.0032084001750039004,-0.0032084001750039004,,,,
2006-12-13,-0.017502543974414975,-0.017502543974414975,0.0,0.0,0.0,0.0,0.0,0.0,-0.017502543974414975,0.017502543974414975,0.017502543974414975,0.017502543974414975,,,,
2006-12-14,-0.013316367295001852,-0.013316367295001852,0.0,0.0,-0.013316367295001852,-0.013316367295001852,-0.013316367295001852,-0.013316367295001852,-0.013316367295001852,0.013316367295001852,0.013316367295001852,0.013316367295001852,,,,
2006-12-15,0.024682841975826708,0.024682841975826708,0.024682841975826708,-0.0,0.024682841975826708,0.024682841975826708,0.024682841975826708,0.024682841975826708,0.024682841975826708,-0.024682841975826708,-0.024682841975826708,-0.024682841975826708,,,,
2006-12-18,-0.016917403266405118,-0.016917403266405118,-0.016917403266405118,-0.016917403266405118,-0.016917403266405118,-0.016917403266405118,-0.016917403266405118,-0.016917403266405118,-0.016917403266405118,0.016917403266405118,0.016917403266405118,0.016917403266405118,,,,
2006-12-19,0.0,0.0,0.0,0.0,-0.015809217577706258,-0.015809217577706258,-0.015809217577706258,-0.015809217577706258,-0.015809217577706258,0.015809217577706258,0.015809217577706258,0.015809217577706258,,,,
2006-12-20,-0.001542789726835525,-0.001542789726835525,-0.001542789726835525,-0.001542789726835525,-0.001542789726835525,-0.001542789726835525,-0.001542789726835525,-0.001542789726835525,-0.001542789726835525,0.001542789726835525,0.001542789726835525,0.001542789726835525,,,,
2006-12-21,0.004605223292734717,0.004605223292734717,0.004605223292734717,0.004605223292734717,0.004605223292734717,0.004605223292734717,0.004605223292734717,0.004605223292734717,0.0,-0.0,-0.0,-0.0,,,,
2006-12-22,0.021322154532842807,0.021322154532842807,0.021322154532842807,0.021322154532842807,0.021322154532842807,0.021322154532842807,0.021322154532842807,0.021322154532842807,-0.021322154532842807,0.021322154532842807,0.021322154532842807,0.021322154532842807,,,,
2006-12-26,0.007795659235198427,-0.0,-0.0,-0.0,0.007795659235198427,0.007795659235198427,0.007795659235198427,0.007795659235198427,-0.007795659235198427,0.007795659235198427,0.007795659235198427,0.007795659235198427,,,,
2006-12-27,-0.0049811011163525265,0.0,0.0,0.0,-0.0049811011163525265,-0.0049811011163525265,0.0,0.0,0.0049811011163525265,-0.0049811011163525265,0.0,0.0,,,,
2006-12-28,0.03775140610736483,0.03775140610736483,0.03775140610736483,0.0,0.0,0.0,0.0,0.0,0.03775140610736483,0.0,0.0,0.0,,,,
2006-12-29,0.02068733359855557,0.02068733359855557,0.02068733359855557,0.02068733359855557,-0.02068733359855557,-0.02068733359855557,0.0,0.0,0.02068733359855557,-0.02068733359855557,-0.02068733359855557,-0.02068733359855557,,,,
2007-01-03,-0.009187212899596786,0.0,0.0,0.0,-0.009187212899596786,-0.009187212899596786,-0.009187212899596786,-0.009187212899596786,0.009187212899596786,-0.009187212899596786,-0.009187212899596786,-0.009187212899596786,0.009187212899596786,0.009187212899596786,0.009187212899596786,0.009187212899596786
2007-01-04,0.00015769388463104939,0.00015769388463104939,0.00015769388463104939,0.00015769388463104939,0.00015769388463104939,0.00015769388463104939,0.00015769388463104939,0.00015769388463104939,-0.00015769388463104939,0.00015769388463104939,0.00015769388463104939,0.00015769388463104939,-0.00015769388463104939,-0.00015769388463104939,-0.00015769388463104939,-0.00015769388463104939
2007-01-05,-0.006432896064581306,-0.006432896064581306,-0.006432896064581306,-0.006432896064581306,-0.006432896064581306,-0.006432896064581306,-0.006432896064581306,-0.006432896064581306,0.006432896064581306,-0.006432896064581306,-0.006432896064581306,-0.006432896064581306,0.006432896064581306,0.006432896064581306,0.006432896064581306,0.006432896064581306
2007-01-08,-0.011076551986797023,-0.011076551986797023,-0.011076551986797023,-0.011076551986797023,-0.011076551986797023,-0.011076551986797023,-0.011076551986797023,-0.011076551986797023,0.011076551986797023,-0.011076551986797023,-0.011076551986797023,-0.011076551986797023,0.011076551986797023,0.011076551986797023,0.011076551986797023,0.011076551986797023
2007-01-09,0.0077987098430629676,0.0077987098430629676,0.0077987098430629676,0.0077987098430629676,0.0077987098430629676,0.0077987098430629676,0.0077987098430629676,0.0077987098430629676,-0.0077987098430629676,0.0077987098430629676,0.0077987098430629676,0.0077987098430629676,-0.0077987098430629676,-0.0077987098430629676,-0.0077987098430629676,-0.0077987098430629676
2007-01-10,0.025221323482580882,0.025221323482580882,0.025221323482580882,0.025221323482580882,0.025221323482580882,0.025221323482580882,0.025221323482580882,0.025221323482580882,-0.025221323482580882,0.025221323482580882,0.025221323482580882,0.025221323482580882,-0.025221323482580882,-0.025221323482580882,-0.025221323482580882,-0.025221323482580882
2007-01-11,-0.008107100701994274,-0.008107100701994274,-0.008107100701994274,0.0,-0.008107100701994274,-0.008107100701994274,-0.008107100701994274,-0.008107100701994274,0.008107100701994274,-0.008107100701994274,-0.008107100701994274,-0.008107100701994274,0.008107100701994274,0.008107100701994274,0.008107100701994274,0.008107100701994274
2007-01-12,-0.004791281746155951,-0.004791281746155951,-0.004791281746155951,-0.0,0.004791281746155951,0.004791281746155951,0.004791281746155951,0.004791281746155951,-0.004791281746155951,0.004791281746155951,0.004791281746155951,0.004791281746155951,-0.004791281746155951,-0.004791281746155951,-0.004791281746155951,-0.004791281746155951
2007-01-16,0.019354235492114902,0.0,0.0,0.0,-0.019354235492114902,-0.019354235492114902,-0.019354235492114902,-0.019354235492114902,0.019354235492114902,-0.019354235492114902,-0.019354235492114902,-0.019354235492114902,0.019354235492114902,0.019354235492114902,0.019354235492114902,0.019354235492114902
2007-01-17,-0.015413952010169929,-0.015413952010169929,-0.015413952010169929,-0.0,0.015413952010169929,0.015413952010169929,0.015413952010169929,0.015413952010169929,-0.015413952010169929,0.015413952010169929,0.015413952010169929,0.015413952010169929,-0.015413952010169929,-0.015413952010169929,-0.015413952010169929,-0.015413952010169929
2007-01-18,0.0071987480438184814,0.0,0.0,0.0,-0.0071987480438184814,-0.0071987480438184814,-0.0071987480438184814,-0.0071987480438184814,0.0071987480438184814,-0.0071987480438184814,-0.0071987480438184814,-0.0071987480438184814,0.0071987480438184814,0.0071987480438184814,0.0071987480438184814,0.0
2007-01-19,-0.04911727616645645,-0.04911727616645645,-0.04911727616645645,-0.0,-0.0,-0.0,-0.0,-0.0,-0.04911727616645645,0.04911727616645645,0.04911727616645645,0.04911727616645645,-0.04911727616645645,-0.04911727616645645,-0.04911727616645645,-0.04911727616645645
2007-01-22,0.011238656169241024,0.011238656169241024,-0.0,-0.0,-0.0,-0.0,-0.0,-0.0,-0.011238656169241024,0.011238656169241024,0.011238656169241024,0.011238656169241024,-0.011238656169241024,-0.011238656169241024,-0.011238656169241024,-0.011238656169241024
2007-01-23,0.010876025199096584,0.010876025199096584,0.010876025199096584,0.010876025199096584,0.010876025199096584,0.010876025199096584,0.010876025199096584,0.010876025199096584,0.010876025199096584,0.0,0.0,0.0,0.010876025199096584,0.010876025199096584,0.010876025199096584,0.010876025199096584
2007-01-24,-0.0018025596346811223,-0.0018025596346811223,-0.0018025596346811223,-0.0018025596346811223,-0.0018025596346811223,-0.0018025596346811223,-0.0018025596346811223,-0.0018025596346811223,0.0018025596346811223,-0.0018025596346811223,-0.0018025596346811223,-0.0,-0.0018025596346811223,-0.0018025596346811223,-0.0018025596346811223,-0.0018025596346811223
2007-01-25,0.019402627001739337,0.019402627001739337,0.019402627001739337,0.019402627001739337,0.019402627001739337,0.019402627001739337,0.019402627001739337,0.019402627001739337,-0.019402627001739337,0.0,0.0,0.0,0.019402627001739337,0.019402627001739337,0.019402627001739337,0.019402627001739337
2007-01-26,-0.014312364292486057,-0.014312364292486057,-0.014312364292486057,-0.014312364292486057,-0.014312364292486057,-0.014312364292486057,-0.014312364292486057,-0.014312364292486057,0.014312364292486057,-0.0,-0.0,-0.0,-0.014312364292486057,-0.014312364292486057,-0.014312364292486057,-0.014312364292486057
2007-01-29,-0.013597853287906636,-0.013597853287906636,-0.013597853287906636,-0.013597853287906636,-0.013597853287906636,-0.013597853287906636,-0.013597853287906636,-0.0,-0.013597853287906636,0.013597853287906636,0.013597853287906636,0.013597853287906636,-0.013597853287906636,-0.013597853287906636,-0.013597853287906636,-0.013597853287906636
2007-01-30,-0.0,-0.0,-0.0,-0.0,-0.009132012612290907,-0.009132012612290907,-0.009132012612290907,-0.009132012612290907,-0.009132012612290907,0.009132012612290907,0.009132012612290907,0.009132012612290907,-0.009132012612290907,-0.009132012612290907,-0.009132012612290907,-0.009132012612290907
2007-01-31,0.0,0.0,0.0,0.0,0.013618275607958585,0.013618275607958585,0.013618275607958585,0.013618275607958585,0.013618275607958585,-0.013618275607958585,0.0,0.0,0.013618275607958585,0.013618275607958585,0.013618275607958585,0.013618275607958585
2007-02-01,-0.00403430654753012,-0.00403430654753012,-0.00403430654753012,-0.0,-0.00403430654753012,-0.00403430654753012,-0.00403430654753012,-0.00403430654753012,0.00403430654753012,-0.00403430654753012,-0.00403430654753012,-0.00403430654753012,-0.00403430654753012,-0.00403430654753012,-0.00403430654753012,-0.00403430654753012
2007-02-02,-0.0,-0.0,-0.0,-0.0,-0.004405024108578015,-0.004405024108578015,-0.004405024108578015,-0.004405024108578015,0.004405024108578015,-0.004405024108578015,-0.004405024108578015,-0.004405024108578015,-0.004405024108578015,-0.004405024108578015,-0.004405024108578015,-0.0
2007-02-05,0.008563977952942614,0.008563977952942614,0.008563977952942614,0.008563977952942614,0.008563977952942614,0.008563977952942614,0.008563977952942614,0.008563977952942614,-0.008563977952942614,0.008563977952942614,0.008563977952942614,0.008563977952942614,0.008563977952942614,0.008563977952942614,0.008563977952942614,0.008563977952942614
2007-02-06,-0.02235705532474519,-0.02235705532474519,-0.02235705532474519,-0.0,-0.02235705532474519,-0.02235705532474519,-0.0,-0.0,0.02235705532474519,-0.02235705532474519,-0.02235705532474519,-0.02235705532474519,-0.02235705532474519,-0.02235705532474519,-0.02235705532474519,-0.02235705532474519
2007-02-07,0.0,0.0,0.0,0.0,-0.0032159041075865424,0.0,0.0,0.0,-0.0032159041075865424,0.0032159041075865424,0.0032159041075865424,0.0032159041075865424,0.0032159041075865424,0.0032159041075865424,0.0032159041075865424,0.0032159041075865424
2007-02-08,0.011233318668426362,0.0,0.0,0.0,0.011233318668426362,0.011233318668426362,0.011233318668426362,0.011233318668426362,-0.011233318668426362,0.011233318668426362,0.011233318668426362,0.011233318668426362,0.011233318668426362,0.0,0.0,0.0
2007-02-09,-0.017412197437114196,-0.017412197437114196,-0.017412197437114196,-0.0,-0.017412197437114196,-0.017412197437114196,-0.017412197437114196,-0.017412197437114196,0.017412197437114196,-0.017412197437114196,-0.017412197437114196,-0.017412197437114196,-0.017412197437114196,-0.017412197437114196,-0.017412197437114196,-0.017412197437114196
2007-02-12,-0.0,-0.0,-0.0,-0.0,-0.010670865039797084,-0.010670865039797084,-0.010670865039797084,-0.010670865039797084,0.010670865039797084,-0.010670865039797084,-0.010670865039797084,-0.010670865039797084,-0.010670865039797084,-0.010670865039797084,-0.010670865039797084,-0.010670865039797084
2007-02-13,-0.010327419587480291,-0.010327419587480291,-0.010327419587480291,-0.0,-0.010327419587480291,-0.010327419587480291,-0.010327419587480291,-0.010327419587480291,0.010327419587480291,-0.010327419587480291,-0.010327419587480291,-0.010327419587480291,-0.010327419587480291,-0.010327419587480291,-0.010327419587480291,-0.010327419587480291
2007-02-14,0.007223824344002483,0.007223824344002483,0.007223824344002483,0.007223824344002483,0.007223824344002483,0.007223824344002483,0.007223824344002483,0.007223824344002483,-0.007223824344002483,0.007223824344002483,0.007223824344002483,0.007223824344002483,0.007223824344002483,0.007223824344002483,0.007223824344002483,0.007223824344002483
2007-02-15,0.018435432844406296,0.018435432844406296,0.018435432844406296,0.018435432844406296,0.018435432844406296,0.018435432844406296,0.018435432844406296,0.018435432844406296,-0.018435432844406296,0.018435432844406296,0.018435432844406296,0.018435432844406296,0.018435432844406296,0.018435432844406296,0.018435432844406296,0.018435432844406296
2007-02-16,-0.03691874945061402,-0.03691874945061402,-0.03691874945061402,-0.0,-0.03691874945061402,-0.03691874945061402,-0.03691874945061402,-0.03691874945061402,0.03691874945061402,-0.03691874945061402,-0.03691874945061402,-0.03691874945061402,-0.03691874945061402,-0.03691874945061402,-0.03691874945061402,-0.03691874945061402
2007-02-20,-0.0033626268049393726,-0.0033626268049393726,-0.0,-0.0,-0.0033626268049393726,-0.0033626268049393726,-0.0033626268049393726,-0.0,0.0033626268049393726,-0.0033626268049393726,-0.0033626268049393726,-0.0033626268049393726,-0.0033626268049393726,-0.0033626268049393726,-0.0033626268049393726,-0.0033626268049393726
2007-02-21,-0.0030134054297623614,-0.0030134054297623614,-0.0030134054297623614,-0.0030134054297623614,-0.0030134054297623614,-0.0030134054297623614,-0.0030134054297623614,-0.0030134054297623614,0.0030134054297623614,-0.0030134054297623614,-0.0030134054297623614,-0.0030134054297623614,-0.0030134054297623614,-0.0030134054297623614,-0.0030134054297623614,-0.0030134054297623614
2007-02-22,-0.01061350554541618,-0.01061350554541618,-0.01061350554541618,-0.01061350554541618,-0.01061350554541618,-0.01061350554541618,-0.01061350554541618,-0.01061350554541618,0.01061350554541618,-0.01061350554541618,-0.01061350554541618,-0.01061350554541618,-0.01061350554541618,-0.01061350554541618,-0.01061350554541618,-0.01061350554541618
2007-02-23,0.06904120245603307,0.06904120245603307,0.06904120245603307,0.0,0.06904120245603307,0.06904120245603307,0.06904120245603307,0.06904120245603307,-0.06904120245603307,0.06904120245603307,0.06904120245603307,0.06904120245603307,0.06904120245603307,0.06904120245603307,0.06904120245603307,0.06904120245603307
2007-02-26,-0.015996180016712325,-0.015996180016712325,-0.015996180016712325,-0.015996180016712325,-0.015996180016712325,-0.015996180016712325,-0.015996180016712325,-0.015996180016712325,0.015996180016712325,-0.015996180016712325,-0.015996180016712325,-0.015996180016712325,-0.015996180016712325,-0.015996180016712325,-0.015996180016712325,-0.015996180016712325
2007-02-27,-0.020796616143813895,-0.020796616143813895,-0.020796616143813895,0.0,-0.020796616143813895,0.0,0.0,0.0,-0.020796616143813895,0.020796616143813895,0.020796616143813895,0.020796616143813895,-0.020796616143813895,-0.020796616143813895,-0.020796616143813895,-0.020796616143813895
2007-02-28,-0.03620710343172551,-0.03620710343172551,-0.03620710343172551,-0.03620710343172551,-0.03620710343172551,0.0,0.0,0.0,-0.03620710343172551,0.03620710343172551,0.03620710343172551,0.03620710343172551,-0.03620710343172551,0.0,0.0,0.0
2007-03-01,-0.020666687416352802,-0.020666687416352802,-0.020666687416352802,-0.020666687416352802,-0.020666687416352802,-0.020666687416352802,-0.020666687416352802,-0.020666687416352802,0.020666687416352802,0.0,0.0,0.0,-0.020666687416352802,-0.020666687416352802,-0.020666687416352802,-0.020666687416352802
2007-03-02,0.030096933100270062,0.030096933100270062,0.030096933100270062,0.030096933100270062,0.030096933100270062,0.030096933100270062,0.030096933100270062,0.030096933100270062,-0.030096933100270062,0.030096933100270062,0.030096933100270062,0.030096933100270062,0.030096933100270062,0.030096933100270062,0.030096933100270062,0.030096933100270062
2007-03-05,0.0009872886585216012,0.0009872886585216012,0.0009872886585216012,0.0009872886585216012,0.0009872886585216012,0.0009872886585216012,0.0009872886585216012,0.0009872886585216012,-0.0009872886585216012,0.0009872886585216012,0.0009872886585216012,0.0009872886585216012,0.0009872886585216012,0.0009872886585216012,0.0009872886585216012,0.0009872886585216012
2007-03-06,0.0015719393416346872,0.0015719393416346872,0.0015719393416346872,0.0015719393416346872,0.0015719393416346872,0.0015719393416346872,0.0015719393416346872,0.0015719393416346872,-0.0015719393416346872,0.0015719393416346872,0.0015719393416346872,0.0015719393416346872,0.0015719393416346872,0.0015719393416346872,0.0015719393416346872,0.0015719393416346872
2007-03-07,-0.0039390675488536475,-0.0039390675488536475,-0.0039390675488536475,-0.0039390675488536475,-0.0039390675488536475,-0.0039390675488536475,-0.0039390675488536475,-0.0039390675488536475,0.0039390675488536475,-0.0039390675488536475,-0.0039390675488536475,-0.0039390675488536475,-0.0039390675488536475,-0.0039390675488536475,-0.0039390675488536475,-0.0039390675488536475
2007-03-08,0.01498439768900428,0.01498439768900428,0.01498439768900428,0.01498439768900428,0.01498439768900428,0.01498439768900428,0.01498439768900428,0.01498439768900428,-0.01498439768900428,0.01498439768900428,0.01498439768900428,0.01498439768900428,0.01498439768900428,0.01498439768900428,0.01498439768900428,0.01498439768900428
2007-03-09,0.037044928771459706,0.0,0.0,0.0,-0.037044928771459706,-0.037044928771459706,-0.037044928771459706,-0.037044928771459706,0.037044928771459706,-0.037044928771459706,-0.037044928771459706,-0.037044928771459706,-0.037044928771459706,-0.037044928771459706,-0.037044928771459706,-0.037044928771459706
2007-03-12,-0.005658289868816224,-0.005658289868816224,-0.005658289868816224,-0.005658289868816224,0.005658289868816224,0.005658289868816224,0.005658289868816224,0.005658289868816224,-0.005658289868816224,0.005658289868816224,0.005658289868816224,0.005658289868816224,0.005658289868816224,0.005658289868816224,0.005658289868816224,0.005658289868816224
2007-03-13,0.023260199911988577,0.023260199911988577,0.023260199911988577,0.023260199911988577,0.023260199911988577,0.023260199911988577,0.023260199911988577,0.023260199911988577,-0.023260199911988577,0.023260199911988577,0.023260199911988577,0.023260199911988577,0.023260199911988577,0.023260199911988577,0.023260199911988577,0.023260199911988577
2007-03-14,0.004454137740369735,0.004454137740369735,0.004454137740369735,-0.0,0.004454137740369735,0.004454137740369735,0.004454137740369735,0.004454137740369735,-0.004454137740369735,0.004454137740369735,0.004454137740369735,0.004454137740369735,0.004454137740369735,0.004454137740369735,0.004454137740369735,0.004454137740369735
2007-03-15,-0.0,-0.0,-0.0,-0.0,0.010428453469525145,0.010428453469525145,0.010428453469525145,0.010428453469525145,-0.010428453469525145,0.010428453469525145,0.010428453469525145,0.010428453469525145,0.010428453469525145,0.010428453469525145,0.010428453469525145,0.010428453469525145
2007-03-16,-0.007203389830508389,-0.007203389830508389,-0.0,-0.0,-0.007203389830508389,-0.007203389830508389,-0.007203389830508389,-0.0,-0.007203389830508389,0.007203389830508389,0.007203389830508389,0.007203389830508389,0.007203389830508389,0.007203389830508389,0.007203389830508389,0.007203389830508389
2007-03-19,-0.0258128493298877,-0.0,-0.0,-0.0,-0.0258128493298877,-0.0258128493298877,-0.0258128493298877,-0.0258128493298877,-0.0258128493298877,0.0258128493298877,0.0258128493298877,0.0258128493298877,0.0258128493298877,-0.0,-0.0,-0.0
2007-03-20,0.003222310103406789,0.003222310103406789,0.003222310103406789,0.003222310103406789,0.003222310103406789,0.003222310103406789,0.003222310103406789,0.003222310103406789,0.003222310103406789,-0.003222310103406789,-0.003222310103406789,-0.003222310103406789,-0.003222310103406789,-0.003222310103406789,-0.003222310103406789,-0.003222310103406789
2007-03-21,0.003761718635201472,0.003761718635201472,0.003761718635201472,0.003761718635201472,0.003761718635201472,0.003761718635201472,0.003761718635201472,0.003761718635201472,0.003761718635201472,-0.003761718635201472,-0.003761718635201472,-0.003761718635201472,0.003761718635201472,0.003761718635201472,0.003761718635201472,0.0
2007-03-22,-0.006283371190890508,-0.006283371190890508,-0.006283371190890508,-0.006283371190890508,-0.006283371190890508,-0.006283371190890508,-0.006283371190890508,-0.006283371190890508,-0.006283371190890508,0.006283371190890508,0.006283371190890508,0.006283371190890508,-0.006283371190890508,-0.006283371190890508,-0.006283371190890508,-0.006283371190890508
2007-03-23,0.013279784240150194,0.013279784240150194,0.013279784240150194,0.013279784240150194,0.013279784240150194,0.013279784240150194,0.013279784240150194,0.013279784240150194,0.013279784240150194,-0.013279784240150194,-0.013279784240150194,-0.013279784240150194,0.013279784240150194,0.013279784240150194,0.013279784240150194,0.013279784240150194
2007-03-26,-0.0023173593986749452,-0.0023173593986749452,-0.0023173593986749452,-0.0023173593986749452,-0.0023173593986749452,-0.0023173593986749452,-0.0023173593986749452,-0.0023173593986749452,-0.0023173593986749452,0.0023173593986749452,0.0023173593986749452,0.0023173593986749452,-0.0023173593986749452,-0.0023173593986749452,-0.0023173593986749452,-0.0023173593986749452
2007-03-27,0.004653644366719112,0.004653644366719112,0.0,0.0,0.004653644366719112,0.004653644366719112,0.004653644366719112,0.004653644366719112,-0.0,0.0,0.0,0.0,-0.004653644366719112,0.0,0.0,0.0
2007-03-28,-0.002382370458606231,-0.002382370458606231,0.0,0.0,0.002382370458606231,0.002382370458606231,0.002382370458606231,0.002382370458606231,0.002382370458606231,0.0,0.0,0.0,-0.002382370458606231,-0.002382370458606231,0.0,0.0
2007-03-29,0.019522388059701523,0.019522388059701523,-0.0,-0.0,-0.019522388059701523,-0.019522388059701523,-0.019522388059701523,-0.019522388059701523,0.019522388059701523,-0.0,-0.0,-0.0,0.019522388059701523,0.019522388059701523,-0.0,-0.0
2007-03-30,0.008842302512150901,0.008842302512150901,-0.0,-0.0,-0.008842302512150901,-0.008842302512150901,-0.008842302512150901,-0.008842302512150901,0.008842302512150901,-0.008842302512150901,-0.008842302512150901,-0.008842302512150901,-0.008842302512150901,-0.008842302512150901,-0.008842302512150901,-0.008842302512150901
2007-04-02,-0.0,-0.0,-0.0,-0.0,-0.018661481309496075,-0.018661481309496075,-0.018661481309496075,-0.018661481309496075,-0.018661481309496075,-0.018661481309496075,-0.018661481309496075,-0.018661481309496075,-0.018661481309496075,-0.018661481309496075,-0.018661481309496075,-0.018661481309496075
2007-04-03,0.0038747542665031887,0.0038747542665031887,0.0038747542665031887,0.0038747542665031887,0.0038747542665031887,0.0038747542665031887,0.0038747542665031887,0.0038747542665031887,0.0038747542665031887,0.0038747542665031887,0.0038747542665031887,0.0038747542665031887,0.0038747542665031887,0.0038747542665031887,0.0038747542665031887,0.0038747542665031887
2007-04-04,0.0012298715785258318,0.0012298715785258318,0.0012298715785258318,0.0012298715785258318,0.0012298715785258318,0.0012298715785258318,0.0012298715785258318,0.0012298715785258318,0.0012298715785258318,0.0012298715785258318,0.0012298715785258318,0.0012298715785258318,0.0012298715785258318,0.0012298715785258318,0.0012298715785258318,0.0012298715785258318
2007-04-05,-0.008533791523482215,-0.008533791523482215,-0.008533791523482215,-0.008533791523482215,-0.008533791523482215,-0.008533791523482215,-0.008533791523482215,-0.008533791523482215,-0.008533791523482215,-0.008533791523482215,-0.008533791523482215,-0.008533791523482215,-0.008533791523482215,-0.008533791523482215,-0.008533791523482215,-0.008533791523482215
2007-04-09,0.006757907888012005,0.006757907888012005,0.006757907888012005,0.006757907888012005,0.006757907888012005,0.006757907888012005,0.006757907888012005,0.006757907888012005,0.006757907888012005,0.006757907888012005,0.006757907888012005,0.006757907888012005,0.006757907888012005,0.006757907888012005,0.006757907888012005,0.006757907888012005
2007-04-10,-0.002687249857061147,-0.002687249857061147,-0.002687249857061147,-0.002687249857061147,-0.002687249857061147,-0.002687249857061147,-0.002687249857061147,-0.002687249857061147,-0.002687249857061147,-0.002687249857061147,-0.002687249857061147,-0.002687249857061147,-0.002687249857061147,-0.002687249857061147,-0.002687249857061147,-0.002687249857061147
2007-04-11,-0.0329873980726465,-0.0329873980726465,-0.0329873980726465,-0.0,-0.0329873980726465,-0.0329873980726465,-0.0329873980726465,-0.0329873980726465,-0.0329873980726465,-0.0329873980726465,-0.0329873980726465,-0.0329873980726465,-0.0329873980726465,-0.0329873980726465,-0.0329873980726465,-0.0329873980726465
2007-04-12,-0.0,-0.0,-0.0,-0.0,-0.005630537385112211,-0.005630537385112211,-0.005630537385112211,-0.005630537385112211,-0.005630537385112211,-0.005630537385112211,-0.005630537385112211,-0.005630537385112211,-0.005630537385112211,-0.005630537385112211,-0.005630537385112211,-0.005630537385112211
2007-04-13,0.011198023878139174,0.011198023878139174,0.011198023878139174,0.011198023878139174,0.011198023878139174,0.011198023878139174,0.011198023878139174,0.011198023878139174,0.011198023878139174,0.011198023878139174,0.011198023878139174,0.011198023878139174,0.011198023878139174,0.011198023878139174,0.011198023878139174,0.011198023878139174
2007-04-16,0.005662419851777845,0.005662419851777845,0.005662419851777845,0.005662419851777845,0.005662419851777845,0.005662419851777845,0.005662419851777845,0.005662419851777845,0.005662419851777845,0.005662419851777845,0.005662419851777845,0.005662419851777845,0.005662419851777845,0.005662419851777845,0.005662419851777845,0.005662419851777845
2007-04-17,0.029227032911816386,0.029227032911816386,0.029227032911816386,0.029227032911816386,0.029227032911816386,0.029227032911816386,0.029227032911816386,0.029227032911816386,0.029227032911816386,0.029227032911816386,0.029227032911816386,0.029227032911816386,0.029227032911816386,0.029227032911816386,0.029227032911816386,0.029227032911816386
2007-04-18,-0.013946399815965016,-0.013946399815965016,-0.013946399815965016,-0.013946399815965016,-0.013946399815965016,-0.013946399815965016,-0.013946399815965016,-0.013946399815965016,-0.013946399815965016,-0.013946399815965016,-0.013946399815965016,-0.013946399815965016,-0.013946399815965016,-0.013946399815965016,-0.013946399815965016,-0.013946399815965016
2007-04-19,-0.01015286010039429,0.0,0.0,0.0,-0.01015286010039429,0.0,0.0,0.0,0.01015286010039429,0.01015286010039429,0.01015286010039429,0.0,0.01015286010039429,0.01015286010039429,0.01015286010039429,0.01015286010039429
2007-04-20,-0.013637796177979,-0.013637796177979,-0.013637796177979,-0.013637796177979,0.013637796177979,0.0,0.0,0.0,0.013637796177979,0.013637796177979,0.013637796177979,0.013637796177979,0.013637796177979,0.013637796177979,0.013637796177979,0.013637796177979
2007-04-23,0.013855404188573006,0.013855404188573006,0.013855404188573006,0.013855404188573006,-0.0,-0.0,-0.0,-0.0,-0.013855404188573006,-0.013855404188573006,-0.013855404188573006,-0.013855404188573006,-0.013855404188573006,-0.013855404188573006,-0.013855404188573006,-0.013855404188573006
2007-04-24,-0.023177859271143797,-0.023177859271143797,-0.023177859271143797,-0.023177859271143797,-0.023177859271143797,-0.023177859271143797,-0.023177859271143797,-0.023177859271143797,0.023177859271143797,0.0,0.0,0.0,0.023177859271143797,0.023177859271143797,0.023177859271143797,0.023177859271143797
2007-04-25,0.006980495673852394,0.006980495673852394,0.006980495673852394,0.006980495673852394,-0.0,-0.0,-0.0,-0.0,-0.006980495673852394,-0.006980495673852394,-0.006980495673852394,-0.006980495673852394,-0.006980495673852394,-0.006980495673852394,-0.006980495673852394,-0.006980495673852394
2007-04-26,-0.019339993592170868,-0.019339993592170868,-0.019339993592170868,0.0,-0.019339993592170868,-0.019339993592170868,-0.019339993592170868,-0.019339993592170868,0.019339993592170868,0.019339993592170868,0.0,0.0,0.019339993592170868,0.019339993592170868,0.019339993592170868,0.019339993592170868
2007-04-27,-0.007306424307226056,-0.007306424307226056,-0.007306424307226056,-0.007306424307226056,-0.007306424307226056,-0.007306424307226056,-0.007306424307226056,-0.007306424307226056,0.007306424307226056,0.007306424307226056,0.007306424307226056,0.007306424307226056,0.007306424307226056,0.007306424307226056,0.007306424307226056,0.007306424307226056
2007-04-30,0.026478772103042836,0.026478772103042836,0.026478772103042836,0.026478772103042836,0.026478772103042836,0.026478772103042836,0.026478772103042836,0.026478772103042836,-0.026478772103042836,-0.0,-0.0,-0.0,0.026478772103042836,-0.0,-0.0,-0.0
2007-05-01,0.009910225020403507,0.009910225020403507,0.009910225020403507,0.009910225020403507,0.009910225020403507,0.009910225020403507,0.009910225020403507,0.009910225020403507,0.009910225020403507,0.009910225020403507,0.009910225020403507,0.009910225020403507,-0.0,-0.0,-0.0,-0.0
2007-05-02,0.0,0.0,0.0,-0.0,0.0,0.0,0.0,0.0,-0.0,-0.0,-0.0,-0.0,-0.0,-0.0,-0.0,-0.0
2007-05-03,-0.007128838605402921,-0.007128838605402921,-0.007128838605402921,-0.0,-0.0,-0.0,-0.0,-0.0,0.007128838605402921,0.007128838605402921,-0.0,-0.0,-0.007128838605402921,-0.007128838605402921,-0.007128838605402921,-0.007128838605402921
2007-05-04,0.006104026364808779,0.0,0.0,0.0,-0.006104026364808779,-0.006104026364808779,-0.006104026364808779,0.0,-0.006104026364808779,0.0,0.0,0.0,0.006104026364808779,0.006104026364808779,0.006104026364808779,0.006104026364808779
2007-05-07,0.0036906752782422947,0.0036906752782422947,0.0036906752782422947,0.0036906752782422947,0.0,0.0,0.0,0.0,0.0,0.0,0.0,0.0,0.0036906752782422947,0.0036906752782422947,0.0036906752782422947,0.0036906752782422947
2007-05-08,0.029779475603403438,0.029779475603403438,0.029779475603403438,0.029779475603403438,0.029779475603403438,0.0,0.0,0.0,-0.029779475603403438,-0.029779475603403438,-0.029779475603403438,0.0,0.029779475603403438,0.029779475603403438,0.029779475603403438,0.0
2007-05-09,-0.012170022371364775,-0.0,-0.0,-0.0,0.012170022371364775,0.012170022371364775,-0.0,-0.0,0.012170022371364775,0.012170022371364775,-0.0,-0.0,-0.012170022371364775,-0.012170022371364775,-0.012170022371364775,-0.012170022371364775
2007-05-10,-0.01880175640232218,-0.01880175640232218,-0.01880175640232218,-0.01880175640232218,-0.01880175640232218,-0.01880175640232218,-0.01880175640232218,0.0,-0.01880175640232218,-0.01880175640232218,-0.01880175640232218,-0.01880175640232218,-0.01880175640232218,-0.01880175640232218,-0.01880175640232218,-0.01880175640232218
2007-05-11,-0.0033338339089954427,-0.0033338339089954427,-0.0033338339089954427,-0.0033338339089954427,-0.0033338339089954427,-0.0033338339089954427,0.0,0.0,-0.0033338339089954427,-0.0033338339089954427,-0.0033338339089954427,-0.0033338339089954427,-0.0033338339089954427,-0.0033338339089954427,-0.0033338339089954427,-0.0033338339089954427
2007-05-14,-0.009733606557377095,-0.009733606557377095,-0.009733606557377095,-0.009733606557377095,-0.009733606557377095,-0.009733606557377095,0.0,0.0,-0.009733606557377095,-0.009733606557377095,-0.009733606557377095,-0.009733606557377095,-0.009733606557377095,-0.009733606557377095,-0.009733606557377095,-0.009733606557377095
2007-05-15,-0.006207966890843242,-0.006207966890843242,-0.006207966890843242,-0.006207966890843242,-0.006207966890843242,0.0,0.0,0.0,-0.006207966890843242,-0.006207966890843242,-0.006207966890843242,-0.006207966890843242,-0.006207966890843242,-0.006207966890843242,-0.006207966890843242,-0.006207966890843242
2007-05-16,0.01745414459380834,0.01745414459380834,0.01745414459380834,0.01745414459380834,0.01745414459380834,0.01745414459380834,0.01745414459380834,0.01745414459380834,0.01745414459380834,0.01745414459380834,0.01745414459380834,0.01745414459380834,0.01745414459380834,0.01745414459380834,0.01745414459380834,0.01745414459380834
2007-05-17,0.011015138291148974,0.011015138291148974,0.011015138291148974,0.011015138291148974,0.011015138291148974,0.011015138291148974,0.011015138291148974,0.011015138291148974,0.011015138291148974,0.011015138291148974,0.011015138291148974,0.011015138291148974,0.011015138291148974,0.011015138291148974,0.011015138291148974,0.011015138291148974
2007-05-18,-0.01774179144464627,-0.01774179144464627,-0.01774179144464627,-0.01774179144464627,-0.01774179144464627,-0.01774179144464627,-0.01774179144464627,-0.01774179144464627,-0.01774179144464627,-0.01774179144464627,-0.01774179144464627,-0.01774179144464627,-0.01774179144464627,-0.01774179144464627,-0.01774179144464627,-0.01774179144464627
2007-05-21,-0.011334363730036046,-0.0,-0.0,-0.0,0.011334363730036046,0.011334363730036046,0.011334363730036046,0.011334363730036046,0.011334363730036046,0.011334363730036046,0.011334363730036046,0.011334363730036046,0.011334363730036046,0.011334363730036046,0.011334363730036046,0.011334363730036046
2007-05-22,-0.03008600281681717,0.0,0.0,0.0,-0.03008600281681717,-0.03008600281681717,-0.03008600281681717,-0.03008600281681717,-0.03008600281681717,-0.03008600281681717,-0.03008600281681717,-0.03008600281681717,-0.03008600281681717,-0.03008600281681717,-0.03008600281681717,-0.03008600281681717
2007-05-23,-0.004201810485988888,-0.004201810485988888,-0.004201810485988888,-0.0,0.004201810485988888,0.004201810485988888,0.004201810485988888,0.004201810485988888,0.004201810485988888,0.004201810485988888,0.004201810485988888,0.004201810485988888,-0.0,-0.0,-0.0,-0.0
2007-05-24,-0.0059994462049657304,0.0,0.0,0.0,-0.0059994462049657304,-0.0059994462049657304,-0.0059994462049657304,-0.0059994462049657304,-0.0059994462049657304,-0.0059994462049657304,-0.0059994462049657304,-0.0059994462049657304,-0.0059994462049657304,-0.0059994462049657304,-0.0059994462049657304,-0.0059994462049657304
2007-05-25,-0.0010523709298005945,-0.0010523709298005945,-0.0010523709298005945,-0.0010523709298005945,-0.0010523709298005945,-0.0010523709298005945,-0.0010523709298005945,-0.0010523709298005945,-0.0010523709298005945,-0.0010523709298005945,-0.0010523709298005945,-0.0010523709298005945,-0.0010523709298005945,-0.0010523709298005945,-0.0010523709298005945,-0.0010523709298005945
2007-05-29,0.03216211191671303,0.03216211191671303,0.03216211191671303,0.03216211191671303,0.03216211191671303,0.03216211191671303,0.03216211191671303,0.03216211191671303,0.03216211191671303,0.03216211191671303,0.03216211191671303,0.03216211191671303,-0.03216211191671303,-0.0,-0.0,-0.0
2007-05-30,0.02374519692603272,0.02374519692603272,0.02374519692603272,0.02374519692603272,0.02374519692603272,0.02374519692603272,0.02374519692603272,0.02374519692603272,0.02374519692603272,0.02374519692603272,0.02374519692603272,0.02374519692603272,-0.02374519692603272,-0.02374519692603272,-0.02374519692603272,-0.02374519692603272
2007-05-31,0.0,0.0,0.0,0.0,0.0009969797378529544,0.0009969797378529544,0.0,0.0,-0.0009969797378529544,-0.0009969797378529544,-0.0009969797378529544,-0.0009969797378529544,0.0009969797378529544,0.0009969797378529544,0.0009969797378529544,0.0009969797378529544
2007-06-01,0.009480759634858726,0.009480759634858726,0.009480759634858726,0.009480759634858726,0.009480759634858726,0.009480759634858726,0.009480759634858726,0.009480759634858726,-0.009480759634858726,-0.009480759634858726,-0.009480759634858726,0.0,0.009480759634858726,0.009480759634858726,0.009480759634858726,0.009480759634858726
2007-06-04,0.00883067622829381,0.00883067622829381,0.00883067622829381,0.00883067622829381,0.00883067622829381,0.00883067622829381,0.00883067622829381,0.00883067622829381,-0.00883067622829381,-0.00883067622829381,-0.00883067622829381,0.0,0.00883067622829381,0.00883067622829381,0.00883067622829381,0.00883067622829381
2007-06-05,0.03204974886390821,0.03204974886390821,0.03204974886390821,0.03204974886390821,0.0,0.0,0.0,0.0,-0.03204974886390821,-0.03204974886390821,-0.03204974886390821,-0.03204974886390821,0.03204974886390821,0.03204974886390821,0.03204974886390821,0.03204974886390821
2007-06-06,0.0018532246108227124,0.0018532246108227124,0.0018532246108227124,0.0018532246108227124,0.0018532246108227124,0.0018532246108227124,0.0,0.0,-0.0018532246108227124,-0.0018532246108227124,-0.0018532246108227124,-0.0018532246108227124,0.0018532246108227124,0.0018532246108227124,0.0018532246108227124,0.0
2007-06-07,0.0029087758385937246,0.0029087758385937246,0.0029087758385937246,0.0029087758385937246,0.0029087758385937246,0.0029087758385937246,0.0029087758385937246,0.0029087758385937246,0.0029087758385937246,0.0029087758385937246,0.0029087758385937246,0.0029087758385937246,-0.0029087758385937246,-0.0029087758385937246,-0.0029087758385937246,-0.0029087758385937246
2007-06-08,-0.02024066646096867,-0.02024066646096867,-0.02024066646096867,-0.02024066646096867,0.0,0.0,0.0,0.0,-0.02024066646096867,-0.02024066646096867,-0.02024066646096867,-0.02024066646096867,0.02024066646096867,0.02024066646096867,0.02024066646096867,0.0
2007-06-11,0.01662782641556948,0.01662782641556948,0.01662782641556948,0.01662782641556948,-0.0,-0.0,-0.0,-0.0,0.01662782641556948,0.01662782641556948,0.01662782641556948,0.01662782641556948,-0.0,-0.0,-0.0,-0.0
2007-06-12,0.00737252958304957,0.00737252958304957,0.00737252958304957,0.00737252958304957,0.00737252958304957,0.00737252958304957,0.00737252958304957,-0.0,0.00737252958304957,0.00737252958304957,0.00737252958304957,0.00737252958304957,0.00737252958304957,0.00737252958304957,0.00737252958304957,0.00737252958304957
2007-06-13,0.0175584255842558,0.0175584255842558,0.0175584255842558,0.0175584255842558,-0.0,-0.0,-0.0,-0.0,0.0175584255842558,0.0175584255842558,0.0175584255842558,0.0175584255842558,0.0175584255842558,0.0175584255842558,0.0175584255842558,0.0175584255842558
2007-06-14,-0.0,-0.0,-0.0,-0.0,0.0007554924299657539,0.0007554924299657539,0.0007554924299657539,0.0007554924299657539,0.0007554924299657539,0.0007554924299657539,-0.0,-0.0,0.0007554924299657539,0.0007554924299657539,0.0007554924299657539,0.0007554924299657539
2007-06-15,-0.013890566493537815,-0.013890566493537815,-0.013890566493537815,-0.013890566493537815,0.013890566493537815,0.013890566493537815,0.013890566493537815,0.013890566493537815,-0.013890566493537815,-0.013890566493537815,-0.0,-0.0,0.013890566493537815,0.013890566493537815,0.013890566493537815,0.013890566493537815
2007-06-18,0.01953776507028826,0.01953776507028826,0.01953776507028826,0.01953776507028826,-0.01953776507028826,-0.01953776507028826,-0.01953776507028826,-0.01953776507028826,0.0,0.0,0.0,0.0,-0.01953776507028826,-0.01953776507028826,-0.01953776507028826,-0.01953776507028826
2007-06-19,-0.011907654921020638,-0.011907654921020638,-0.011907654921020638,-0.011907654921020638,0.011907654921020638,-0.0,-0.0,-0.0,-0.0,-0.0,-0.0,-0.0,0.011907654921020638,-0.0,-0.0,-0.0
2007-06-20,0.012788184438040195,0.012788184438040195,0.012788184438040195,0.0,-0.012788184438040195,-0.012788184438040195,-0.012788184438040195,0.0,0.0,0.0,0.0,0.0,-0.012788184438040195,-0.012788184438040195,-0.012788184438040195,-0.012788184438040195
2007-06-21,0.019400352733686232,0.019400352733686232,0.019400352733686232,0.019400352733686232,0.019400352733686232,0.019400352733686232,0.019400352733686232,0.019400352733686232,0.0,0.0,0.0,0.0,-0.019400352733686232,-0.019400352733686232,0.0,0.0
2007-06-22,-0.023226246588935684,0.0,0.0,0.0,0.023226246588935684,0.023226246588935684,0.023226246588935684,0.0,0.023226246588935684,0.023226246588935684,0.023226246588935684,0.0,-0.023226246588935684,-0.023226246588935684,-0.023226246588935684,-0.023226246588935684
2007-06-25,0.009714594114098807,0.009714594114098807,0.009714594114098807,0.009714594114098807,-0.0,-0.0,-0.0,-0.0,0.009714594114098807,-0.0,-0.0,-0.0,0.009714594114098807,0.009714594114098807,0.009714594114098807,0.009714594114098807
2007-06-26,0.00430749882094017,0.00430749882094017,0.00430749882094017,0.00430749882094017,0.00430749882094017,-0.0,-0.0,-0.0,0.00430749882094017,0.00430749882094017,0.00430749882094017,0.00430749882094017,0.00430749882094017,0.00430749882094017,0.00430749882094017,0.00430749882094017
2007-06-27,0.007983219585498746,0.007983219585498746,0.007983219585498746,0.007983219585498746,0.007983219585498746,0.007983219585498746,-0.0,-0.0,0.007983219585498746,0.007983219585498746,-0.0,-0.0,0.007983219585498746,0.007983219585498746,0.007983219585498746,0.007983219585498746
2007-06-28,0.026710563095940554,0.026710563095940554,0.026710563095940554,0.026710563095940554,0.026710563095940554,0.026710563095940554,0.026710563095940554,-0.0,0.026710563095940554,0.026710563095940554,0.026710563095940554,0.026710563095940554,0.026710563095940554,0.026710563095940554,0.026710563095940554,0.026710563095940554
2007-06-29,-0.004144356717185493,-0.004144356717185493,-0.004144356717185493,-0.004144356717185493,-0.004144356717185493,-0.004144356717185493,-0.004144356717185493,-0.004144356717185493,-0.004144356717185493,-0.004144356717185493,-0.004144356717185493,-0.004144356717185493,-0.004144356717185493,-0.004144356717185493,-0.004144356717185493,-0.004144356717185493
2007-07-02,-0.014763061968408264,-0.014763061968408264,-0.014763061968408264,-0.014763061968408264,-0.0,-0.0,-0.0,-0.0,0.014763061968408264,0.014763061968408264,0.014763061968408264,0.014763061968408264,0.014763061968408264,0.014763061968408264,0.014763061968408264,0.014763061968408264
2007-07-03,-0.030802849787463504,-0.030802849787463504,-0.030802849787463504,-0.030802849787463504,0.030802849787463504,0.030802849787463504,0.030802849787463504,-0.0,0.030802849787463504,0.030802849787463504,0.030802849787463504,0.030802849787463504,0.030802849787463504,0.030802849787463504,0.030802849787463504,0.030802849787463504
2007-07-05,-0.010628720778277811,-0.010628720778277811,-0.010628720778277811,-0.010628720778277811,-0.010628720778277811,-0.010628720778277811,-0.0,-0.0,-0.0,-0.0,-0.0,-0.0,0.010628720778277811,0.010628720778277811,0.010628720778277811,0.010628720778277811
2007-07-06,0.009539955748398055,0.009539955748398055,0.009539955748398055,0.009539955748398055,0.009539955748398055,0.009539955748398055,0.009539955748398055,0.009539955748398055,0.009539955748398055,0.009539955748398055,0.009539955748398055,0.009539955748398055,-0.009539955748398055,-0.009539955748398055,-0.009539955748398055,0.0
2007-07-09,0.0009863935710348049,0.0009863935710348049,0.0009863935710348049,0.0009863935710348049,0.0009863935710348049,0.0009863935710348049,0.0009863935710348049,0.0009863935710348049,0.0009863935710348049,0.0009863935710348049,0.0009863935710348049,0.0009863935710348049,-0.0009863935710348049,0.0,0.0,0.0
2007-07-10,-0.02027007405256276,-0.02027007405256276,-0.02027007405256276,-0.02027007405256276,-0.02027007405256276,-0.02027007405256276,-0.02027007405256276,-0.02027007405256276,-0.02027007405256276,-0.02027007405256276,-0.02027007405256276,-0.02027007405256276,0.02027007405256276,0.02027007405256276,0.02027007405256276,0.02027007405256276
2007-07-11,-0.0019355022343665595,-0.0019355022343665595,-0.0019355022343665595,-0.0019355022343665595,-0.0019355022343665595,-0.0019355022343665595,-0.0019355022343665595,-0.0019355022343665595,-0.0019355022343665595,-0.0019355022343665595,-0.0019355022343665595,-0.0019355022343665595,0.0019355022343665595,0.0019355022343665595,0.0019355022343665595,0.0019355022343665595
2007-07-12,0.011107638987528756,0.011107638987528756,0.011107638987528756,0.011107638987528756,0.011107638987528756,0.011107638987528756,0.011107638987528756,0.011107638987528756,0.011107638987528756,0.011107638987528756,0.011107638987528756,0.011107638987528756,-0.011107638987528756,-0.011107638987528756,-0.011107638987528756,-0.011107638987528756
2007-07-13,0.003906923297902987,0.003906923297902987,0.003906923297902987,0.003906923297902987,0.003906923297902987,0.003906923297902987,0.003906923297902987,0.003906923297902987,0.003906923297902987,0.003906923297902987,0.003906923297902987,0.003906923297902987,-0.003906923297902987,-0.003906923297902987,-0.003906923297902987,0.0
2007-07-16,-0.0,-0.0,-0.0,-0.0,-0.04271211859029833,-0.04271211859029833,-0.04271211859029833,-0.04271211859029833,-0.04271211859029833,-0.04271211859029833,-0.04271211859029833,-0.04271211859029833,-0.0,-0.0,-0.0,-0.0
2007-07-17,-0.014105932789379105,-0.0,-0.0,-0.0,-0.014105932789379105,-0.014105932789379105,-0.014105932789379105,-0.014105932789379105,-0.014105932789379105,-0.014105932789379105,-0.014105932789379105,-0.014105932789379105,0.014105932789379105,0.014105932789379105,0.014105932789379105,-0.0
2007-07-18,0.0018546297558978964,0.0018546297558978964,0.0018546297558978964,0.0018546297558978964,0.0018546297558978964,0.0018546297558978964,0.0018546297558978964,0.0018546297558978964,0.0018546297558978964,0.0018546297558978964,0.0018546297558978964,0.0018546297558978964,0.0018546297558978964,0.0018546297558978964,0.0018546297558978964,0.0018546297558978964
2007-07-19,0.00046451894964072427,0.00046451894964072427,0.00046451894964072427,0.00046451894964072427,0.00046451894964072427,0.00046451894964072427,0.00046451894964072427,0.00046451894964072427,0.00046451894964072427,0.00046451894964072427,0.00046451894964072427,0.00046451894964072427,0.00046451894964072427,0.00046451894964072427,0.00046451894964072427,0.00046451894964072427
2007-07-20,0.016293056314926058,0.016293056314926058,0.016293056314926058,0.016293056314926058,0.016293056314926058,0.016293056314926058,0.016293056314926058,0.016293056314926058,0.016293056314926058,0.016293056314926058,0.016293056314926058,0.016293056314926058,0.016293056314926058,0.016293056314926058,0.016293056314926058,0.016293056314926058
2007-07-23,0.01417296576256133,0.01417296576256133,0.01417296576256133,0.01417296576256133,0.01417296576256133,0.01417296576256133,0.01417296576256133,0.01417296576256133,0.01417296576256133,0.01417296576256133,0.01417296576256133,0.01417296576256133,0.01417296576256133,0.01417296576256133,0.01417296576256133,0.01417296576256133
2007-07-24,0.03670293736257535,0.03670293736257535,0.03670293736257535,0.03670293736257535,0.03670293736257535,0.03670293736257535,0.03670293736257535,0.03670293736257535,0.03670293736257535,0.03670293736257535,0.03670293736257535,0.03670293736257535,0.03670293736257535,0.03670293736257535,0.03670293736257535,0.03670293736257535
2007-07-25,-0.021684419992976656,-0.021684419992976656,-0.021684419992976656,0.0,0.021684419992976656,0.021684419992976656,0.021684419992976656,0.021684419992976656,0.021684419992976656,0.021684419992976656,0.021684419992976656,0.021684419992976656,0.021684419992976656,0.021684419992976656,0.021684419992976656,0.021684419992976656
2007-07-26,0.02521611677784108,0.02521611677784108,0.02521611677784108,0.02521611677784108,0.02521611677784108,0.02521611677784108,0.02521611677784108,0.02521611677784108,-0.02521611677784108,-0.02521611677784108,-0.02521611677784108,-0.02521611677784108,-0.02521611677784108,-0.02521611677784108,-0.02521611677784108,-0.02521611677784108
2007-07-27,-0.006214623329637625,-0.006214623329637625,-0.006214623329637625,-0.006214623329637625,-0.006214623329637625,-0.006214623329637625,-0.006214623329637625,-0.006214623329637625,0.006214623329637625,0.006214623329637625,0.006214623329637625,0.006214623329637625,-0.006214623329637625,-0.006214623329637625,-0.006214623329637625,-0.006214623329637625
2007-07-30,-0.014503390975015407,-0.014503390975015407,-0.014503390975015407,-0.014503390975015407,-0.014503390975015407,-0.014503390975015407,-0.014503390975015407,0.0,0.014503390975015407,0.014503390975015407,0.014503390975015407,0.014503390975015407,-0.014503390975015407,-0.014503390975015407,0.0,0.0
2007-07-31,0.004558048082938582,0.004558048082938582,0.004558048082938582,0.004558048082938582,0.004558048082938582,0.004558048082938582,0.004558048082938582,-0.0,-0.004558048082938582,-0.004558048082938582,-0.004558048082938582,-0.004558048082938582,0.004558048082938582,0.004558048082938582,0.004558048082938582,-0.0
2007-08-01,-0.004774614472123462,-0.004774614472123462,-0.004774614472123462,-0.004774614472123462,-0.004774614472123462,-0.004774614472123462,-0.004774614472123462,-0.004774614472123462,0.004774614472123462,0.004774614472123462,0.004774614472123462,0.0,-0.004774614472123462,-0.004774614472123462,-0.004774614472123462,-0.004774614472123462
2007-08-02,-0.017759766381596487,-0.017759766381596487,0.0,0.0,-0.017759766381596487,-0.017759766381596487,-0.017759766381596487,-0.017759766381596487,0.017759766381596487,0.0,0.0,0.0,-0.017759766381596487,-0.017759766381596487,-0.017759766381596487,-0.017759766381596487
2007-08-03,-0.0,-0.0,-0.0,-0.0,0.003094378545642096,0.003094378545642096,0.003094378545642096,0.003094378545642096,0.003094378545642096,0.003094378545642096,0.003094378545642096,0.003094378545642096,0.003094378545642096,0.003094378545642096,0.003094378545642096,0.003094378545642096
2007-08-06,0.030364433691214332,0.030364433691214332,0.030364433691214332,0.030364433691214332,0.030364433691214332,0.030364433691214332,0.030364433691214332,0.030364433691214332,0.030364433691214332,0.030364433691214332,0.030364433691214332,0.030364433691214332,0.030364433691214332,0.030364433691214332,0.030364433691214332,-0.0
2007-08-07,-0.019225689042824845,-0.019225689042824845,-0.019225689042824845,-0.019225689042824845,-0.019225689042824845,-0.019225689042824845,-0.019225689042824845,-0.019225689042824845,-0.019225689042824845,-0.019225689042824845,-0.019225689042824845,-0.019225689042824845,-0.019225689042824845,-0.019225689042824845,-0.019225689042824845,-0.019225689042824845
2007-08-08,-0.010175375591069402,-0.010175375591069402,-0.0,-0.0,0.010175375591069402,0.010175375591069402,0.010175375591069402,0.010175375591069402,0.010175375591069402,0.010175375591069402,-0.0,-0.0,-0.010175375591069402,-0.010175375591069402,-0.010175375591069402,-0.010175375591069402
2007-08-09,-0.013598388339159717,0.0,0.0,0.0,-0.013598388339159717,-0.013598388339159717,-0.013598388339159717,-0.013598388339159717,-0.013598388339159717,-0.013598388339159717,-0.013598388339159717,-0.013598388339159717,0.013598388339159717,0.0,0.0,0.0
2007-08-10,0.0319567502628022,0.0,0.0,0.0,0.0319567502628022,0.0,0.0,0.0,-0.0319567502628022,-0.0319567502628022,-0.0319567502628022,-0.0319567502628022,0.0319567502628022,0.0319567502628022,0.0319567502628022,0.0319567502628022
2007-08-13,0.04672520244485123,0.04672520244485123,0.0,0.0,-0.04672520244485123,-0.04672520244485123,-0.04672520244485123,-0.04672520244485123,-0.04672520244485123,-0.04672520244485123,-0.04672520244485123,-0.04672520244485123,0.04672520244485123,0.04672520244485123,0.04672520244485123,0.0
2007-08-14,-0.041562245728234415,-0.041562245728234415,-0.041562245728234415,-0.041562245728234415,-0.041562245728234415,-0.041562245728234415,-0.041562245728234415,-0.041562245728234415,-0.041562245728234415,-0.041562245728234415,-0.041562245728234415,-0.041562245728234415,-0.041562245728234415,-0.041562245728234415,-0.041562245728234415,-0.041562245728234415
2007-08-15,0.017046998098342758,0.017046998098342758,0.017046998098342758,0.017046998098342758,0.017046998098342758,0.017046998098342758,0.017046998098342758,0.017046998098342758,0.017046998098342758,0.017046998098342758,0.017046998098342758,0.017046998098342758,0.017046998098342758,0.017046998098342758,0.017046998098342758,0.017046998098342758
2007-08-16,0.01505843071786317,0.01505843071786317,0.01505843071786317,0.01505843071786317,0.01505843071786317,0.01505843071786317,0.01505843071786317,0.01505843071786317,0.01505843071786317,0.01505843071786317,0.01505843071786317,0.01505843071786317,0.01505843071786317,0.01505843071786317,0.01505843071786317,0.01505843071786317
2007-08-17,0.006710305582053211,0.006710305582053211,0.006710305582053211,0.006710305582053211,0.006710305582053211,0.006710305582053211,0.006710305582053211,0.006710305582053211,0.006710305582053211,0.006710305582053211,0.006710305582053211,0.006710305582053211,0.006710305582053211,0.006710305582053211,0.006710305582053211,0.006710305582053211
2007-08-20,0.025878124489462362,0.025878124489462362,0.025878124489462362,0.025878124489462362,0.025878124489462362,0.025878124489462362,0.025878124489462362,0.025878124489462362,0.025878124489462362,0.025878124489462362,0.025878124489462362,0.025878124489462362,0.025878124489462362,0.025878124489462362,0.025878124489462362,0.025878124489462362
2007-08-21,-0.010860910278051916,-0.010860910278051916,-0.010860910278051916,-0.010860910278051916,-0.010860910278051916,-0.010860910278051916,-0.010860910278051916,-0.010860910278051916,-0.010860910278051916,-0.010860910278051916,-0.010860910278051916,-0.010860910278051916,-0.010860910278051916,-0.010860910278051916,-0.010860910278051916,-0.010860910278051916
2007-08-22,-0.02083333333333326,-0.02083333333333326,-0.02083333333333326,-0.02083333333333326,0.02083333333333326,0.02083333333333326,0.02083333333333326,0.02083333333333326,0.02083333333333326,0.02083333333333326,0.02083333333333326,0.02083333333333326,0.02083333333333326,0.02083333333333326,0.02083333333333326,0.02083333333333326
2007-08-23,0.017979371037441294,0.017979371037441294,0.017979371037441294,0.017979371037441294,-0.017979371037441294,-0.017979371037441294,-0.017979371037441294,-0.017979371037441294,-0.017979371037441294,-0.017979371037441294,-0.017979371037441294,-0.017979371037441294,-0.017979371037441294,-0.017979371037441294,-0.017979371037441294,-0.017979371037441294
2007-08-24,0.023512029036713455,0.023512029036713455,0.023512029036713455,0.023512029036713455,-0.023512029036713455,-0.023512029036713455,-0.023512029036713455,-0.023512029036713455,-0.023512029036713455,-0.023512029036713455,-0.023512029036713455,-0.023512029036713455,-0.023512029036713455,-0.023512029036713455,-0.023512029036713455,-0.023512029036713455
2007-08-27,-0.032466037301404516,-0.032466037301404516,-0.032466037301404516,-0.032466037301404516,0.032466037301404516,0.032466037301404516,0.032466037301404516,0.032466037301404516,0.032466037301404516,0.032466037301404516,0.032466037301404516,0.032466037301404516,0.032466037301404516,0.032466037301404516,0.032466037301404516,0.032466037301404516
2007-08-28,-0.00487447432139676,0.0,0.0,0.0,-0.00487447432139676,-0.00487447432139676,-0.00487447432139676,-0.00487447432139676,-0.00487447432139676,-0.00487447432139676,-0.00487447432139676,-0.00487447432139676,-0.00487447432139676,-0.00487447432139676,-0.00487447432139676,-0.00487447432139676
2007-08-29,-0.0,-0.0,-0.0,-0.0,-0.02180246518328799,-0.02180246518328799,-0.02180246518328799,-0.02180246518328799,0.02180246518328799,0.02180246518328799,0.02180246518328799,0.02180246518328799,0.02180246518328799,0.02180246518328799,0.02180246518328799,0.02180246518328799
2007-08-30,-0.029326983331244394,-0.0,-0.0,-0.0,-0.029326983331244394,-0.029326983331244394,-0.029326983331244394,-0.029326983331244394,0.029326983331244394,0.029326983331244394,0.029326983331244394,0.029326983331244394,0.029326983331244394,0.029326983331244394,0.029326983331244394,0.029326983331244394
2007-08-31,0.006727139900158163,0.0,0.0,0.0,0.006727139900158163,0.006727139900158163,0.006727139900158163,0.006727139900158163,-0.006727139900158163,-0.006727139900158163,-0.006727139900158163,-0.006727139900158163,-0.006727139900158163,-0.006727139900158163,0.0,0.0
2007-09-04,-0.06677699120468272,-0.06677699120468272,-0.06677699120468272,-0.06677699120468272,-0.06677699120468272,-0.06677699120468272,-0.06677699120468272,-0.06677699120468272,-0.0,-0.0,-0.0,-0.0,-0.06677699120468272,-0.06677699120468272,-0.06677699120468272,-0.0
2007-09-05,-0.004653835104854842,-0.004653835104854842,-0.004653835104854842,-0.004653835104854842,-0.004653835104854842,-0.004653835104854842,-0.004653835104854842,-0.004653835104854842,0.004653835104854842,0.004653835104854842,-0.0,-0.0,-0.004653835104854842,-0.0,-0.0,-0.0
2007-09-06,0.006834038659499164,0.006834038659499164,0.006834038659499164,0.006834038659499164,0.006834038659499164,0.006834038659499164,0.006834038659499164,0.006834038659499164,0.006834038659499164,0.006834038659499164,0.006834038659499164,0.006834038659499164,0.006834038659499164,0.006834038659499164,0.006834038659499164,0.006834038659499164
2007-09-07,-0.02965479515158509,-0.02965479515158509,-0.02965479515158509,-0.02965479515158509,-0.02965479515158509,-0.02965479515158509,-0.02965479515158509,-0.02965479515158509,-0.02965479515158509,-0.02965479515158509,-0.02965479515158509,-0.02965479515158509,-0.02965479515158509,-0.02965479515158509,-0.02965479515158509,-0.02965479515158509
2007-09-10,-0.0012023599809858343,-0.0012023599809858343,-0.0012023599809858343,-0.0012023599809858343,-0.0012023599809858343,-0.0012023599809858343,-0.0012023599809858343,-0.0012023599809858343,-0.0012023599809858343,-0.0012023599809858343,-0.0012023599809858343,-0.0012023599809858343,-0.0012023599809858343,-0.0012023599809858343,-0.0012023599809858343,-0.0012023599809858343
2007-09-11,0.0004747807630004486,0.0004747807630004486,0.0004747807630004486,0.0004747807630004486,0.0004747807630004486,0.0004747807630004486,0.0004747807630004486,0.0004747807630004486,0.0004747807630004486,0.0004747807630004486,0.0004747807630004486,0.0004747807630004486,0.0004747807630004486,0.0004747807630004486,0.0004747807630004486,0.0004747807630004486
2007-09-12,0.0012014864902623046,0.0012014864902623046,0.0012014864902623046,0.0012014864902623046,0.0012014864902623046,0.0012014864902623046,0.0012014864902623046,0.0012014864902623046,0.0012014864902623046,0.0012014864902623046,0.0012014864902623046,0.0012014864902623046,0.0012014864902623046,0.0012014864902623046,0.0012014864902623046,0.0012014864902623046
2007-09-13,-0.00190231074805558,-0.00190231074805558,-0.00190231074805558,-0.00190231074805558,-0.00190231074805558,-0.00190231074805558,-0.00190231074805558,-0.00190231074805558,-0.00190231074805558,-0.00190231074805558,-0.00190231074805558,-0.00190231074805558,-0.00190231074805558,-0.00190231074805558,-0.00190231074805558,-0.00190231074805558
2007-09-14,-0.03565644719941918,-0.03565644719941918,-0.03565644719941918,-0.03565644719941918,-0.03565644719941918,-0.03565644719941918,-0.03565644719941918,-0.03565644719941918,-0.03565644719941918,-0.03565644719941918,-0.03565644719941918,-0.03565644719941918,-0.03565644719941918,-0.03565644719941918,-0.03565644719941918,-0.03565644719941918
2007-09-17,-0.007791647569491245,-0.007791647569491245,-0.007791647569491245,-0.007791647569491245,-0.007791647569491245,-0.007791647569491245,-0.007791647569491245,-0.007791647569491245,-0.007791647569491245,-0.007791647569491245,-0.007791647569491245,-0.007791647569491245,-0.007791647569491245,-0.007791647569491245,-0.007791647569491245,-0.007791647569491245
2007-09-18,-0.04077046548956664,-0.04077046548956664,-0.04077046548956664,-0.04077046548956664,-0.04077046548956664,-0.04077046548956664,-0.04077046548956664,-0.04077046548956664,-0.04077046548956664,-0.04077046548956664,-0.04077046548956664,-0.04077046548956664,-0.04077046548956664,-0.04077046548956664,-0.04077046548956664,-0.04077046548956664
2007-09-19,0.006785934608266597,0.006785934608266597,0.006785934608266597,0.006785934608266597,0.006785934608266597,0.006785934608266597,0.006785934608266597,0.006785934608266597,0.006785934608266597,0.006785934608266597,0.006785934608266597,0.006785934608266597,0.006785934608266597,0.006785934608266597,0.006785934608266597,0.006785934608266597
2007-09-20,0.007505175983436807,0.007505175983436807,0.007505175983436807,0.007505175983436807,0.007505175983436807,0.007505175983436807,0.007505175983436807,0.007505175983436807,0.007505175983436807,0.007505175983436807,0.007505175983436807,0.007505175983436807,0.007505175983436807,0.007505175983436807,0.007505175983436807,0.007505175983436807
2007-09-21,0.0119687092568449,0.0119687092568449,0.0119687092568449,0.0119687092568449,0.0119687092568449,0.0119687092568449,0.0119687092568449,0.0119687092568449,0.0119687092568449,0.0119687092568449,0.0119687092568449,0.0119687092568449,0.0119687092568449,0.0119687092568449,0.0119687092568449,0.0119687092568449
2007-09-24,0.01776147370087866,0.01776147370087866,0.01776147370087866,0.01776147370087866,0.01776147370087866,0.01776147370087866,0.01776147370087866,0.01776147370087866,0.01776147370087866,0.01776147370087866,0.01776147370087866,0.01776147370087866,0.01776147370087866,0.01776147370087866,0.01776147370087866,0.01776147370087866
2007-09-25,-0.01784082970605616,-0.01784082970605616,-0.01784082970605616,-0.01784082970605616,-0.01784082970605616,-0.01784082970605616,-0.01784082970605616,-0.01784082970605616,-0.01784082970605616,-0.01784082970605616,-0.01784082970605616,-0.01784082970605616,-0.01784082970605616,-0.01784082970605616,-0.01784082970605616,-0.01784082970605616
2007-09-26,-0.0,-0.0,-0.0,-0.0,-0.011456628477905184,-0.011456628477905184,-0.011456628477905184,-0.011456628477905184,-0.011456628477905184,-0.011456628477905184,-0.011456628477905184,-0.011456628477905184,-0.011456628477905184,-0.011456628477905184,-0.011456628477905184,-0.011456628477905184
2007-09-27,0.015111180707798377,0.015111180707798377,0.015111180707798377,0.015111180707798377,-0.015111180707798377,-0.015111180707798377,-0.015111180707798377,-0.015111180707798377,-0.015111180707798377,-0.015111180707798377,-0.015111180707798377,-0.015111180707798377,-0.015111180707798377,-0.015111180707798377,-0.015111180707798377,-0.015111180707798377
2007-09-28,-0.035891502763851446,0.0,0.0,0.0,0.035891502763851446,0.035891502763851446,0.035891502763851446,0.035891502763851446,0.035891502763851446,0.035891502763851446,0.035891502763851446,0.035891502763851446,0.035891502763851446,0.035891502763851446,0.035891502763851446,0.035891502763851446
2007-10-01,0.013840369076508874,0.013840369076508874,0.0,0.0,0.013840369076508874,0.013840369076508874,0.013840369076508874,0.013840369076508874,0.013840369076508874,0.013840369076508874,0.013840369076508874,0.013840369076508874,0.013840369076508874,0.013840369076508874,0.013840369076508874,0.013840369076508874
2007-10-02,0.018631692806922562,0.018631692806922562,-0.0,-0.0,-0.018631692806922562,-0.018631692806922562,-0.0,-0.0,-0.018631692806922562,-0.018631692806922562,-0.018631692806922562,-0.018631692806922562,-0.018631692806922562,-0.018631692806922562,-0.018631692806922562,-0.018631692806922562
2007-10-03,0.022140221402214166,-0.0,-0.0,-0.0,0.022140221402214166,0.022140221402214166,-0.0,-0.0,-0.022140221402214166,-0.022140221402214166,-0.022140221402214166,-0.022140221402214166,-0.022140221402214166,-0.022140221402214166,-0.022140221402214166,-0.022140221402214166
2007-10-04,-0.017219437446432617,0.0,0.0,0.0,-0.017219437446432617,-0.017219437446432617,-0.017219437446432617,-0.017219437446432617,0.017219437446432617,0.017219437446432617,0.017219437446432617,0.017219437446432617,0.017219437446432617,0.017219437446432617,0.017219437446432617,0.017219437446432617
2007-10-05,-0.0,-0.0,-0.0,-0.0,-0.0,-0.0,-0.0,-0.0,-0.029915433403805425,-0.029915433403805425,-0.029915433403805425,-0.029915433403805425,-0.029915433403805425,-0.029915433403805425,-0.029915433403805425,-0.029915433403805425
2007-10-08,0.012444832187211263,0.012444832187211263,0.012444832187211263,0.012444832187211263,0.012444832187211263,0.012444832187211263,-0.0,-0.0,-0.012444832187211263,-0.012444832187211263,-0.012444832187211263,-0.012444832187211263,-0.012444832187211263,-0.012444832187211263,-0.012444832187211263,-0.012444832187211263
2007-10-09,-0.01381250475200857,-0.01381250475200857,-0.01381250475200857,-0.01381250475200857,-0.01381250475200857,-0.01381250475200857,-0.01381250475200857,-0.01381250475200857,-0.01381250475200857,-0.01381250475200857,-0.01381250475200857,-0.01381250475200857,-0.01381250475200857,-0.01381250475200857,-0.01381250475200857,-0.01381250475200857
2007-10-10,-0.009349532523373671,-0.009349532523373671,-0.009349532523373671,-0.009349532523373671,-0.009349532523373671,-0.009349532523373671,-0.009349532523373671,-0.009349532523373671,-0.009349532523373671,-0.009349532523373671,-0.009349532523373671,-0.009349532523373671,-0.009349532523373671,-0.009349532523373671,-0.009349532523373671,-0.009349532523373671
2007-10-11,-0.01476124430354675,-0.01476124430354675,-0.01476124430354675,-0.01476124430354675,-0.01476124430354675,-0.01476124430354675,-0.01476124430354675,-0.01476124430354675,-0.01476124430354675,-0.01476124430354675,-0.01476124430354675,-0.01476124430354675,-0.01476124430354675,-0.01476124430354675,-0.01476124430354675,-0.01476124430354675
2007-10-12,0.01684076930586753,0.01684076930586753,0.01684076930586753,0.01684076930586753,0.01684076930586753,0.01684076930586753,0.01684076930586753,0.01684076930586753,0.01684076930586753,0.01684076930586753,0.01684076930586753,0.01684076930586753,0.01684076930586753,0.01684076930586753,0.01684076930586753,0.01684076930586753
2007-10-15,0.023658209622163695,0.023658209622163695,0.023658209622163695,0.023658209622163695,0.023658209622163695,0.023658209622163695,0.023658209622163695,0.023658209622163695,0.023658209622163695,0.023658209622163695,0.023658209622163695,0.023658209622163695,0.023658209622163695,0.023658209622163695,0.023658209622163695,0.023658209622163695
2007-10-16,-0.027486078974802153,-0.027486078974802153,-0.027486078974802153,-0.027486078974802153,-0.027486078974802153,-0.027486078974802153,-0.027486078974802153,-0.027486078974802153,-0.027486078974802153,-0.027486078974802153,-0.027486078974802153,-0.027486078974802153,-0.027486078974802153,-0.027486078974802153,-0.027486078974802153,-0.027486078974802153
2007-10-17,0.0,0.0,0.0,0.0,0.018114328136599855,0.018114328136599855,0.018114328136599855,0.018114328136599855,0.018114328136599855,0.018114328136599855,0.018114328136599855,0.018114328136599855,0.018114328136599855,0.018114328136599855,0.018114328136599855,0.018114328136599855
2007-10-18,0.025303694742678462,0.025303694742678462,0.0,0.0,0.025303694742678462,0.025303694742678462,0.025303694742678462,0.025303694742678462,0.025303694742678462,0.025303694742678462,0.025303694742678462,0.025303694742678462,0.025303694742678462,0.025303694742678462,0.025303694742678462,0.025303694742678462
2007-10-19,0.02683973729120348,0.02683973729120348,0.02683973729120348,-0.0,-0.02683973729120348,-0.02683973729120348,-0.02683973729120348,-0.02683973729120348,-0.02683973729120348,-0.02683973729120348,-0.02683973729120348,-0.02683973729120348,-0.02683973729120348,-0.02683973729120348,-0.02683973729120348,-0.02683973729120348
2007-10-22,0.005791700241740472,0.005791700241740472,0.005791700241740472,0.005791700241740472,-0.005791700241740472,-0.005791700241740472,-0.005791700241740472,-0.005791700241740472,-0.005791700241740472,-0.0,-0.0,-0.0,-0.005791700241740472,-0.005791700241740472,-0.005791700241740472,-0.005791700241740472
2007-10-23,0.0036302638826299916,0.0036302638826299916,-0.0,-0.0,-0.0036302638826299916,-0.0036302638826299916,-0.0036302638826299916,-0.0,-0.0036302638826299916,-0.0036302638826299916,-0.0036302638826299916,-0.0036302638826299916,-0.0036302638826299916,-0.0036302638826299916,-0.0036302638826299916,-0.0036302638826299916
2007-10-24,-0.030358969241898848,-0.030358969241898848,-0.030358969241898848,-0.0,-0.030358969241898848,-0.030358969241898848,-0.0,-0.0,-0.030358969241898848,-0.030358969241898848,-0.030358969241898848,-0.030358969241898848,-0.030358969241898848,-0.030358969241898848,-0.030358969241898848,-0.030358969241898848
2007-10-25,0.021620182064691074,-0.0,-0.0,-0.0,-0.0,-0.0,-0.0,-0.0,-0.021620182064691074,-0.021620182064691074,-0.021620182064691074,-0.021620182064691074,-0.021620182064691074,-0.021620182064691074,-0.021620182064691074,-0.021620182064691074
2007-10-26,0.01914828068346086,0.01914828068346086,0.01914828068346086,0.01914828068346086,0.01914828068346086,0.01914828068346086,0.01914828068346086,0.01914828068346086,0.01914828068346086,0.01914828068346086,0.01914828068346086,0.01914828068346086,0.01914828068346086,0.01914828068346086,0.01914828068346086,0.01914828068346086
2007-10-29,-0.04131532532798565,-0.04131532532798565,-0.04131532532798565,-0.04131532532798565,-0.04131532532798565,-0.04131532532798565,-0.04131532532798565,-0.04131532532798565,-0.04131532532798565,-0.04131532532798565,-0.04131532532798565,-0.04131532532798565,-0.04131532532798565,-0.04131532532798565,-0.04131532532798565,-0.04131532532798565
2007-10-30,0.03552286595976706,0.03552286595976706,0.03552286595976706,0.03552286595976706,0.03552286595976706,0.03552286595976706,0.03552286595976706,0.03552286595976706,0.03552286595976706,0.03552286595976706,0.03552286595976706,0.03552286595976706,0.03552286595976706,0.03552286595976706,0.03552286595976706,0.03552286595976706
2007-10-31,-0.03745669745958424,-0.03745669745958424,-0.03745669745958424,-0.03745669745958424,-0.03745669745958424,-0.03745669745958424,-0.03745669745958424,-0.03745669745958424,-0.03745669745958424,-0.03745669745958424,-0.03745669745958424,-0.03745669745958424,-0.03745669745958424,-0.03745669745958424,-0.03745669745958424,-0.03745669745958424
2007-11-01,0.005518840579710083,0.005518840579710083,0.005518840579710083,0.005518840579710083,0.005518840579710083,0.005518840579710083,0.005518840579710083,0.005518840579710083,0.005518840579710083,0.005518840579710083,0.005518840579710083,0.005518840579710083,0.005518840579710083,0.005518840579710083,0.005518840579710083,0.005518840579710083
2007-11-02,-0.04087485718282924,-0.04087485718282924,-0.04087485718282924,-0.04087485718282924,-0.04087485718282924,-0.04087485718282924,-0.04087485718282924,-0.04087485718282924,-0.04087485718282924,-0.04087485718282924,-0.04087485718282924,-0.04087485718282924,-0.04087485718282924,-0.04087485718282924,-0.04087485718282924,-0.04087485718282924
2007-11-05,0.01774193548387104,0.01774193548387104,0.01774193548387104,0.0,0.01774193548387104,0.01774193548387104,0.01774193548387104,0.01774193548387104,0.01774193548387104,0.01774193548387104,0.01774193548387104,0.01774193548387104,0.01774193548387104,0.01774193548387104,0.01774193548387104,0.01774193548387104
2007-11-06,0.004036672140120379,0.004036672140120379,0.004036672140120379,0.004036672140120379,0.004036672140120379,0.004036672140120379,0.004036672140120379,0.004036672140120379,0.004036672140120379,0.004036672140120379,0.004036672140120379,0.004036672140120379,0.004036672140120379,0.004036672140120379,0.004036672140120379,0.004036672140120379
2007-11-07,0.01621213162052615,0.01621213162052615,0.01621213162052615,0.0,0.01621213162052615,0.01621213162052615,0.01621213162052615,0.01621213162052615,0.01621213162052615,0.01621213162052615,0.01621213162052615,0.01621213162052615,0.01621213162052615,0.01621213162052615,0.01621213162052615,0.01621213162052615
2007-11-08,0.07387752251937707,0.07387752251937707,0.07387752251937707,0.07387752251937707,0.07387752251937707,0.07387752251937707,0.07387752251937707,0.07387752251937707,0.07387752251937707,0.07387752251937707,0.07387752251937707,0.07387752251937707,0.07387752251937707,0.07387752251937707,0.07387752251937707,0.07387752251937707
2007-11-09,-0.0,-0.0,-0.0,-0.0,-0.02309683580889188,-0.02309683580889188,-0.02309683580889188,-0.02309683580889188,-0.02309683580889188,-0.02309683580889188,-0.02309683580889188,-0.02309683580889188,-0.02309683580889188,-0.02309683580889188,-0.02309683580889188,-0.02309683580889188
2007-11-12,0.012970423503979589,0.012970423503979589,0.012970423503979589,0.012970423503979589,0.012970423503979589,0.012970423503979589,0.012970423503979589,0.012970423503979589,0.012970423503979589,0.012970423503979589,0.012970423503979589,0.012970423503979589,-0.012970423503979589,-0.012970423503979589,-0.012970423503979589,-0.012970423503979589
2007-11-13,-0.041492870307498264,-0.041492870307498264,-0.041492870307498264,-0.041492870307498264,-0.041492870307498264,-0.041492870307498264,-0.041492870307498264,0.0,0.041492870307498264,0.041492870307498264,0.0,0.0,0.041492870307498264,0.041492870307498264,0.041492870307498264,0.041492870307498264
2007-11-14,0.009690069576217653,0.009690069576217653,0.009690069576217653,0.009690069576217653,0.009690069576217653,0.009690069576217653,0.009690069576217653,0.009690069576217653,-0.009690069576217653,-0.009690069576217653,-0.009690069576217653,-0.009690069576217653,-0.009690069576217653,-0.009690069576217653,-0.009690069576217653,-0.009690069576217653
2007-11-15,-0.034554475293174236,-0.034554475293174236,-0.034554475293174236,-0.034554475293174236,-0.034554475293174236,-0.034554475293174236,-0.034554475293174236,-0.034554475293174236,-0.034554475293174236,-0.034554475293174236,-0.034554475293174236,-0.034554475293174236,0.034554475293174236,0.034554475293174236,0.034554475293174236,0.034554475293174236
2007-11-16,0.058760933322951514,0.058760933322951514,0.058760933322951514,0.058760933322951514,0.058760933322951514,0.058760933322951514,0.058760933322951514,0.058760933322951514,-0.058760933322951514,-0.0,-0.0,-0.0,-0.058760933322951514,-0.058760933322951514,-0.058760933322951514,-0.058760933322951514
2007-11-19,-0.023999215551687825,-0.023999215551687825,-0.023999215551687825,-0.023999215551687825,-0.023999215551687825,-0.023999215551687825,-0.023999215551687825,-0.023999215551687825,0.0,0.0,0.0,0.0,0.023999215551687825,0.023999215551687825,0.023999215551687825,0.023999215551687825
2007-11-20,-0.0,-0.0,-0.0,-0.0,0.042321796353041785,0.042321796353041785,0.042321796353041785,0.042321796353041785,-0.042321796353041785,-0.042321796353041785,-0.042321796353041785,-0.042321796353041785,-0.042321796353041785,-0.042321796353041785,-0.042321796353041785,-0.042321796353041785
2007-11-21,-0.03855514590713027,-0.03855514590713027,-0.03855514590713027,-0.03855514590713027,-0.03855514590713027,-0.03855514590713027,-0.03855514590713027,-0.03855514590713027,0.0,0.0,0.0,0.0,0.03855514590713027,0.03855514590713027,0.03855514590713027,0.03855514590713027
2007-11-23,0.0044612646933508415,0.0044612646933508415,0.0044612646933508415,0.0044612646933508415,-0.0044612646933508415,-0.0044612646933508415,-0.0044612646933508415,-0.0044612646933508415,0.0044612646933508415,0.0044612646933508415,0.0044612646933508415,0.0044612646933508415,0.0044612646933508415,0.0044612646933508415,0.0044612646933508415,0.0044612646933508415
2007-11-26,-0.0,-0.0,-0.0,-0.0,0.025905692203116892,0.025905692203116892,0.025905692203116892,0.025905692203116892,0.025905692203116892,0.025905692203116892,0.025905692203116892,0.025905692203116892,-0.025905692203116892,-0.025905692203116892,-0.025905692203116892,-0.025905692203116892
2007-11-27,0.018355828220858794,0.018355828220858794,0.018355828220858794,0.018355828220858794,0.0,0.0,0.0,0.0,-0.018355828220858794,-0.018355828220858794,-0.018355828220858794,-0.018355828220858794,0.018355828220858794,0.018355828220858794,0.018355828220858794,0.018355828220858794
2007-11-28,0.0,0.0,0.0,0.0,0.0,0.0,0.0,0.0,-0.01767411629418536,-0.01767411629418536,-0.01767411629418536,0.0,0.01767411629418536,0.01767411629418536,0.01767411629418536,0.01767411629418536
2007-11-29,-0.0,-0.0,-0.0,-0.0,0.011273698943885968,0.011273698943885968,0.011273698943885968,0.011273698943885968,0.011273698943885968,0.011273698943885968,0.011273698943885968,0.011273698943885968,-0.011273698943885968,-0.011273698943885968,-0.011273698943885968,-0.011273698943885968
2007-11-30,-0.011148019527907782,-0.011148019527907782,-0.011148019527907782,-0.011148019527907782,-0.011148019527907782,0.0,0.0,0.0,-0.011148019527907782,-0.011148019527907782,-0.011148019527907782,-0.011148019527907782,0.011148019527907782,0.011148019527907782,0.011148019527907782,0.011148019527907782
2007-12-03,0.0,0.0,0.0,0.0,0.0,0.0,0.0,0.0,-0.007583662043517014,-0.007583662043517014,-0.007583662043517014,-0.007583662043517014,0.007583662043517014,0.007583662043517014,0.007583662043517014,0.007583662043517014
2007-12-04,0.024232633279483107,0.024232633279483107,-0.0,-0.0,-0.024232633279483107,-0.024232633279483107,-0.024232633279483107,-0.0,0.024232633279483107,0.024232633279483107,0.024232633279483107,0.024232633279483107,-0.024232633279483107,-0.024232633279483107,-0.024232633279483107,-0.024232633279483107
2007-12-05,-0.0066095838966502285,-0.0066095838966502285,-0.0066095838966502285,-0.0066095838966502285,-0.0066095838966502285,-0.0066095838966502285,-0.0066095838966502285,-0.0066095838966502285,-0.0066095838966502285,-0.0066095838966502285,-0.0066095838966502285,-0.0066095838966502285,0.0066095838966502285,0.0066095838966502285,0.0066095838966502285,0.0066095838966502285
2007-12-06,-0.0,-0.0,-0.0,-0.0,-0.0,-0.0,-0.0,-0.0,0.015449367407631476,0.015449367407631476,0.015449367407631476,0.015449367407631476,-0.015449367407631476,-0.015449367407631476,-0.015449367407631476,-0.015449367407631476
2007-12-07,0.03464793626368157,0.0,0.0,0.0,-0.03464793626368157,-0.03464793626368157,-0.03464793626368157,-0.03464793626368157,-0.03464793626368157,-0.03464793626368157,-0.03464793626368157,-0.03464793626368157,0.03464793626368157,0.03464793626368157,0.03464793626368157,0.03464793626368157
2007-12-10,-0.01948836611389626,-0.01948836611389626,-0.0,-0.0,-0.01948836611389626,-0.0,-0.0,-0.0,0.01948836611389626,0.01948836611389626,0.01948836611389626,0.01948836611389626,-0.01948836611389626,-0.01948836611389626,-0.01948836611389626,-0.01948836611389626
2007-12-11,-0.030918215519632808,-0.030918215519632808,0.0,0.0,-0.030918215519632808,-0.030918215519632808,-0.030918215519632808,-0.030918215519632808,-0.030918215519632808,-0.030918215519632808,-0.030918215519632808,-0.030918215519632808,0.030918215519632808,0.030918215519632808,0.030918215519632808,0.030918215519632808
2007-12-12,0.020376297915528196,0.020376297915528196,0.020376297915528196,0.0,-0.020376297915528196,-0.020376297915528196,-0.020376297915528196,-0.020376297915528196,-0.020376297915528196,-0.020376297915528196,-0.020376297915528196,-0.020376297915528196,0.020376297915528196,0.020376297915528196,0.020376297915528196,0.020376297915528196
2007-12-13,-0.036393581978535705,-0.036393581978535705,-0.036393581978535705,-0.036393581978535705,-0.036393581978535705,-0.036393581978535705,-0.036393581978535705,-0.036393581978535705,-0.036393581978535705,-0.036393581978535705,-0.036393581978535705,-0.036393581978535705,0.036393581978535705,0.036393581978535705,0.036393581978535705,0.036393581978535705
2007-12-14,0.02111705353696869,0.02111705353696869,0.02111705353696869,0.02111705353696869,0.02111705353696869,0.02111705353696869,0.02111705353696869,0.02111705353696869,0.02111705353696869,0.02111705353696869,0.02111705353696869,0.02111705353696869,0.02111705353696869,0.02111705353696869,0.02111705353696869,0.02111705353696869
2007-12-17,-0.010799136069114423,-0.010799136069114423,-0.010799136069114423,-0.010799136069114423,-0.010799136069114423,-0.010799136069114423,-0.010799136069114423,-0.010799136069114423,-0.010799136069114423,-0.010799136069114423,-0.010799136069114423,-0.010799136069114423,-0.010799136069114423,-0.010799136069114423,-0.010799136069114423,-0.010799136069114423
2007-12-18,-0.00302947598253267,-0.00302947598253267,-0.00302947598253267,-0.00302947598253267,-0.00302947598253267,-0.00302947598253267,-0.00302947598253267,-0.00302947598253267,-0.00302947598253267,-0.00302947598253267,-0.00302947598253267,-0.00302947598253267,-0.00302947598253267,-0.00302947598253267,-0.00302947598253267,-0.00302947598253267
2007-12-19,0.055928166662104095,0.055928166662104095,0.055928166662104095,0.055928166662104095,0.055928166662104095,0.055928166662104095,0.055928166662104095,0.055928166662104095,0.055928166662104095,0.055928166662104095,0.055928166662104095,0.055928166662104095,0.055928166662104095,0.055928166662104095,0.055928166662104095,0.055928166662104095
2007-12-20,-0.005833246914860535,-0.005833246914860535,-0.005833246914860535,-0.005833246914860535,-0.005833246914860535,-0.005833246914860535,-0.005833246914860535,-0.005833246914860535,-0.005833246914860535,-0.005833246914860535,-0.005833246914860535,-0.005833246914860535,-0.005833246914860535,-0.005833246914860535,-0.005833246914860535,0.0
2007-12-21,-0.0304587060265471,-0.0304587060265471,-0.0304587060265471,-0.0304587060265471,0.0304587060265471,0.0304587060265471,0.0304587060265471,0.0304587060265471,0.0304587060265471,0.0304587060265471,0.0304587060265471,0.0304587060265471,-0.0304587060265471,-0.0304587060265471,-0.0304587060265471,-0.0
2007-12-24,0.00984436290016455,0.00984436290016455,0.00984436290016455,0.00984436290016455,-0.00984436290016455,-0.00984436290016455,-0.00984436290016455,-0.00984436290016455,-0.00984436290016455,-0.00984436290016455,-0.00984436290016455,-0.00984436290016455,0.0,0.0,0.0,0.0
2007-12-26,-0.031615805346828285,-0.031615805346828285,-0.031615805346828285,-0.031615805346828285,-0.031615805346828285,-0.031615805346828285,-0.031615805346828285,-0.0,0.031615805346828285,-0.0,-0.0,-0.0,-0.031615805346828285,-0.031615805346828285,-0.031615805346828285,-0.0
2007-12-27,0.017367390927334414,0.017367390927334414,0.017367390927334414,0.017367390927334414,-0.017367390927334414,-0.017367390927334414,0.0,0.0,-0.017367390927334414,-0.017367390927334414,-0.017367390927334414,-0.017367390927334414,0.017367390927334414,0.017367390927334414,0.017367390927334414,0.017367390927334414
2007-12-28,-0.07309263274670963,-0.07309263274670963,-0.07309263274670963,-0.07309263274670963,-0.07309263274670963,-0.07309263274670963,-0.07309263274670963,-0.07309263274670963,-0.07309263274670963,-0.0,-0.0,-0.0,-0.07309263274670963,-0.07309263274670963,-0.07309263274670963,-0.07309263274670963
2007-12-31,-0.028476774511877245,-0.028476774511877245,-0.028476774511877245,-0.028476774511877245,-0.028476774511877245,-0.028476774511877245,-0.028476774511877245,-0.028476774511877245,-0.028476774511877245,-0.0,-0.0,-0.0,-0.028476774511877245,-0.028476774511877245,-0.028476774511877245,-0.028476774511877245
2008-01-02,0.016402805382313423,0.016402805382313423,0.016402805382313423,0.016402805382313423,-0.016402805382313423,-0.016402805382313423,-0.016402805382313423,-0.016402805382313423,-0.016402805382313423,0.016402805382313423,0.016402805382313423,0.016402805382313423,0.016402805382313423,0.016402805382313423,0.016402805382313423,0.016402805382313423
2008-01-03,0.013865985367553124,0.013865985367553124,0.013865985367553124,0.013865985367553124,-0.013865985367553124,-0.013865985367553124,-0.013865985367553124,-0.013865985367553124,-0.013865985367553124,0.013865985367553124,0.013865985367553124,0.013865985367553124,0.013865985367553124,0.013865985367553124,0.013865985367553124,0.013865985367553124
2008-01-04,-0.03179612793819775,-0.03179612793819775,-0.03179612793819775,-0.03179612793819775,0.03179612793819775,0.03179612793819775,0.03179612793819775,0.03179612793819775,0.03179612793819775,-0.03179612793819775,-0.03179612793819775,-0.03179612793819775,-0.03179612793819775,-0.03179612793819775,-0.03179612793819775,-0.03179612793819775
2008-01-07,-0.009473155588020532,-0.009473155588020532,-0.009473155588020532,-0.009473155588020532,0.009473155588020532,0.009473155588020532,0.009473155588020532,0.009473155588020532,0.009473155588020532,-0.009473155588020532,-0.009473155588020532,-0.009473155588020532,-0.009473155588020532,-0.009473155588020532,-0.009473155588020532,-0.009473155588020532
2008-01-08,-0.01879112678922734,-0.01879112678922734,-0.01879112678922734,-0.01879112678922734,0.01879112678922734,0.01879112678922734,0.01879112678922734,0.01879112678922734,0.01879112678922734,-0.01879112678922734,-0.01879112678922734,-0.01879112678922734,-0.01879112678922734,-0.01879112678922734,-0.01879112678922734,-0.01879112678922734
2008-01-09,-0.009211168819638571,-0.009211168819638571,-0.009211168819638571,-0.009211168819638571,0.009211168819638571,0.009211168819638571,0.009211168819638571,0.009211168819638571,0.009211168819638571,-0.009211168819638571,-0.009211168819638571,-0.009211168819638571,-0.009211168819638571,-0.009211168819638571,-0.009211168819638571,-0.009211168819638571
2008-01-10,-0.014097516989597159,-0.014097516989597159,-0.014097516989597159,-0.014097516989597159,0.014097516989597159,0.014097516989597159,0.014097516989597159,0.014097516989597159,0.014097516989597159,-0.014097516989597159,-0.014097516989597159,-0.014097516989597159,-0.014097516989597159,-0.014097516989597159,-0.014097516989597159,-0.014097516989597159
2008-01-11,0.037345478204294125,0.037345478204294125,0.037345478204294125,0.037345478204294125,-0.037345478204294125,-0.037345478204294125,-0.037345478204294125,-0.037345478204294125,-0.037345478204294125,0.037345478204294125,0.037345478204294125,0.037345478204294125,0.037345478204294125,0.037345478204294125,0.037345478204294125,0.037345478204294125
2008-01-14,0.044065963773992856,0.044065963773992856,0.044065963773992856,0.044065963773992856,-0.044065963773992856,-0.044065963773992856,-0.044065963773992856,-0.044065963773992856,-0.044065963773992856,0.044065963773992856,0.044065963773992856,0.044065963773992856,0.044065963773992856,0.044065963773992856,0.044065963773992856,0.044065963773992856
2008-01-15,0.022247360482654632,0.022247360482654632,0.0,0.0,-0.022247360482654632,-0.022247360482654632,-0.022247360482654632,-0.022247360482654632,-0.022247360482654632,0.022247360482654632,0.022247360482654632,0.022247360482654632,0.022247360482654632,0.022247360482654632,0.022247360482654632,0.022247360482654632
2008-01-16,0.006676629386810573,0.006676629386810573,0.006676629386810573,0.006676629386810573,0.0,0.0,0.0,0.0,0.006676629386810573,-0.006676629386810573,-0.006676629386810573,-0.006676629386810573,-0.006676629386810573,-0.006676629386810573,-0.006676629386810573,-0.006676629386810573
2008-01-17,0.025068837543397615,0.025068837543397615,0.025068837543397615,0.025068837543397615,-0.025068837543397615,-0.025068837543397615,-0.025068837543397615,-0.025068837543397615,0.025068837543397615,-0.025068837543397615,-0.025068837543397615,-0.025068837543397615,-0.025068837543397615,-0.025068837543397615,-0.025068837543397615,-0.025068837543397615
2008-01-18,-0.022633840979164543,-0.022633840979164543,-0.022633840979164543,-0.022633840979164543,0.022633840979164543,0.022633840979164543,0.022633840979164543,0.022633840979164543,-0.022633840979164543,0.022633840979164543,0.022633840979164543,0.022633840979164543,0.022633840979164543,0.022633840979164543,0.022633840979164543,0.022633840979164543
2008-01-22,0.04715245082809538,0.04715245082809538,0.04715245082809538,0.04715245082809538,0.04715245082809538,0.0,0.0,0.0,0.04715245082809538,-0.04715245082809538,-0.04715245082809538,-0.04715245082809538,-0.04715245082809538,-0.04715245082809538,-0.04715245082809538,-0.04715245082809538
2008-01-23,-0.0017573489136389897,-0.0017573489136389897,-0.0017573489136389897,-0.0017573489136389897,0.0017573489136389897,0.0017573489136389897,0.0017573489136389897,0.0017573489136389897,-0.0017573489136389897,0.0017573489136389897,0.0017573489136389897,0.0017573489136389897,0.0017573489136389897,0.0017573489136389897,0.0017573489136389897,0.0017573489136389897
2008-01-24,-0.01305471089874044,-0.01305471089874044,-0.01305471089874044,-0.01305471089874044,-0.01305471089874044,0.0,0.0,0.0,0.01305471089874044,-0.01305471089874044,-0.01305471089874044,-0.01305471089874044,-0.01305471089874044,-0.01305471089874044,-0.01305471089874044,-0.01305471089874044
2008-01-25,0.00839539607312123,0.00839539607312123,0.00839539607312123,0.00839539607312123,0.00839539607312123,0.00839539607312123,0.00839539607312123,0.00839539607312123,-0.00839539607312123,0.00839539607312123,0.00839539607312123,0.00839539607312123,0.00839539607312123,0.00839539607312123,0.00839539607312123,0.00839539607312123
2008-01-28,-0.007874732577723087,-0.007874732577723087,-0.007874732577723087,-0.007874732577723087,-0.007874732577723087,-0.007874732577723087,-0.007874732577723087,-0.007874732577723087,0.007874732577723087,-0.007874732577723087,-0.007874732577723087,-0.007874732577723087,-0.007874732577723087,-0.007874732577723087,-0.007874732577723087,-0.007874732577723087
2008-01-29,0.020142715201878714,0.020142715201878714,0.020142715201878714,0.020142715201878714,0.020142715201878714,0.020142715201878714,0.020142715201878714,0.020142715201878714,-0.020142715201878714,0.020142715201878714,0.020142715201878714,0.020142715201878714,0.020142715201878714,0.020142715201878714,0.020142715201878714,0.0
2008-01-30,0.017146017699115057,0.017146017699115057,0.017146017699115057,0.017146017699115057,-0.0,-0.0,-0.0,-0.0,-0.017146017699115057,0.017146017699115057,0.017146017699115057,0.017146017699115057,0.017146017699115057,0.017146017699115057,0.017146017699115057,0.017146017699115057
2008-01-31,-0.025980116300881706,0.0,0.0,0.0,-0.025980116300881706,-0.025980116300881706,-0.025980116300881706,-0.025980116300881706,-0.025980116300881706,0.025980116300881706,0.025980116300881706,0.0,0.025980116300881706,0.0,0.0,0.0
2008-02-01,-0.03187289359653345,-0.03187289359653345,-0.03187289359653345,-0.03187289359653345,-0.03187289359653345,-0.03187289359653345,-0.03187289359653345,-0.03187289359653345,0.03187289359653345,-0.03187289359653345,-0.03187289359653345,-0.03187289359653345,-0.03187289359653345,0.0,0.0,0.0
2008-02-04,0.008404615078575706,0.008404615078575706,0.008404615078575706,0.008404615078575706,-0.008404615078575706,0.0,0.0,0.0,-0.008404615078575706,0.008404615078575706,0.008404615078575706,0.008404615078575706,0.008404615078575706,0.008404615078575706,0.008404615078575706,0.008404615078575706
2008-02-05,0.0,0.0,0.0,0.0,-0.0,-0.0,-0.0,-0.0,-0.0,0.0,0.0,0.0,0.0,0.0,0.0,0.0
2008-02-06,0.0352123095132415,0.0352123095132415,0.0352123095132415,0.0352123095132415,-0.0352123095132415,-0.0352123095132415,-0.0352123095132415,-0.0352123095132415,-0.0352123095132415,0.0352123095132415,0.0352123095132415,0.0352123095132415,0.0352123095132415,0.0352123095132415,0.0352123095132415,0.0352123095132415
2008-02-07,0.0008098708970512014,0.0008098708970512014,0.0008098708970512014,0.0008098708970512014,-0.0008098708970512014,-0.0008098708970512014,-0.0008098708970512014,-0.0008098708970512014,-0.0008098708970512014,0.0008098708970512014,0.0008098708970512014,0.0008098708970512014,0.0008098708970512014,0.0008098708970512014,0.0008098708970512014,0.0008098708970512014
2008-02-08,-0.03232102056359476,-0.03232102056359476,-0.03232102056359476,0.0,0.03232102056359476,0.03232102056359476,0.03232102056359476,0.03232102056359476,0.03232102056359476,-0.03232102056359476,-0.03232102056359476,-0.03232102056359476,0.03232102056359476,0.03232102056359476,0.03232102056359476,0.03232102056359476
2008-02-11,-0.016601898765310485,-0.016601898765310485,-0.0,-0.0,-0.016601898765310485,-0.016601898765310485,-0.016601898765310485,-0.016601898765310485,-0.016601898765310485,0.016601898765310485,0.016601898765310485,0.016601898765310485,-0.016601898765310485,-0.016601898765310485,-0.016601898765310485,-0.016601898765310485
2008-02-12,0.008806522633246994,0.008806522633246994,0.0,0.0,0.008806522633246994,0.008806522633246994,0.008806522633246994,0.008806522633246994,0.008806522633246994,-0.008806522633246994,-0.008806522633246994,-0.008806522633246994,-0.008806522633246994,-0.008806522633246994,0.0,0.0
2008-02-13,0.0004149478874271306,0.0004149478874271306,0.0004149478874271306,0.0,0.0004149478874271306,0.0004149478874271306,0.0004149478874271306,0.0004149478874271306,0.0004149478874271306,-0.0004149478874271306,-0.0004149478874271306,-0.0004149478874271306,0.0004149478874271306,0.0004149478874271306,0.0004149478874271306,0.0004149478874271306
2008-02-14,-0.04944813440125029,-0.04944813440125029,-0.0,-0.0,-0.04944813440125029,-0.04944813440125029,-0.04944813440125029,-0.04944813440125029,-0.04944813440125029,0.04944813440125029,0.04944813440125029,0.04944813440125029,-0.04944813440125029,-0.04944813440125029,-0.04944813440125029,-0.04944813440125029
2008-02-15,0.024571282313795795,0.024571282313795795,0.024571282313795795,0.024571282313795795,-0.024571282313795795,-0.024571282313795795,-0.024571282313795795,-0.024571282313795795,-0.024571282313795795,0.024571282313795795,-0.0,-0.0,-0.024571282313795795,-0.024571282313795795,-0.024571282313795795,-0.024571282313795795
2008-02-19,0.0033384052869438463,0.0033384052869438463,0.0033384052869438463,0.0033384052869438463,-0.0033384052869438463,-0.0033384052869438463,-0.0033384052869438463,-0.0033384052869438463,-0.0033384052869438463,0.0033384052869438463,0.0033384052869438463,0.0033384052869438463,0.0033384052869438463,0.0033384052869438463,0.0033384052869438463,0.0033384052869438463
2008-02-20,-0.0007747345394886196,-0.0007747345394886196,-0.0007747345394886196,-0.0007747345394886196,0.0007747345394886196,0.0007747345394886196,0.0007747345394886196,0.0007747345394886196,0.0007747345394886196,-0.0007747345394886196,-0.0007747345394886196,-0.0007747345394886196,-0.0007747345394886196,-0.0007747345394886196,-0.0007747345394886196,-0.0007747345394886196
2008-02-21,-0.003346994535519121,-0.003346994535519121,-0.003346994535519121,-0.003346994535519121,0.003346994535519121,0.003346994535519121,0.003346994535519121,0.003346994535519121,0.003346994535519121,-0.003346994535519121,-0.003346994535519121,-0.003346994535519121,-0.003346994535519121,-0.003346994535519121,-0.003346994535519121,-0.003346994535519121
2008-02-22,-0.021013456781718842,-0.021013456781718842,-0.021013456781718842,-0.021013456781718842,0.021013456781718842,0.021013456781718842,0.021013456781718842,0.021013456781718842,0.0,-0.0,-0.0,-0.0,-0.021013456781718842,-0.021013456781718842,-0.021013456781718842,-0.021013456781718842
2008-02-25,-0.02251461338430416,-0.02251461338430416,-0.02251461338430416,-0.02251461338430416,0.02251461338430416,0.02251461338430416,0.02251461338430416,0.02251461338430416,0.02251461338430416,-0.0,-0.0,-0.0,-0.02251461338430416,-0.02251461338430416,-0.02251461338430416,-0.02251461338430416
2008-02-26,-0.02049732643568225,-0.02049732643568225,-0.02049732643568225,-0.02049732643568225,0.02049732643568225,0.02049732643568225,0.02049732643568225,0.02049732643568225,0.02049732643568225,-0.02049732643568225,-0.02049732643568225,-0.0,-0.02049732643568225,-0.02049732643568225,-0.02049732643568225,-0.02049732643568225
2008-02-27,0.021555304692325694,0.021555304692325694,0.021555304692325694,0.021555304692325694,-0.021555304692325694,-0.021555304692325694,-0.021555304692325694,-0.021555304692325694,-0.021555304692325694,0.021555304692325694,0.021555304692325694,0.021555304692325694,0.021555304692325694,0.021555304692325694,0.021555304692325694,0.021555304692325694
2008-02-28,-0.029758147027450832,-0.029758147027450832,-0.029758147027450832,-0.029758147027450832,0.029758147027450832,0.029758147027450832,0.029758147027450832,0.029758147027450832,0.029758147027450832,-0.029758147027450832,-0.029758147027450832,-0.029758147027450832,-0.029758147027450832,-0.029758147027450832,-0.029758147027450832,-0.029758147027450832
2008-02-29,0.034584813123625935,0.034584813123625935,0.034584813123625935,0.034584813123625935,-0.034584813123625935,-0.034584813123625935,-0.034584813123625935,-0.034584813123625935,-0.034584813123625935,0.034584813123625935,0.034584813123625935,0.034584813123625935,0.034584813123625935,0.034584813123625935,0.034584813123625935,0.034584813123625935
2008-03-03,-0.03545151966365956,-0.03545151966365956,-0.03545151966365956,-0.03545151966365956,0.03545151966365956,0.03545151966365956,0.03545151966365956,0.03545151966365956,0.03545151966365956,-0.03545151966365956,-0.03545151966365956,-0.03545151966365956,-0.03545151966365956,-0.03545151966365956,-0.03545151966365956,-0.03545151966365956
2008-03-04,-0.0025588428109206696,-0.0025588428109206696,-0.0025588428109206696,-0.0,0.0025588428109206696,0.0025588428109206696,0.0025588428109206696,0.0025588428109206696,0.0025588428109206696,-0.0025588428109206696,-0.0025588428109206696,-0.0025588428109206696,-0.0025588428109206696,-0.0025588428109206696,-0.0025588428109206696,-0.0025588428109206696
2008-03-05,0.027927775902801155,0.027927775902801155,0.027927775902801155,0.027927775902801155,-0.027927775902801155,-0.027927775902801155,-0.027927775902801155,-0.027927775902801155,-0.027927775902801155,0.027927775902801155,0.027927775902801155,0.027927775902801155,0.027927775902801155,0.027927775902801155,0.027927775902801155,0.027927775902801155
2008-03-06,0.03775713913722767,0.0,0.0,0.0,-0.03775713913722767,-0.03775713913722767,-0.03775713913722767,-0.03775713913722767,-0.03775713913722767,0.03775713913722767,0.03775713913722767,0.03775713913722767,0.03775713913722767,0.03775713913722767,0.03775713913722767,0.03775713913722767
2008-03-07,-0.0,-0.0,-0.0,-0.0,0.04449305430272421,0.04449305430272421,0.04449305430272421,0.04449305430272421,0.04449305430272421,-0.04449305430272421,-0.04449305430272421,-0.04449305430272421,-0.04449305430272421,-0.04449305430272421,-0.04449305430272421,-0.04449305430272421
2008-03-10,0.0028067448237147907,0.0028067448237147907,0.0028067448237147907,0.0028067448237147907,0.0028067448237147907,0.0,0.0,0.0,0.0028067448237147907,-0.0028067448237147907,-0.0028067448237147907,-0.0028067448237147907,-0.0028067448237147907,-0.0028067448237147907,-0.0028067448237147907,-0.0028067448237147907
2008-03-11,-0.04172497685534049,-0.04172497685534049,-0.0,-0.0,0.04172497685534049,0.04172497685534049,0.04172497685534049,0.04172497685534049,0.04172497685534049,-0.04172497685534049,-0.04172497685534049,-0.04172497685534049,-0.04172497685534049,-0.04172497685534049,-0.04172497685534049,-0.04172497685534049
2008-03-12,0.006282938927353543,0.006282938927353543,0.006282938927353543,-0.0,0.006282938927353543,0.0,0.0,0.0,0.006282938927353543,-0.006282938927353543,-0.006282938927353543,-0.006282938927353543,-0.006282938927353543,-0.006282938927353543,-0.006282938927353543,-0.006282938927353543
2008-03-13,0.025960689272731097,0.025960689272731097,0.025960689272731097,0.025960689272731097,-0.025960689272731097,-0.025960689272731097,-0.025960689272731097,-0.025960689272731097,-0.025960689272731097,0.025960689272731097,0.025960689272731097,0.025960689272731097,0.025960689272731097,0.025960689272731097,0.025960689272731097,0.025960689272731097
2008-03-14,0.04434370057986281,0.04434370057986281,0.04434370057986281,0.04434370057986281,-0.04434370057986281,-0.04434370057986281,-0.04434370057986281,-0.04434370057986281,-0.04434370057986281,0.04434370057986281,0.04434370057986281,0.04434370057986281,0.04434370057986281,0.04434370057986281,0.04434370057986281,0.04434370057986281
2008-03-17,0.0622435020519837,0.0622435020519837,0.0622435020519837,0.0622435020519837,-0.0,-0.0,-0.0,-0.0,-0.0622435020519837,0.0622435020519837,0.0622435020519837,0.0622435020519837,0.0622435020519837,0.0622435020519837,0.0622435020519837,0.0622435020519837
2008-03-18,-0.028093456624549873,-0.028093456624549873,-0.028093456624549873,-0.028093456624549873,0.028093456624549873,-0.0,-0.0,-0.0,-0.028093456624549873,0.028093456624549873,0.028093456624549873,0.028093456624549873,0.028093456624549873,0.028093456624549873,0.028093456624549873,0.028093456624549873
2008-03-19,-0.01655893674195663,-0.01655893674195663,-0.01655893674195663,-0.01655893674195663,0.01655893674195663,0.01655893674195663,0.01655893674195663,0.01655893674195663,0.01655893674195663,-0.01655893674195663,-0.01655893674195663,-0.01655893674195663,0.01655893674195663,0.01655893674195663,0.01655893674195663,0.01655893674195663
2008-03-20,0.04517145459468774,0.04517145459468774,0.04517145459468774,0.04517145459468774,-0.04517145459468774,-0.04517145459468774,-0.04517145459468774,-0.04517145459468774,-0.04517145459468774,0.04517145459468774,0.04517145459468774,0.04517145459468774,-0.04517145459468774,-0.04517145459468774,-0.04517145459468774,-0.04517145459468774
2008-03-24,0.02016110038155361,0.02016110038155361,0.02016110038155361,0.02016110038155361,-0.02016110038155361,-0.02016110038155361,-0.02016110038155361,-0.02016110038155361,-0.02016110038155361,0.02016110038155361,0.02016110038155361,0.02016110038155361,-0.02016110038155361,-0.02016110038155361,-0.02016110038155361,-0.02016110038155361
2008-03-25,-0.016576626494897773,-0.016576626494897773,-0.016576626494897773,-0.016576626494897773,0.016576626494897773,0.016576626494897773,0.016576626494897773,0.016576626494897773,0.016576626494897773,-0.016576626494897773,-0.016576626494897773,-0.016576626494897773,0.016576626494897773,0.016576626494897773,0.016576626494897773,0.016576626494897773
2008-03-26,-0.002840642313832187,-0.002840642313832187,-0.002840642313832187,-0.002840642313832187,0.002840642313832187,0.002840642313832187,0.002840642313832187,0.002840642313832187,0.002840642313832187,-0.002840642313832187,-0.002840642313832187,-0.002840642313832187,0.002840642313832187,0.002840642313832187,0.002840642313832187,0.002840642313832187
2008-03-27,0.0,0.0,0.0,0.0,0.02811065332548568,0.02811065332548568,0.02811065332548568,0.02811065332548568,0.02811065332548568,-0.02811065332548568,-0.02811065332548568,-0.02811065332548568,0.02811065332548568,0.02811065332548568,0.02811065332548568,0.02811065332548568
2008-03-28,0.029771565611298123,0.029771565611298123,0.029771565611298123,0.029771565611298123,0.029771565611298123,0.029771565611298123,0.029771565611298123,0.029771565611298123,0.029771565611298123,-0.029771565611298123,-0.029771565611298123,-0.029771565611298123,0.029771565611298123,0.029771565611298123,0.029771565611298123,0.029771565611298123
2008-03-31,-0.04536602416858093,-0.04536602416858093,-0.04536602416858093,-0.0,-0.04536602416858093,-0.04536602416858093,-0.04536602416858093,-0.04536602416858093,-0.04536602416858093,0.04536602416858093,0.04536602416858093,0.04536602416858093,0.04536602416858093,0.04536602416858093,0.04536602416858093,0.04536602416858093
2008-04-01,0.0033198786691825966,0.0033198786691825966,0.0033198786691825966,0.0033198786691825966,-0.0033198786691825966,0.0033198786691825966,0.0033198786691825966,0.0033198786691825966,0.0033198786691825966,0.0033198786691825966,0.0033198786691825966,0.0033198786691825966,0.0033198786691825966,0.0033198786691825966,0.0033198786691825966,0.0033198786691825966
2008-04-02,0.007617596648257452,0.007617596648257452,0.007617596648257452,0.007617596648257452,-0.007617596648257452,0.007617596648257452,0.007617596648257452,0.007617596648257452,0.007617596648257452,0.007617596648257452,0.007617596648257452,0.007617596648257452,0.007617596648257452,0.007617596648257452,0.007617596648257452,0.007617596648257452
2008-04-03,0.004087129087128938,0.004087129087128938,-0.0,-0.0,-0.004087129087128938,0.004087129087128938,-0.0,-0.0,0.004087129087128938,0.004087129087128938,0.004087129087128938,0.004087129087128938,0.004087129087128938,0.004087129087128938,-0.0,-0.0
2008-04-04,0.0,0.0,0.0,0.0,-0.012634996823604139,0.012634996823604139,0.012634996823604139,0.012634996823604139,-0.012634996823604139,-0.012634996823604139,-0.012634996823604139,-0.012634996823604139,-0.012634996823604139,-0.012634996823604139,-0.012634996823604139,-0.012634996823604139
2008-04-07,-0.016299685444666867,-0.016299685444666867,-0.016299685444666867,-0.016299685444666867,0.016299685444666867,-0.016299685444666867,-0.016299685444666867,-0.016299685444666867,0.016299685444666867,0.016299685444666867,0.016299685444666867,0.016299685444666867,0.016299685444666867,0.016299685444666867,0.016299685444666867,0.016299685444666867
2008-04-08,0.0010082536109549123,0.0010082536109549123,0.0010082536109549123,0.0010082536109549123,0.0010082536109549123,-0.0010082536109549123,0.0,0.0,-0.0010082536109549123,-0.0010082536109549123,-0.0010082536109549123,-0.0010082536109549123,-0.0010082536109549123,-0.0010082536109549123,-0.0010082536109549123,-0.0010082536109549123
2008-04-09,0.01929351015139058,0.01929351015139058,0.01929351015139058,0.0,0.01929351015139058,-0.01929351015139058,-0.01929351015139058,0.0,-0.01929351015139058,-0.01929351015139058,-0.01929351015139058,-0.01929351015139058,-0.01929351015139058,-0.01929351015139058,-0.01929351015139058,-0.01929351015139058
2008-04-10,-0.0008137280712250394,-0.0008137280712250394,-0.0,-0.0,0.0,-0.0,-0.0,-0.0,0.0008137280712250394,0.0008137280712250394,0.0008137280712250394,0.0008137280712250394,0.0008137280712250394,0.0008137280712250394,0.0008137280712250394,0.0008137280712250394
2008-04-11,0.015520003826195117,0.015520003826195117,-0.0,-0.0,-0.015520003826195117,0.015520003826195117,0.015520003826195117,-0.0,0.015520003826195117,0.015520003826195117,0.015520003826195117,0.015520003826195117,0.015520003826195117,0.015520003826195117,0.015520003826195117,0.015520003826195117
2008-04-14,0.04646069797014074,0.04646069797014074,0.04646069797014074,-0.0,0.04646069797014074,-0.04646069797014074,-0.0,-0.0,0.04646069797014074,0.04646069797014074,0.04646069797014074,0.04646069797014074,0.04646069797014074,0.04646069797014074,-0.0,-0.0
2008-04-15,0.009721190845878636,0.009721190845878636,0.0,0.0,-0.009721190845878636,0.009721190845878636,0.009721190845878636,0.009721190845878636,-0.009721190845878636,-0.009721190845878636,-0.009721190845878636,-0.009721190845878636,0.009721190845878636,0.009721190845878636,0.009721190845878636,0.009721190845878636
2008-04-16,0.02910900538550687,0.02910900538550687,0.02910900538550687,0.02910900538550687,-0.02910900538550687,0.02910900538550687,0.02910900538550687,0.02910900538550687,-0.02910900538550687,-0.02910900538550687,-0.02910900538550687,0.0,0.02910900538550687,0.02910900538550687,0.02910900538550687,0.02910900538550687
2008-04-17,0.017623929223423707,0.017623929223423707,0.017623929223423707,0.017623929223423707,-0.017623929223423707,0.017623929223423707,0.017623929223423707,0.017623929223423707,0.017623929223423707,0.017623929223423707,0.017623929223423707,0.017623929223423707,0.017623929223423707,0.017623929223423707,0.017623929223423707,0.017623929223423707
2008-04-18,0.009077263955399872,0.009077263955399872,0.009077263955399872,0.009077263955399872,-0.009077263955399872,0.0,0.0,0.0,0.009077263955399872,0.009077263955399872,0.009077263955399872,0.009077263955399872,0.009077263955399872,0.009077263955399872,0.009077263955399872,0.009077263955399872
2008-04-21,0.0,0.0,0.0,0.0,0.038492979419119,-0.038492979419119,0.0,0.0,0.038492979419119,0.038492979419119,0.038492979419119,0.038492979419119,-0.038492979419119,-0.038492979419119,-0.038492979419119,-0.038492979419119
2008-04-22,-0.041534345227676295,-0.041534345227676295,-0.041534345227676295,-0.041534345227676295,0.041534345227676295,0.0,0.0,0.0,-0.041534345227676295,-0.041534345227676295,-0.041534345227676295,-0.041534345227676295,-0.041534345227676295,-0.041534345227676295,-0.041534345227676295,-0.041534345227676295
2008-04-23,0.017114531698408486,0.017114531698408486,0.017114531698408486,0.017114531698408486,-0.017114531698408486,0.017114531698408486,0.017114531698408486,0.017114531698408486,0.017114531698408486,0.017114531698408486,0.017114531698408486,0.017114531698408486,0.017114531698408486,0.017114531698408486,0.017114531698408486,0.017114531698408486
2008-04-24,-0.013953726978915393,-0.013953726978915393,-0.013953726978915393,-0.013953726978915393,0.013953726978915393,-0.013953726978915393,-0.013953726978915393,-0.013953726978915393,-0.013953726978915393,-0.013953726978915393,-0.013953726978915393,-0.013953726978915393,-0.013953726978915393,-0.013953726978915393,-0.013953726978915393,-0.013953726978915393
2008-04-25,-0.046121429686280746,-0.046121429686280746,-0.046121429686280746,-0.046121429686280746,0.046121429686280746,-0.046121429686280746,-0.046121429686280746,-0.046121429686280746,-0.046121429686280746,-0.046121429686280746,-0.046121429686280746,-0.046121429686280746,-0.046121429686280746,-0.046121429686280746,-0.046121429686280746,-0.046121429686280746
2008-04-28,0.02759824374812503,0.02759824374812503,0.02759824374812503,0.02759824374812503,-0.02759824374812503,0.02759824374812503,0.02759824374812503,0.02759824374812503,0.02759824374812503,0.02759824374812503,0.02759824374812503,0.02759824374812503,0.02759824374812503,0.02759824374812503,0.02759824374812503,0.02759824374812503
2008-04-29,-0.020912396167829805,-0.020912396167829805,-0.020912396167829805,-0.020912396167829805,0.020912396167829805,-0.020912396167829805,-0.020912396167829805,-0.020912396167829805,-0.020912396167829805,-0.020912396167829805,-0.020912396167829805,-0.020912396167829805,-0.020912396167829805,-0.020912396167829805,-0.020912396167829805,-0.020912396167829805
2008-04-30,0.009378472881034217,0.009378472881034217,0.009378472881034217,0.009378472881034217,-0.009378472881034217,0.009378472881034217,0.009378472881034217,0.009378472881034217,0.009378472881034217,0.009378472881034217,0.009378472881034217,0.009378472881034217,0.009378472881034217,0.009378472881034217,0.009378472881034217,0.009378472881034217
2008-05-01,0.024409892854265758,0.024409892854265758,0.024409892854265758,0.024409892854265758,-0.024409892854265758,0.024409892854265758,0.024409892854265758,0.024409892854265758,0.024409892854265758,0.024409892854265758,0.024409892854265758,0.024409892854265758,0.024409892854265758,0.024409892854265758,0.024409892854265758,0.024409892854265758
2008-05-02,0.016331131383034325,0.016331131383034325,0.016331131383034325,0.016331131383034325,-0.016331131383034325,0.016331131383034325,0.016331131383034325,0.016331131383034325,0.016331131383034325,0.016331131383034325,0.016331131383034325,0.016331131383034325,0.016331131383034325,0.016331131383034325,0.016331131383034325,0.016331131383034325
2008-05-05,-0.008253591601970589,0.0,0.0,0.0,0.008253591601970589,-0.008253591601970589,-0.008253591601970589,-0.008253591601970589,-0.008253591601970589,-0.008253591601970589,-0.008253591601970589,-0.008253591601970589,-0.008253591601970589,-0.008253591601970589,-0.008253591601970589,-0.008253591601970589
2008-05-06,-0.037346232867805806,-0.037346232867805806,-0.037346232867805806,-0.037346232867805806,-0.037346232867805806,0.037346232867805806,0.037346232867805806,0.037346232867805806,0.037346232867805806,0.037346232867805806,0.037346232867805806,0.037346232867805806,0.037346232867805806,0.037346232867805806,0.037346232867805806,0.037346232867805806
2008-05-07,0.001955524356306637,0.001955524356306637,0.001955524356306637,0.001955524356306637,0.001955524356306637,-0.001955524356306637,-0.001955524356306637,-0.001955524356306637,-0.001955524356306637,-0.001955524356306637,-0.001955524356306637,-0.001955524356306637,-0.001955524356306637,-0.001955524356306637,-0.001955524356306637,-0.001955524356306637
2008-05-08,0.0028134341480567926,0.0028134341480567926,0.0028134341480567926,0.0028134341480567926,-0.0028134341480567926,0.0028134341480567926,0.0028134341480567926,0.0028134341480567926,-0.0028134341480567926,-0.0028134341480567926,-0.0028134341480567926,-0.0028134341480567926,-0.0028134341480567926,-0.0028134341480567926,-0.0028134341480567926,0.0
2008-05-09,0.011335869209260219,0.011335869209260219,0.011335869209260219,0.011335869209260219,-0.011335869209260219,0.011335869209260219,0.011335869209260219,0.011335869209260219,-0.011335869209260219,-0.011335869209260219,-0.011335869209260219,-0.011335869209260219,-0.011335869209260219,-0.011335869209260219,-0.011335869209260219,-0.011335869209260219
2008-05-12,0.014778199607613285,0.014778199607613285,0.014778199607613285,0.014778199607613285,-0.014778199607613285,0.014778199607613285,0.014778199607613285,0.014778199607613285,-0.014778199607613285,-0.014778199607613285,-0.014778199607613285,-0.014778199607613285,-0.014778199607613285,-0.014778199607613285,-0.014778199607613285,-0.014778199607613285
2008-05-13,-0.03447384074275228,-0.03447384074275228,-0.0,-0.0,0.03447384074275228,-0.03447384074275228,-0.03447384074275228,-0.03447384074275228,0.03447384074275228,0.03447384074275228,0.03447384074275228,0.03447384074275228,0.03447384074275228,0.03447384074275228,0.03447384074275228,0.03447384074275228
2008-05-14,-0.0253000000000001,-0.0,-0.0,-0.0,0.0253000000000001,-0.0253000000000001,-0.0253000000000001,-0.0253000000000001,0.0253000000000001,0.0253000000000001,0.0253000000000001,0.0253000000000001,0.0253000000000001,0.0253000000000001,0.0253000000000001,0.0253000000000001
2008-05-15,-0.0,-0.0,-0.0,-0.0,0.005291134302155331,-0.005291134302155331,-0.005291134302155331,-0.005291134302155331,0.005291134302155331,0.005291134302155331,0.005291134302155331,0.005291134302155331,0.005291134302155331,0.005291134302155331,0.005291134302155331,0.005291134302155331
2008-05-16,-0.02517645346721986,-0.02517645346721986,-0.02517645346721986,-0.02517645346721986,0.02517645346721986,-0.02517645346721986,-0.02517645346721986,-0.02517645346721986,0.02517645346721986,0.02517645346721986,0.02517645346721986,0.02517645346721986,0.02517645346721986,0.02517645346721986,0.02517645346721986,0.02517645346721986
2008-05-19,0.004897437717368169,0.004897437717368169,0.004897437717368169,0.004897437717368169,-0.004897437717368169,0.004897437717368169,0.004897437717368169,0.004897437717368169,-0.004897437717368169,-0.004897437717368169,-0.004897437717368169,0.0,-0.004897437717368169,-0.004897437717368169,-0.004897437717368169,-0.004897437717368169
2008-05-20,0.010699001426533572,0.010699001426533572,0.010699001426533572,0.010699001426533572,-0.010699001426533572,0.010699001426533572,0.010699001426533572,0.010699001426533572,0.010699001426533572,0.010699001426533572,0.010699001426533572,0.0,-0.010699001426533572,-0.010699001426533572,-0.010699001426533572,-0.010699001426533572
2008-05-21,0.006032203797164071,0.006032203797164071,0.006032203797164071,0.006032203797164071,-0.006032203797164071,0.006032203797164071,0.006032203797164071,0.006032203797164071,0.006032203797164071,0.006032203797164071,0.006032203797164071,0.006032203797164071,-0.006032203797164071,-0.006032203797164071,-0.006032203797164071,-0.006032203797164071
2008-05-22,0.029086776759592925,0.029086776759592925,0.029086776759592925,0.029086776759592925,-0.029086776759592925,0.029086776759592925,0.029086776759592925,0.029086776759592925,0.029086776759592925,0.029086776759592925,0.029086776759592925,0.029086776759592925,-0.029086776759592925,-0.029086776759592925,-0.029086776759592925,-0.029086776759592925
2008-05-23,-0.012277119234983536,-0.0,-0.0,-0.0,0.012277119234983536,-0.012277119234983536,-0.012277119234983536,-0.012277119234983536,-0.012277119234983536,-0.012277119234983536,-0.012277119234983536,-0.012277119234983536,0.012277119234983536,0.012277119234983536,0.012277119234983536,0.012277119234983536
2008-05-27,-0.03663066742109289,-0.03663066742109289,-0.03663066742109289,-0.03663066742109289,-0.03663066742109289,0.03663066742109289,0.0,0.0,0.03663066742109289,0.03663066742109289,0.03663066742109289,0.03663066742109289,-0.03663066742109289,-0.03663066742109289,-0.03663066742109289,-0.03663066742109289
2008-05-28,0.017466802860061303,0.017466802860061303,0.017466802860061303,0.017466802860061303,0.017466802860061303,-0.017466802860061303,-0.017466802860061303,-0.017466802860061303,-0.017466802860061303,-0.017466802860061303,-0.017466802860061303,-0.017466802860061303,0.017466802860061303,0.017466802860061303,0.017466802860061303,0.017466802860061303
2008-05-29,0.00672623230599334,0.00672623230599334,0.00672623230599334,0.00672623230599334,0.00672623230599334,-0.00672623230599334,-0.0,-0.0,-0.00672623230599334,-0.00672623230599334,-0.00672623230599334,-0.00672623230599334,0.00672623230599334,0.00672623230599334,0.00672623230599334,0.00672623230599334
2008-05-30,-0.0194206222576786,-0.0194206222576786,-0.0194206222576786,-0.0194206222576786,-0.0,0.0,0.0,0.0,0.0194206222576786,0.0194206222576786,0.0194206222576786,0.0194206222576786,-0.0194206222576786,-0.0194206222576786,-0.0194206222576786,-0.0194206222576786
2008-06-02,-0.01716116238273202,-0.01716116238273202,-0.01716116238273202,-0.01716116238273202,0.01716116238273202,-0.01716116238273202,-0.01716116238273202,-0.01716116238273202,0.01716116238273202,0.01716116238273202,0.01716116238273202,0.01716116238273202,-0.01716116238273202,-0.01716116238273202,-0.01716116238273202,-0.01716116238273202
2008-06-03,0.02485902012520036,0.02485902012520036,0.02485902012520036,0.02485902012520036,-0.02485902012520036,0.02485902012520036,0.02485902012520036,0.02485902012520036,-0.02485902012520036,-0.02485902012520036,-0.02485902012520036,-0.02485902012520036,0.02485902012520036,0.02485902012520036,0.02485902012520036,0.02485902012520036
2008-06-04,0.021201948560034323,0.021201948560034323,0.021201948560034323,0.021201948560034323,-0.021201948560034323,0.021201948560034323,0.021201948560034323,0.021201948560034323,-0.0,-0.0,-0.0,-0.0,0.021201948560034323,0.021201948560034323,0.021201948560034323,0.021201948560034323
2008-06-05,0.0021503250203911417,0.0021503250203911417,0.0,0.0,0.0021503250203911417,-0.0021503250203911417,-0.0021503250203911417,-0.0021503250203911417,0.0021503250203911417,0.0021503250203911417,0.0021503250203911417,0.0021503250203911417,-0.0021503250203911417,-0.0021503250203911417,-0.0021503250203911417,-0.0021503250203911417
2008-06-06,0.052313484593282555,0.052313484593282555,0.052313484593282555,0.0,0.052313484593282555,-0.052313484593282555,-0.052313484593282555,-0.052313484593282555,0.052313484593282555,0.052313484593282555,0.0,0.0,-0.052313484593282555,-0.052313484593282555,-0.052313484593282555,-0.052313484593282555
2008-06-09,0.0022477783585990174,0.0,0.0,0.0,0.0022477783585990174,-0.0022477783585990174,-0.0022477783585990174,-0.0022477783585990174,0.0022477783585990174,0.0022477783585990174,0.0,0.0,-0.0022477783585990174,-0.0022477783585990174,-0.0022477783585990174,-0.0022477783585990174
2008-06-10,-0.02404778121234341,-0.02404778121234341,-0.02404778121234341,-0.02404778121234341,0.02404778121234341,-0.02404778121234341,-0.02404778121234341,-0.02404778121234341,-0.02404778121234341,-0.02404778121234341,-0.02404778121234341,-0.02404778121234341,-0.02404778121234341,-0.02404778121234341,-0.02404778121234341,-0.02404778121234341
2008-06-11,-0.0009126046811251953,-0.0009126046811251953,0.0,0.0,0.0009126046811251953,-0.0009126046811251953,-0.0009126046811251953,-0.0009126046811251953,-0.0009126046811251953,-0.0009126046811251953,-0.0009126046811251953,-0.0009126046811251953,-0.0009126046811251953,-0.0009126046811251953,-0.0009126046811251953,-0.0009126046811251953
2008-06-12,0.01464187845897591,0.01464187845897591,0.01464187845897591,0.01464187845897591,-0.01464187845897591,0.01464187845897591,0.01464187845897591,0.01464187845897591,0.01464187845897591,0.01464187845897591,0.01464187845897591,0.01464187845897591,0.01464187845897591,0.01464187845897591,0.01464187845897591,0.01464187845897591
2008-06-13,0.00963804379484734,0.00963804379484734,0.00963804379484734,0.00963804379484734,-0.00963804379484734,0.00963804379484734,0.00963804379484734,0.00963804379484734,0.00963804379484734,0.00963804379484734,0.00963804379484734,0.00963804379484734,0.00963804379484734,0.00963804379484734,0.00963804379484734,0.00963804379484734
2008-06-16,0.004982822375494855,0.004982822375494855,0.004982822375494855,0.004982822375494855,-0.004982822375494855,0.004982822375494855,0.004982822375494855,0.004982822375494855,0.004982822375494855,0.004982822375494855,0.004982822375494855,0.004982822375494855,0.004982822375494855,0.004982822375494855,0.004982822375494855,0.004982822375494855
2008-06-17,0.0,0.0,0.0,0.0,0.009028991936536057,-0.009028991936536057,-0.009028991936536057,-0.009028991936536057,-0.009028991936536057,-0.009028991936536057,-0.009028991936536057,-0.009028991936536057,-0.009028991936536057,-0.009028991936536057,-0.009028991936536057,-0.009028991936536057
2008-06-18,0.0,0.0,0.0,0.0,0.003186306780776915,0.0,0.0,0.0,-0.003186306780776915,-0.003186306780776915,-0.003186306780776915,-0.003186306780776915,-0.003186306780776915,-0.003186306780776915,-0.003186306780776915,-0.003186306780776915
2008-06-19,-0.010725418714006452,-0.010725418714006452,-0.010725418714006452,-0.0,-0.010725418714006452,0.010725418714006452,0.010725418714006452,0.010725418714006452,0.010725418714006452,0.010725418714006452,0.010725418714006452,0.010725418714006452,0.010725418714006452,0.010725418714006452,0.010725418714006452,0.010725418714006452
2008-06-20,0.006769472033455348,0.006769472033455348,0.006769472033455348,0.0,0.006769472033455348,-0.006769472033455348,-0.006769472033455348,-0.006769472033455348,-0.006769472033455348,-0.006769472033455348,-0.006769472033455348,-0.006769472033455348,-0.006769472033455348,-0.006769472033455348,-0.006769472033455348,-0.006769472033455348
2008-06-23,0.0022894134364883634,0.0022894134364883634,0.0,0.0,0.0022894134364883634,-0.0022894134364883634,-0.0022894134364883634,-0.0022894134364883634,-0.0022894134364883634,-0.0022894134364883634,-0.0022894134364883634,-0.0022894134364883634,-0.0022894134364883634,-0.0022894134364883634,-0.0022894134364883634,-0.0022894134364883634
2008-06-24,-0.0,-0.0,-0.0,-0.0,-0.057524924829878143,-0.0,-0.0,-0.0,0.057524924829878143,0.057524924829878143,0.057524924829878143,0.057524924829878143,0.057524924829878143,0.057524924829878143,0.057524924829878143,0.057524924829878143
2008-06-25,0.044244918318992355,0.044244918318992355,-0.0,-0.0,-0.044244918318992355,-0.0,-0.0,-0.0,0.044244918318992355,0.044244918318992355,0.044244918318992355,0.044244918318992355,0.044244918318992355,0.044244918318992355,0.044244918318992355,0.044244918318992355
2008-06-26,-0.00040602832644687226,-0.00040602832644687226,-0.00040602832644687226,-0.00040602832644687226,0.00040602832644687226,-0.00040602832644687226,-0.00040602832644687226,-0.00040602832644687226,-0.00040602832644687226,-0.00040602832644687226,-0.00040602832644687226,-0.00040602832644687226,0.00040602832644687226,0.00040602832644687226,0.00040602832644687226,0.00040602832644687226
2008-06-27,-0.022322494389533487,-0.022322494389533487,-0.022322494389533487,-0.022322494389533487,0.022322494389533487,-0.022322494389533487,-0.022322494389533487,-0.022322494389533487,-0.022322494389533487,-0.022322494389533487,-0.022322494389533487,-0.022322494389533487,-0.0,-0.0,-0.0,-0.0
2008-06-30,0.026669157656290077,0.026669157656290077,0.026669157656290077,0.026669157656290077,-0.026669157656290077,0.026669157656290077,0.026669157656290077,0.026669157656290077,0.026669157656290077,0.026669157656290077,0.026669157656290077,0.026669157656290077,-0.026669157656290077,-0.026669157656290077,0.0,0.0
2008-07-01,0.021593608291945565,0.021593608291945565,0.021593608291945565,0.021593608291945565,0.021593608291945565,0.021593608291945565,0.021593608291945565,0.021593608291945565,0.021593608291945565,0.021593608291945565,0.021593608291945565,0.021593608291945565,0.021593608291945565,0.0,0.0,0.0
2008-07-02,0.02251158684617094,0.02251158684617094,0.02251158684617094,0.02251158684617094,0.02251158684617094,0.02251158684617094,0.02251158684617094,0.02251158684617094,0.02251158684617094,0.02251158684617094,0.02251158684617094,0.02251158684617094,-0.02251158684617094,0.0,0.0,0.0
2008-07-03,0.011715712099545916,0.011715712099545916,0.011715712099545916,0.0,0.011715712099545916,0.011715712099545916,0.011715712099545916,0.011715712099545916,0.011715712099545916,0.011715712099545916,0.011715712099545916,0.011715712099545916,-0.011715712099545916,-0.011715712099545916,-0.011715712099545916,-0.011715712099545916
2008-07-07,-0.0022084581408334802,-0.0022084581408334802,-0.0022084581408334802,-0.0022084581408334802,0.0022084581408334802,0.0022084581408334802,0.0022084581408334802,0.0022084581408334802,-0.0022084581408334802,-0.0022084581408334802,0.0,0.0,-0.0022084581408334802,-0.0022084581408334802,-0.0022084581408334802,-0.0022084581408334802
2008-07-08,0.028646297097209006,0.028646297097209006,0.028646297097209006,0.028646297097209006,-0.028646297097209006,-0.028646297097209006,-0.028646297097209006,-0.028646297097209006,0.028646297097209006,0.028646297097209006,0.028646297097209006,0.028646297097209006,0.028646297097209006,0.028646297097209006,0.028646297097209006,0.028646297097209006
2008-07-09,0.044938540301239005,0.044938540301239005,0.044938540301239005,0.044938540301239005,-0.044938540301239005,-0.044938540301239005,-0.044938540301239005,-0.044938540301239005,-0.044938540301239005,-0.044938540301239005,-0.044938540301239005,-0.044938540301239005,0.044938540301239005,0.044938540301239005,0.044938540301239005,0.044938540301239005
2008-07-10,0.04137278106508879,0.04137278106508879,0.04137278106508879,0.04137278106508879,-0.04137278106508879,-0.04137278106508879,-0.04137278106508879,-0.04137278106508879,-0.04137278106508879,-0.04137278106508879,-0.04137278106508879,-0.04137278106508879,0.04137278106508879,0.04137278106508879,0.04137278106508879,0.04137278106508879
2008-07-11,0.02811491431428692,0.02811491431428692,0.02811491431428692,0.02811491431428692,0.02811491431428692,0.02811491431428692,0.02811491431428692,0.02811491431428692,0.02811491431428692,0.02811491431428692,0.02811491431428692,0.02811491431428692,-0.02811491431428692,-0.02811491431428692,-0.02811491431428692,-0.02811491431428692
2008-07-14,0.021865718762423714,0.021865718762423714,0.021865718762423714,0.021865718762423714,0.021865718762423714,0.021865718762423714,0.021865718762423714,0.021865718762423714,0.021865718762423714,0.021865718762423714,0.021865718762423714,0.021865718762423714,0.0,0.0,0.0,0.0
2008-07-15,0.015110218524362784,0.015110218524362784,0.015110218524362784,0.015110218524362784,0.015110218524362784,0.015110218524362784,0.015110218524362784,0.015110218524362784,0.015110218524362784,0.015110218524362784,0.015110218524362784,0.015110218524362784,0.0,0.0,0.0,0.0
2008-07-16,0.002718842549885969,0.002718842549885969,0.002718842549885969,0.002718842549885969,-0.002718842549885969,-0.002718842549885969,-0.002718842549885969,-0.002718842549885969,0.002718842549885969,0.002718842549885969,0.002718842549885969,0.002718842549885969,0.0,0.0,0.0,0.0
2008-07-17,-0.025047466043522704,-0.025047466043522704,-0.025047466043522704,-0.0,0.025047466043522704,0.025047466043522704,-0.0,-0.0,-0.025047466043522704,-0.025047466043522704,-0.025047466043522704,-0.025047466043522704,0.025047466043522704,-0.0,-0.0,-0.0
2008-07-18,-0.0361663223385813,-0.0361663223385813,-0.0361663223385813,-0.0361663223385813,0.0361663223385813,0.0,0.0,0.0,0.0361663223385813,0.0361663223385813,0.0361663223385813,0.0361663223385813,0.0361663223385813,0.0361663223385813,0.0361663223385813,0.0361663223385813
2008-07-21,-0.051172760421799524,-0.051172760421799524,-0.051172760421799524,-0.051172760421799524,0.051172760421799524,0.051172760421799524,0.051172760421799524,0.051172760421799524,0.051172760421799524,0.051172760421799524,0.051172760421799524,0.051172760421799524,0.051172760421799524,0.051172760421799524,0.051172760421799524,0.051172760421799524
2008-07-22,-0.010334709563501465,-0.010334709563501465,-0.010334709563501465,-0.010334709563501465,0.010334709563501465,0.010334709563501465,0.010334709563501465,0.010334709563501465,0.010334709563501465,0.010334709563501465,0.010334709563501465,0.010334709563501465,0.010334709563501465,0.010334709563501465,0.010334709563501465,0.010334709563501465
2008-07-23,0.007504001259412751,0.007504001259412751,0.007504001259412751,0.007504001259412751,0.007504001259412751,0.007504001259412751,0.007504001259412751,0.007504001259412751,-0.007504001259412751,-0.007504001259412751,-0.0,-0.0,-0.0,-0.0,-0.0,-0.0
2008-07-24,0.0027084038646838504,0.0027084038646838504,0.0027084038646838504,0.0027084038646838504,0.0027084038646838504,0.0027084038646838504,0.0027084038646838504,0.0027084038646838504,-0.0027084038646838504,-0.0,-0.0,-0.0,-0.0027084038646838504,-0.0027084038646838504,-0.0027084038646838504,-0.0027084038646838504
2008-07-25,-0.025634366153286847,-0.025634366153286847,-0.025634366153286847,-0.025634366153286847,-0.025634366153286847,-0.025634366153286847,-0.025634366153286847,-0.025634366153286847,-0.025634366153286847,-0.025634366153286847,-0.025634366153286847,-0.025634366153286847,0.025634366153286847,0.025634366153286847,0.025634366153286847,0.0
2008-07-28,-0.0027721505490990728,-0.0027721505490990728,-0.0027721505490990728,-0.0027721505490990728,-0.0027721505490990728,-0.0027721505490990728,-0.0027721505490990728,-0.0027721505490990728,-0.0027721505490990728,-0.0027721505490990728,-0.0027721505490990728,-0.0027721505490990728,0.0027721505490990728,0.0027721505490990728,0.0027721505490990728,0.0027721505490990728
2008-07-29,0.006495242168288229,0.006495242168288229,0.006495242168288229,0.006495242168288229,0.006495242168288229,0.006495242168288229,0.006495242168288229,0.006495242168288229,0.006495242168288229,0.006495242168288229,0.006495242168288229,0.006495242168288229,-0.006495242168288229,-0.0,-0.0,-0.0
2008-07-30,-0.028973575886336533,-0.028973575886336533,-0.028973575886336533,-0.028973575886336533,-0.028973575886336533,-0.028973575886336533,-0.028973575886336533,-0.028973575886336533,-0.028973575886336533,-0.028973575886336533,-0.028973575886336533,-0.028973575886336533,-0.028973575886336533,-0.028973575886336533,-0.028973575886336533,0.0
2008-07-31,-0.03336615249972652,-0.03336615249972652,0.0,0.0,-0.03336615249972652,-0.03336615249972652,-0.03336615249972652,-0.03336615249972652,-0.03336615249972652,-0.03336615249972652,-0.03336615249972652,-0.03336615249972652,-0.03336615249972652,-0.03336615249972652,-0.03336615249972652,-0.03336615249972652
2008-08-01,-0.056530104119511204,-0.056530104119511204,-0.056530104119511204,-0.056530104119511204,-0.056530104119511204,-0.056530104119511204,-0.056530104119511204,-0.056530104119511204,-0.056530104119511204,-0.056530104119511204,-0.056530104119511204,-0.056530104119511204,-0.056530104119511204,-0.056530104119511204,-0.056530104119511204,-0.056530104119511204
2008-08-04,0.02150182930486433,0.02150182930486433,0.02150182930486433,0.02150182930486433,0.02150182930486433,0.02150182930486433,0.02150182930486433,0.02150182930486433,0.02150182930486433,0.02150182930486433,0.02150182930486433,0.02150182930486433,0.02150182930486433,0.02150182930486433,0.02150182930486433,0.02150182930486433
2008-08-05,-0.011684232158060137,-0.011684232158060137,-0.011684232158060137,-0.011684232158060137,-0.011684232158060137,-0.011684232158060137,-0.011684232158060137,-0.011684232158060137,-0.011684232158060137,-0.011684232158060137,-0.011684232158060137,-0.011684232158060137,-0.011684232158060137,-0.011684232158060137,-0.011684232158060137,-0.011684232158060137
2008-08-06,-0.05860686172582796,-0.05860686172582796,-0.05860686172582796,-0.05860686172582796,-0.05860686172582796,-0.05860686172582796,-0.05860686172582796,-0.05860686172582796,-0.05860686172582796,-0.05860686172582796,-0.05860686172582796,-0.05860686172582796,-0.05860686172582796,-0.05860686172582796,-0.05860686172582796,-0.05860686172582796
2008-08-07,-0.05979426984728009,-0.05979426984728009,-0.05979426984728009,-0.05979426984728009,-0.05979426984728009,-0.05979426984728009,-0.05979426984728009,-0.05979426984728009,-0.05979426984728009,-0.05979426984728009,-0.05979426984728009,-0.05979426984728009,-0.05979426984728009,-0.05979426984728009,-0.05979426984728009,-0.05979426984728009
2008-08-08,0.03047286639594593,0.03047286639594593,0.03047286639594593,0.03047286639594593,0.03047286639594593,0.03047286639594593,0.03047286639594593,0.03047286639594593,0.03047286639594593,0.03047286639594593,0.03047286639594593,0.03047286639594593,0.03047286639594593,0.03047286639594593,0.03047286639594593,0.03047286639594593
2008-08-11,0.057515062693372254,0.057515062693372254,0.057515062693372254,0.057515062693372254,0.057515062693372254,0.057515062693372254,0.057515062693372254,0.057515062693372254,0.057515062693372254,0.057515062693372254,0.057515062693372254,0.057515062693372254,0.057515062693372254,0.057515062693372254,0.057515062693372254,0.057515062693372254
2008-08-12,-0.04373132949401004,-0.04373132949401004,-0.04373132949401004,-0.04373132949401004,-0.04373132949401004,-0.04373132949401004,-0.04373132949401004,-0.04373132949401004,-0.04373132949401004,-0.04373132949401004,-0.04373132949401004,-0.04373132949401004,-0.04373132949401004,-0.04373132949401004,-0.04373132949401004,-0.04373132949401004
2008-08-13,-0.038452867862548645,-0.038452867862548645,-0.038452867862548645,-0.038452867862548645,-0.038452867862548645,-0.038452867862548645,-0.038452867862548645,-0.038452867862548645,-0.038452867862548645,-0.038452867862548645,-0.038452867862548645,-0.038452867862548645,-0.038452867862548645,-0.038452867862548645,-0.038452867862548645,-0.038452867862548645
2008-08-14,0.017985731989148324,0.017985731989148324,0.017985731989148324,0.017985731989148324,0.017985731989148324,0.017985731989148324,0.017985731989148324,0.017985731989148324,0.017985731989148324,0.017985731989148324,0.017985731989148324,0.017985731989148324,0.017985731989148324,0.017985731989148324,0.017985731989148324,0.017985731989148324
2008-08-15,0.026485490557347058,0.026485490557347058,0.026485490557347058,0.026485490557347058,0.026485490557347058,0.026485490557347058,0.026485490557347058,0.026485490557347058,0.026485490557347058,0.026485490557347058,0.026485490557347058,0.026485490557347058,0.026485490557347058,0.026485490557347058,0.026485490557347058,0.026485490557347058
2008-08-18,0.000576941568640077,0.000576941568640077,0.000576941568640077,0.000576941568640077,-0.000576941568640077,-0.000576941568640077,-0.000576941568640077,-0.000576941568640077,-0.000576941568640077,-0.000576941568640077,-0.000576941568640077,-0.000576941568640077,-0.000576941568640077,-0.000576941568640077,-0.000576941568640077,-0.000576941568640077
2008-08-19,-0.06439819120618329,-0.06439819120618329,-0.06439819120618329,-0.0,0.06439819120618329,0.06439819120618329,0.06439819120618329,0.06439819120618329,0.06439819120618329,0.06439819120618329,0.06439819120618329,0.06439819120618329,0.06439819120618329,0.06439819120618329,0.06439819120618329,0.06439819120618329
2008-08-20,-0.02738859260598392,-0.02738859260598392,-0.02738859260598392,-0.02738859260598392,-0.02738859260598392,-0.02738859260598392,-0.02738859260598392,-0.02738859260598392,-0.02738859260598392,-0.02738859260598392,-0.02738859260598392,-0.02738859260598392,-0.02738859260598392,-0.02738859260598392,-0.02738859260598392,-0.02738859260598392
2008-08-21,0.007775712515489364,0.007775712515489364,0.007775712515489364,0.007775712515489364,-0.007775712515489364,-0.007775712515489364,0.0,0.0,-0.007775712515489364,-0.007775712515489364,-0.007775712515489364,-0.007775712515489364,-0.007775712515489364,-0.007775712515489364,-0.007775712515489364,-0.007775712515489364
2008-08-22,-0.00218551937306799,-0.00218551937306799,-0.00218551937306799,-0.00218551937306799,-0.00218551937306799,-0.00218551937306799,-0.00218551937306799,-0.0,0.00218551937306799,0.00218551937306799,0.00218551937306799,0.00218551937306799,0.00218551937306799,0.00218551937306799,0.00218551937306799,0.00218551937306799
2008-08-25,-0.020467927349761883,-0.020467927349761883,-0.020467927349761883,-0.020467927349761883,-0.020467927349761883,-0.020467927349761883,-0.020467927349761883,-0.020467927349761883,0.020467927349761883,0.020467927349761883,0.020467927349761883,0.020467927349761883,0.020467927349761883,0.020467927349761883,0.020467927349761883,0.020467927349761883
2008-08-26,-0.0026560019538406365,-0.0026560019538406365,-0.0026560019538406365,-0.0026560019538406365,-0.0026560019538406365,-0.0026560019538406365,-0.0026560019538406365,-0.0026560019538406365,0.0026560019538406365,0.0026560019538406365,0.0026560019538406365,0.0026560019538406365,0.0026560019538406365,0.0026560019538406365,0.0026560019538406365,0.0026560019538406365
2008-08-27,0.010809000395822665,0.010809000395822665,0.010809000395822665,0.010809000395822665,0.010809000395822665,0.0,0.0,0.0,-0.010809000395822665,-0.010809000395822665,-0.010809000395822665,-0.010809000395822665,-0.010809000395822665,-0.010809000395822665,-0.010809000395822665,-0.010809000395822665
2008-08-28,-0.06285397685299177,-0.06285397685299177,0.0,0.0,0.06285397685299177,0.06285397685299177,0.06285397685299177,0.06285397685299177,-0.06285397685299177,-0.06285397685299177,-0.06285397685299177,-0.06285397685299177,-0.06285397685299177,-0.06285397685299177,-0.06285397685299177,-0.06285397685299177
2008-08-29,0.03951257964921506,0.0,0.0,0.0,0.03951257964921506,0.03951257964921506,0.03951257964921506,0.03951257964921506,-0.03951257964921506,-0.03951257964921506,-0.03951257964921506,-0.03951257964921506,-0.03951257964921506,-0.03951257964921506,-0.03951257964921506,-0.03951257964921506
2008-09-02,-0.04055671442738429,-0.04055671442738429,-0.04055671442738429,-0.04055671442738429,0.0,0.0,0.0,0.0,-0.04055671442738429,-0.04055671442738429,-0.04055671442738429,-0.04055671442738429,-0.04055671442738429,-0.04055671442738429,-0.04055671442738429,-0.04055671442738429
2008-09-03,0.0027800548882632725,0.0027800548882632725,0.0027800548882632725,0.0027800548882632725,0.0027800548882632725,0.0027800548882632725,0.0027800548882632725,0.0027800548882632725,0.0027800548882632725,0.0027800548882632725,0.0027800548882632725,0.0027800548882632725,0.0027800548882632725,0.0027800548882632725,0.0027800548882632725,0.0027800548882632725
2008-09-04,-0.044926248444997485,-0.044926248444997485,-0.044926248444997485,-0.044926248444997485,-0.044926248444997485,-0.044926248444997485,-0.044926248444997485,-0.044926248444997485,-0.044926248444997485,-0.044926248444997485,-0.044926248444997485,-0.044926248444997485,-0.044926248444997485,-0.044926248444997485,-0.044926248444997485,-0.044926248444997485
2008-09-05,-0.10018235272226561,-0.10018235272226561,-0.10018235272226561,-0.10018235272226561,-0.10018235272226561,-0.10018235272226561,-0.10018235272226561,-0.10018235272226561,-0.10018235272226561,-0.10018235272226561,-0.10018235272226561,-0.10018235272226561,-0.10018235272226561,-0.10018235272226561,-0.10018235272226561,-0.10018235272226561
2008-09-08,0.03796683072087359,0.03796683072087359,0.03796683072087359,0.03796683072087359,0.03796683072087359,0.03796683072087359,0.03796683072087359,0.03796683072087359,0.03796683072087359,0.03796683072087359,0.03796683072087359,0.03796683072087359,0.03796683072087359,0.03796683072087359,0.03796683072087359,0.03796683072087359
2008-09-09,-0.01860780172929044,-0.01860780172929044,-0.01860780172929044,-0.01860780172929044,-0.01860780172929044,-0.01860780172929044,-0.01860780172929044,-0.01860780172929044,-0.01860780172929044,-0.01860780172929044,-0.01860780172929044,-0.01860780172929044,-0.01860780172929044,-0.01860780172929044,-0.01860780172929044,-0.01860780172929044
2008-09-10,0.10154283394234676,0.10154283394234676,0.10154283394234676,0.10154283394234676,0.10154283394234676,0.10154283394234676,0.10154283394234676,0.10154283394234676,0.10154283394234676,0.10154283394234676,0.10154283394234676,0.10154283394234676,0.10154283394234676,0.10154283394234676,0.10154283394234676,0.10154283394234676
2008-09-11,-0.042092071799786246,-0.042092071799786246,-0.042092071799786246,-0.042092071799786246,-0.042092071799786246,-0.042092071799786246,-0.042092071799786246,-0.042092071799786246,-0.042092071799786246,-0.042092071799786246,-0.042092071799786246,-0.042092071799786246,-0.042092071799786246,-0.042092071799786246,-0.042092071799786246,-0.042092071799786246
2008-09-12,0.01696871753434137,0.01696871753434137,0.01696871753434137,0.01696871753434137,0.01696871753434137,0.01696871753434137,0.01696871753434137,0.01696871753434137,0.01696871753434137,0.01696871753434137,0.01696871753434137,0.01696871753434137,0.01696871753434137,0.01696871753434137,0.01696871753434137,0.01696871753434137
2008-09-15,0.11918274687854713,0.11918274687854713,0.11918274687854713,0.11918274687854713,0.11918274687854713,0.11918274687854713,0.11918274687854713,0.11918274687854713,0.11918274687854713,0.11918274687854713,0.11918274687854713,0.11918274687854713,0.11918274687854713,0.11918274687854713,0.11918274687854713,0.11918274687854713
2008-09-16,0.008485463150777472,0.008485463150777472,0.008485463150777472,0.008485463150777472,-0.008485463150777472,-0.008485463150777472,-0.008485463150777472,-0.008485463150777472,-0.008485463150777472,-0.008485463150777472,-0.008485463150777472,-0.008485463150777472,-0.008485463150777472,-0.008485463150777472,-0.008485463150777472,-0.008485463150777472
2008-09-17,-0.03245934058440447,-0.03245934058440447,-0.03245934058440447,-0.03245934058440447,-0.03245934058440447,-0.03245934058440447,-0.0,-0.0,0.03245934058440447,0.03245934058440447,0.03245934058440447,0.03245934058440447,0.03245934058440447,0.03245934058440447,0.03245934058440447,0.03245934058440447
2008-09-18,-0.09147650341798497,-0.09147650341798497,-0.09147650341798497,-0.09147650341798497,-0.09147650341798497,-0.09147650341798497,-0.09147650341798497,-0.09147650341798497,0.09147650341798497,0.09147650341798497,0.09147650341798497,0.09147650341798497,0.09147650341798497,0.09147650341798497,0.09147650341798497,0.09147650341798497
2008-09-19,0.02671628695047057,0.02671628695047057,0.02671628695047057,0.02671628695047057,0.02671628695047057,0.02671628695047057,0.02671628695047057,0.02671628695047057,-0.02671628695047057,-0.02671628695047057,-0.02671628695047057,-0.02671628695047057,-0.02671628695047057,-0.02671628695047057,-0.02671628695047057,-0.02671628695047057
2008-09-22,-0.0005284755036061295,-0.0005284755036061295,-0.0005284755036061295,-0.0005284755036061295,-0.0005284755036061295,-0.0005284755036061295,-0.0005284755036061295,-0.0005284755036061295,-0.0005284755036061295,-0.0005284755036061295,-0.0005284755036061295,-0.0005284755036061295,0.0005284755036061295,0.0005284755036061295,0.0005284755036061295,0.0005284755036061295
2008-09-23,0.027155507223862063,0.027155507223862063,0.027155507223862063,0.027155507223862063,0.027155507223862063,0.027155507223862063,0.027155507223862063,0.027155507223862063,0.0,0.0,0.0,0.0,-0.027155507223862063,-0.027155507223862063,-0.027155507223862063,-0.027155507223862063
2008-09-24,0.021845357861454473,0.021845357861454473,0.021845357861454473,0.021845357861454473,0.021845357861454473,0.021845357861454473,0.021845357861454473,0.021845357861454473,0.0,0.0,0.0,0.0,-0.021845357861454473,-0.021845357861454473,-0.021845357861454473,-0.021845357861454473
2008-09-25,0.020896594508113764,0.020896594508113764,0.020896594508113764,0.020896594508113764,0.020896594508113764,0.020896594508113764,0.020896594508113764,0.020896594508113764,-0.020896594508113764,-0.020896594508113764,-0.020896594508113764,-0.020896594508113764,-0.020896594508113764,-0.020896594508113764,-0.020896594508113764,-0.020896594508113764
2008-09-26,0.016440457531596953,0.016440457531596953,0.0,0.0,0.016440457531596953,0.016440457531596953,0.016440457531596953,0.016440457531596953,-0.016440457531596953,-0.016440457531596953,-0.016440457531596953,-0.016440457531596953,-0.016440457531596953,-0.016440457531596953,-0.016440457531596953,-0.016440457531596953
2008-09-29,-0.003526140910015574,-0.003526140910015574,-0.003526140910015574,-0.003526140910015574,0.003526140910015574,0.003526140910015574,0.003526140910015574,0.003526140910015574,-0.003526140910015574,-0.003526140910015574,-0.003526140910015574,-0.003526140910015574,-0.003526140910015574,-0.003526140910015574,-0.003526140910015574,-0.003526140910015574
2008-09-30,-0.15134399455597147,-0.15134399455597147,-0.15134399455597147,-0.15134399455597147,0.15134399455597147,0.15134399455597147,0.15134399455597147,0.15134399455597147,-0.15134399455597147,-0.15134399455597147,-0.15134399455597147,-0.15134399455597147,-0.15134399455597147,-0.15134399455597147,-0.15134399455597147,-0.15134399455597147
2008-10-01,0.010384091091331982,0.010384091091331982,0.010384091091331982,0.010384091091331982,0.010384091091331982,-0.0,-0.0,-0.0,-0.010384091091331982,-0.0,-0.0,-0.0,0.010384091091331982,0.010384091091331982,0.010384091091331982,0.010384091091331982
2008-10-02,-0.05218046902900686,-0.05218046902900686,-0.05218046902900686,-0.05218046902900686,-0.05218046902900686,-0.05218046902900686,-0.05218046902900686,-0.05218046902900686,-0.05218046902900686,-0.05218046902900686,-0.05218046902900686,-0.05218046902900686,-0.05218046902900686,-0.05218046902900686,-0.05218046902900686,-0.05218046902900686
2008-10-03,-0.019593067068575776,-0.019593067068575776,-0.019593067068575776,-0.019593067068575776,-0.019593067068575776,-0.019593067068575776,-0.019593067068575776,-0.019593067068575776,-0.019593067068575776,-0.019593067068575776,-0.019593067068575776,-0.019593067068575776,-0.019593067068575776,-0.019593067068575776,-0.019593067068575776,-0.019593067068575776
2008-10-06,0.1663250491075241,0.1663250491075241,0.1663250491075241,0.1663250491075241,0.1663250491075241,0.1663250491075241,0.1663250491075241,0.1663250491075241,0.1663250491075241,0.1663250491075241,0.1663250491075241,0.1663250491075241,0.1663250491075241,0.1663250491075241,0.1663250491075241,0.1663250491075241
2008-10-07,-0.03361036868890266,-0.03361036868890266,-0.03361036868890266,-0.03361036868890266,-0.03361036868890266,-0.03361036868890266,-0.03361036868890266,-0.03361036868890266,-0.03361036868890266,-0.03361036868890266,-0.03361036868890266,-0.03361036868890266,-0.03361036868890266,-0.03361036868890266,-0.03361036868890266,-0.03361036868890266
2008-10-08,-0.1455578708088653,-0.1455578708088653,-0.1455578708088653,-0.1455578708088653,-0.1455578708088653,-0.1455578708088653,-0.1455578708088653,-0.1455578708088653,0.1455578708088653,0.1455578708088653,0.1455578708088653,0.1455578708088653,-0.1455578708088653,-0.1455578708088653,-0.1455578708088653,-0.1455578708088653
2008-10-09,-0.028022879439542292,-0.028022879439542292,-0.028022879439542292,-0.028022879439542292,0.028022879439542292,0.028022879439542292,0.028022879439542292,0.028022879439542292,-0.028022879439542292,-0.028022879439542292,-0.028022879439542292,-0.028022879439542292,0.028022879439542292,0.028022879439542292,0.028022879439542292,0.028022879439542292
2008-10-10,0.022385162820789395,0.022385162820789395,0.022385162820789395,0.022385162820789395,0.022385162820789395,0.022385162820789395,0.022385162820789395,0.022385162820789395,0.022385162820789395,0.022385162820789395,0.022385162820789395,0.022385162820789395,0.022385162820789395,0.022385162820789395,0.022385162820789395,0.022385162820789395
2008-10-13,-0.09272696591292606,-0.09272696591292606,-0.09272696591292606,-0.09272696591292606,-0.09272696591292606,-0.09272696591292606,-0.09272696591292606,-0.09272696591292606,-0.09272696591292606,-0.09272696591292606,-0.09272696591292606,-0.09272696591292606,-0.09272696591292606,-0.09272696591292606,-0.09272696591292606,-0.09272696591292606
2008-10-14,0.09377383055891375,0.09377383055891375,0.0,0.0,-0.09377383055891375,-0.09377383055891375,-0.09377383055891375,-0.09377383055891375,-0.09377383055891375,-0.09377383055891375,-0.09377383055891375,-0.09377383055891375,-0.09377383055891375,-0.09377383055891375,-0.09377383055891375,-0.09377383055891375
2008-10-15,-0.029749657504374083,-0.029749657504374083,-0.029749657504374083,-0.029749657504374083,-0.029749657504374083,-0.029749657504374083,-0.029749657504374083,-0.029749657504374083,-0.029749657504374083,-0.029749657504374083,-0.029749657504374083,-0.029749657504374083,-0.029749657504374083,-0.029749657504374083,-0.029749657504374083,-0.029749657504374083
2008-10-16,0.09976466855284372,0.09976466855284372,0.09976466855284372,0.09976466855284372,0.09976466855284372,0.09976466855284372,0.09976466855284372,0.09976466855284372,0.09976466855284372,0.09976466855284372,0.09976466855284372,0.09976466855284372,0.09976466855284372,0.09976466855284372,0.09976466855284372,0.09976466855284372
2008-10-17,-0.09237834198884398,-0.09237834198884398,-0.09237834198884398,-0.09237834198884398,-0.09237834198884398,-0.09237834198884398,-0.09237834198884398,-0.09237834198884398,-0.09237834198884398,-0.09237834198884398,-0.09237834198884398,-0.09237834198884398,-0.09237834198884398,-0.09237834198884398,-0.09237834198884398,-0.09237834198884398
2008-10-20,-0.15313988418481683,-0.15313988418481683,-0.15313988418481683,-0.15313988418481683,-0.15313988418481683,-0.15313988418481683,-0.15313988418481683,-0.15313988418481683,-0.15313988418481683,-0.15313988418481683,-0.15313988418481683,-0.15313988418481683,-0.15313988418481683,-0.15313988418481683,-0.15313988418481683,-0.15313988418481683
2008-10-21,-0.06280498486023878,-0.06280498486023878,-0.06280498486023878,-0.06280498486023878,-0.06280498486023878,-0.06280498486023878,-0.06280498486023878,-0.06280498486023878,-0.06280498486023878,-0.06280498486023878,-0.06280498486023878,-0.06280498486023878,-0.06280498486023878,-0.06280498486023878,-0.06280498486023878,-0.06280498486023878
2008-10-22,0.0496779146223425,0.0496779146223425,0.0496779146223425,0.0496779146223425,0.0496779146223425,0.0496779146223425,0.0496779146223425,0.0496779146223425,0.0496779146223425,0.0496779146223425,0.0496779146223425,0.0496779146223425,0.0496779146223425,0.0496779146223425,0.0496779146223425,0.0496779146223425
2008-10-23,-0.09741362315338298,-0.09741362315338298,-0.09741362315338298,-0.09741362315338298,-0.09741362315338298,-0.09741362315338298,-0.09741362315338298,-0.09741362315338298,-0.09741362315338298,-0.09741362315338298,-0.09741362315338298,-0.09741362315338298,-0.09741362315338298,-0.09741362315338298,-0.09741362315338298,-0.09741362315338298
2008-10-24,0.12926885978200375,0.12926885978200375,0.12926885978200375,0.12926885978200375,0.12926885978200375,0.12926885978200375,0.12926885978200375,0.12926885978200375,0.12926885978200375,0.12926885978200375,0.12926885978200375,0.12926885978200375,0.12926885978200375,0.12926885978200375,0.12926885978200375,0.12926885978200375
2008-10-27,0.12257605630287749,0.12257605630287749,0.12257605630287749,0.12257605630287749,0.12257605630287749,0.12257605630287749,0.12257605630287749,0.12257605630287749,0.12257605630287749,0.12257605630287749,0.12257605630287749,0.12257605630287749,0.12257605630287749,0.12257605630287749,0.12257605630287749,0.12257605630287749
2008-10-28,0.043285423683596225,0.043285423683596225,0.043285423683596225,0.043285423683596225,0.043285423683596225,0.043285423683596225,0.043285423683596225,0.043285423683596225,0.043285423683596225,0.043285423683596225,0.043285423683596225,0.043285423683596225,0.043285423683596225,0.043285423683596225,0.043285423683596225,0.043285423683596225
2008-10-29,0.03411645623568271,0.03411645623568271,0.03411645623568271,0.03411645623568271,-0.03411645623568271,-0.03411645623568271,-0.03411645623568271,-0.03411645623568271,-0.03411645623568271,-0.03411645623568271,-0.03411645623568271,-0.03411645623568271,-0.03411645623568271,-0.03411645623568271,-0.03411645623568271,-0.03411645623568271
2008-10-30,-0.005250791479597838,-0.005250791479597838,-0.005250791479597838,-0.005250791479597838,0.005250791479597838,0.005250791479597838,0.005250791479597838,0.005250791479597838,0.005250791479597838,0.005250791479597838,0.005250791479597838,0.005250791479597838,0.005250791479597838,0.005250791479597838,0.005250791479597838,0.005250791479597838
2008-10-31,-0.15287120455617864,-0.15287120455617864,-0.15287120455617864,-0.15287120455617864,0.15287120455617864,0.15287120455617864,0.15287120455617864,0.15287120455617864,0.15287120455617864,0.15287120455617864,0.15287120455617864,0.15287120455617864,0.15287120455617864,0.15287120455617864,0.15287120455617864,0.15287120455617864
2008-11-03,0.03950123738815925,0.03950123738815925,0.03950123738815925,0.03950123738815925,-0.03950123738815925,-0.03950123738815925,-0.03950123738815925,-0.03950123738815925,-0.03950123738815925,-0.03950123738815925,-0.03950123738815925,-0.03950123738815925,-0.03950123738815925,-0.03950123738815925,-0.03950123738815925,-0.03950123738815925
2008-11-04,0.09135368149836476,0.09135368149836476,0.09135368149836476,0.09135368149836476,0.09135368149836476,0.09135368149836476,0.09135368149836476,0.09135368149836476,-0.09135368149836476,-0.09135368149836476,-0.09135368149836476,-0.09135368149836476,-0.09135368149836476,-0.09135368149836476,-0.09135368149836476,-0.09135368149836476
2008-11-05,-0.03539586548371454,-0.03539586548371454,-0.03539586548371454,-0.03539586548371454,-0.03539586548371454,-0.03539586548371454,-0.03539586548371454,-0.03539586548371454,0.03539586548371454,0.03539586548371454,0.03539586548371454,0.03539586548371454,0.03539586548371454,0.03539586548371454,0.03539586548371454,0.03539586548371454
2008-11-06,0.054225433708669835,0.054225433708669835,0.054225433708669835,0.054225433708669835,-0.054225433708669835,-0.054225433708669835,-0.054225433708669835,-0.054225433708669835,0.054225433708669835,0.054225433708669835,0.054225433708669835,0.054225433708669835,0.054225433708669835,0.054225433708669835,0.054225433708669835,0.054225433708669835
2008-11-07,0.06397562072238594,0.06397562072238594,0.06397562072238594,0.06397562072238594,0.06397562072238594,0.06397562072238594,0.06397562072238594,0.06397562072238594,-0.06397562072238594,-0.06397562072238594,-0.06397562072238594,-0.06397562072238594,-0.06397562072238594,-0.06397562072238594,-0.06397562072238594,-0.06397562072238594
2008-11-10,0.10069170171431019,0.10069170171431019,0.10069170171431019,0.10069170171431019,0.10069170171431019,0.10069170171431019,0.10069170171431019,0.10069170171431019,-0.10069170171431019,-0.10069170171431019,-0.10069170171431019,-0.10069170171431019,-0.10069170171431019,-0.10069170171431019,-0.10069170171431019,-0.10069170171431019
2008-11-11,0.11299243907939571,0.11299243907939571,0.11299243907939571,0.11299243907939571,-0.11299243907939571,-0.11299243907939571,-0.11299243907939571,-0.11299243907939571,0.11299243907939571,0.11299243907939571,0.11299243907939571,0.11299243907939571,0.11299243907939571,0.11299243907939571,0.11299243907939571,0.11299243907939571
2008-11-12,-0.05168046838757134,-0.05168046838757134,-0.05168046838757134,-0.05168046838757134,-0.05168046838757134,-0.05168046838757134,-0.05168046838757134,-0.05168046838757134,-0.05168046838757134,-0.05168046838757134,-0.05168046838757134,-0.05168046838757134,-0.05168046838757134,-0.05168046838757134,-0.05168046838757134,-0.05168046838757134
2008-11-13,0.03698726419072795,0.03698726419072795,0.03698726419072795,0.03698726419072795,0.0,0.0,0.0,0.0,-0.03698726419072795,-0.03698726419072795,-0.03698726419072795,-0.03698726419072795,-0.03698726419072795,-0.03698726419072795,-0.03698726419072795,-0.03698726419072795
2008-11-14,-0.012629403212527812,-0.012629403212527812,-0.012629403212527812,-0.012629403212527812,-0.012629403212527812,-0.012629403212527812,-0.012629403212527812,0.0,-0.012629403212527812,-0.012629403212527812,-0.012629403212527812,-0.012629403212527812,-0.012629403212527812,-0.012629403212527812,-0.012629403212527812,-0.012629403212527812
2008-11-17,-0.04349985807550372,-0.04349985807550372,-0.04349985807550372,-0.04349985807550372,-0.04349985807550372,-0.04349985807550372,-0.04349985807550372,-0.04349985807550372,-0.04349985807550372,-0.04349985807550372,-0.04349985807550372,-0.04349985807550372,-0.04349985807550372,-0.04349985807550372,-0.04349985807550372,-0.04349985807550372
2008-11-18,-0.027827237431065632,-0.027827237431065632,-0.027827237431065632,-0.027827237431065632,-0.027827237431065632,-0.027827237431065632,-0.027827237431065632,-0.027827237431065632,-0.027827237431065632,-0.027827237431065632,-0.027827237431065632,-0.027827237431065632,-0.027827237431065632,-0.027827237431065632,-0.027827237431065632,-0.027827237431065632
2008-11-19,0.26417674105070343,0.26417674105070343,0.26417674105070343,0.26417674105070343,0.26417674105070343,0.26417674105070343,0.26417674105070343,0.26417674105070343,-0.26417674105070343,-0.26417674105070343,-0.0,-0.0,0.26417674105070343,0.26417674105070343,0.26417674105070343,0.26417674105070343
2008-11-20,0.0722478218001088,0.0722478218001088,0.0722478218001088,0.0722478218001088,0.0722478218001088,0.0722478218001088,0.0722478218001088,0.0722478218001088,-0.0722478218001088,-0.0722478218001088,-0.0722478218001088,-0.0722478218001088,0.0722478218001088,0.0722478218001088,0.0722478218001088,0.0722478218001088
2008-11-21,-0.013699272812573104,-0.013699272812573104,-0.013699272812573104,-0.013699272812573104,-0.013699272812573104,-0.013699272812573104,-0.013699272812573104,-0.013699272812573104,-0.013699272812573104,-0.013699272812573104,-0.013699272812573104,-0.013699272812573104,0.013699272812573104,0.013699272812573104,0.013699272812573104,0.013699272812573104
2008-11-24,-0.04618873513213306,-0.04618873513213306,-0.04618873513213306,-0.04618873513213306,-0.04618873513213306,-0.04618873513213306,-0.04618873513213306,-0.04618873513213306,-0.04618873513213306,-0.04618873513213306,-0.04618873513213306,-0.04618873513213306,0.04618873513213306,0.04618873513213306,0.04618873513213306,0.04618873513213306
2008-11-25,-0.019508958195089576,-0.019508958195089576,-0.019508958195089576,-0.019508958195089576,-0.019508958195089576,-0.019508958195089576,-0.019508958195089576,-0.019508958195089576,-0.019508958195089576,-0.019508958195089576,-0.019508958195089576,-0.019508958195089576,0.019508958195089576,0.019508958195089576,0.019508958195089576,0.019508958195089576
2008-11-26,0.1359281437125749,0.1359281437125749,0.1359281437125749,0.1359281437125749,0.1359281437125749,0.1359281437125749,0.1359281437125749,0.1359281437125749,0.1359281437125749,0.1359281437125749,0.1359281437125749,0.1359281437125749,-0.1359281437125749,-0.1359281437125749,-0.1359281437125749,-0.1359281437125749
2008-11-28,-0.07128867998433219,-0.07128867998433219,-0.07128867998433219,-0.07128867998433219,-0.07128867998433219,-0.07128867998433219,-0.07128867998433219,-0.07128867998433219,-0.07128867998433219,-0.07128867998433219,-0.07128867998433219,-0.07128867998433219,0.07128867998433219,0.07128867998433219,0.07128867998433219,0.07128867998433219
2008-12-01,0.0,0.0,0.0,0.0,0.02395349927342616,0.02395349927342616,0.02395349927342616,0.02395349927342616,0.02395349927342616,0.02395349927342616,0.02395349927342616,0.02395349927342616,-0.02395349927342616,-0.02395349927342616,-0.02395349927342616,-0.02395349927342616
2008-12-02,0.0,0.0,0.0,0.0,0.03160119104792991,0.03160119104792991,0.03160119104792991,0.03160119104792991,0.03160119104792991,0.03160119104792991,0.03160119104792991,0.03160119104792991,-0.03160119104792991,-0.03160119104792991,-0.03160119104792991,-0.03160119104792991
2008-12-03,0.003868280103154209,0.003868280103154209,0.003868280103154209,0.003868280103154209,-0.003868280103154209,-0.003868280103154209,-0.003868280103154209,-0.003868280103154209,0.003868280103154209,-0.0,-0.0,-0.0,0.003868280103154209,0.003868280103154209,0.003868280103154209,0.003868280103154209
2008-12-04,0.07998221519612692,0.07998221519612692,0.07998221519612692,0.07998221519612692,-0.07998221519612692,-0.07998221519612692,-0.07998221519612692,-0.07998221519612692,-0.0,-0.0,-0.0,-0.0,0.07998221519612692,0.07998221519612692,0.07998221519612692,0.07998221519612692
2008-12-05,0.005900919445587904,0.005900919445587904,0.005900919445587904,0.005900919445587904,-0.005900919445587904,-0.005900919445587904,-0.005900919445587904,-0.005900919445587904,-0.005900919445587904,-0.005900919445587904,-0.005900919445587904,-0.005900919445587904,0.005900919445587904,0.005900919445587904,0.005900919445587904,0.005900919445587904
2008-12-08,-0.10313778990450206,-0.10313778990450206,-0.10313778990450206,-0.10313778990450206,-0.10313778990450206,-0.10313778990450206,-0.10313778990450206,-0.10313778990450206,-0.10313778990450206,-0.10313778990450206,-0.10313778990450206,-0.10313778990450206,0.10313778990450206,0.10313778990450206,0.10313778990450206,0.10313778990450206
2008-12-09,0.007873691153433837,0.007873691153433837,0.007873691153433837,0.007873691153433837,0.007873691153433837,0.007873691153433837,0.007873691153433837,0.007873691153433837,0.007873691153433837,0.007873691153433837,0.007873691153433837,0.007873691153433837,-0.007873691153433837,-0.007873691153433837,-0.007873691153433837,-0.007873691153433837
2008-12-10,-0.03635683716292015,-0.03635683716292015,-0.03635683716292015,-0.03635683716292015,-0.03635683716292015,-0.03635683716292015,-0.03635683716292015,-0.03635683716292015,-0.03635683716292015,-0.03635683716292015,-0.03635683716292015,-0.03635683716292015,0.03635683716292015,0.03635683716292015,0.03635683716292015,0.03635683716292015
2008-12-11,-0.04646780530831518,-0.04646780530831518,-0.04646780530831518,-0.04646780530831518,-0.04646780530831518,-0.04646780530831518,-0.04646780530831518,-0.04646780530831518,-0.04646780530831518,-0.04646780530831518,-0.04646780530831518,-0.04646780530831518,0.04646780530831518,0.04646780530831518,0.04646780530831518,0.04646780530831518
2008-12-12,-0.06965250373548915,-0.06965250373548915,-0.06965250373548915,-0.06965250373548915,-0.06965250373548915,-0.06965250373548915,-0.06965250373548915,-0.06965250373548915,-0.06965250373548915,-0.06965250373548915,-0.06965250373548915,-0.06965250373548915,0.06965250373548915,0.06965250373548915,0.06965250373548915,0.06965250373548915
2008-12-15,0.01085282424155598,0.01085282424155598,0.01085282424155598,0.01085282424155598,0.01085282424155598,0.01085282424155598,0.01085282424155598,0.01085282424155598,0.01085282424155598,0.01085282424155598,0.01085282424155598,0.01085282424155598,-0.01085282424155598,-0.01085282424155598,-0.01085282424155598,-0.01085282424155598
2008-12-16,0.06488991888760132,0.06488991888760132,0.06488991888760132,0.06488991888760132,0.06488991888760132,0.06488991888760132,0.06488991888760132,0.06488991888760132,0.06488991888760132,0.06488991888760132,0.06488991888760132,0.06488991888760132,-0.06488991888760132,-0.06488991888760132,-0.06488991888760132,-0.06488991888760132
2008-12-17,-0.02381505576208176,-0.02381505576208176,-0.02381505576208176,-0.02381505576208176,-0.02381505576208176,-0.02381505576208176,-0.02381505576208176,-0.02381505576208176,-0.02381505576208176,-0.02381505576208176,-0.02381505576208176,-0.02381505576208176,0.02381505576208176,0.02381505576208176,0.02381505576208176,0.02381505576208176
2008-12-18,0.022920685351185854,0.022920685351185854,0.022920685351185854,0.022920685351185854,0.022920685351185854,0.022920685351185854,0.022920685351185854,0.022920685351185854,0.022920685351185854,0.022920685351185854,0.022920685351185854,0.022920685351185854,-0.022920685351185854,-0.022920685351185854,-0.022920685351185854,-0.022920685351185854
2008-12-19,-0.02914876320984794,-0.02914876320984794,-0.02914876320984794,-0.02914876320984794,-0.02914876320984794,-0.02914876320984794,-0.02914876320984794,-0.02914876320984794,-0.02914876320984794,-0.02914876320984794,-0.02914876320984794,-0.02914876320984794,0.02914876320984794,0.02914876320984794,0.02914876320984794,0.02914876320984794
2008-12-22,-0.004250357330926047,-0.004250357330926047,0.0,0.0,0.004250357330926047,0.004250357330926047,0.004250357330926047,0.004250357330926047,0.004250357330926047,0.004250357330926047,0.004250357330926047,0.004250357330926047,-0.004250357330926047,-0.004250357330926047,-0.004250357330926047,-0.004250357330926047
2008-12-23,0.05428172099875339,0.05428172099875339,0.05428172099875339,0.05428172099875339,-0.05428172099875339,-0.05428172099875339,-0.05428172099875339,-0.05428172099875339,-0.05428172099875339,-0.05428172099875339,-0.05428172099875339,-0.05428172099875339,0.05428172099875339,0.05428172099875339,0.05428172099875339,0.05428172099875339
2008-12-24,0.025438910784665092,0.025438910784665092,0.025438910784665092,0.025438910784665092,-0.025438910784665092,-0.025438910784665092,-0.025438910784665092,-0.025438910784665092,-0.025438910784665092,-0.025438910784665092,-0.025438910784665092,-0.025438910784665092,0.025438910784665092,0.025438910784665092,0.025438910784665092,0.025438910784665092
2008-12-26,0.006953179594689107,0.006953179594689107,0.006953179594689107,0.006953179594689107,0.006953179594689107,0.006953179594689107,0.006953179594689107,0.006953179594689107,0.006953179594689107,0.006953179594689107,0.006953179594689107,0.006953179594689107,-0.006953179594689107,-0.006953179594689107,-0.006953179594689107,-0.006953179594689107
2008-12-29,-0.025544491749058817,-0.025544491749058817,-0.025544491749058817,-0.025544491749058817,-0.025544491749058817,-0.025544491749058817,-0.025544491749058817,-0.025544491749058817,-0.025544491749058817,-0.025544491749058817,-0.025544491749058817,-0.025544491749058817,-0.025544491749058817,-0.025544491749058817,-0.025544491749058817,-0.025544491749058817
2008-12-30,0.009194771331526352,0.009194771331526352,0.009194771331526352,0.009194771331526352,0.009194771331526352,0.009194771331526352,0.009194771331526352,0.009194771331526352,0.009194771331526352,0.009194771331526352,0.009194771331526352,0.009194771331526352,0.009194771331526352,0.009194771331526352,0.009194771331526352,0.009194771331526352
2008-12-31,0.04643512587000942,0.04643512587000942,0.04643512587000942,0.04643512587000942,0.04643512587000942,0.04643512587000942,0.04643512587000942,0.04643512587000942,0.04643512587000942,0.04643512587000942,0.04643512587000942,0.04643512587000942,0.04643512587000942,0.04643512587000942,0.04643512587000942,0.04643512587000942
2009-01-02,-0.025455733894981458,-0.025455733894981458,-0.025455733894981458,-0.025455733894981458,-0.025455733894981458,-0.025455733894981458,-0.025455733894981458,-0.025455733894981458,0.025455733894981458,0.025455733894981458,0.025455733894981458,-0.025455733894981458,-0.025455733894981458,-0.025455733894981458,-0.025455733894981458,-0.025455733894981458
2009-01-05,-0.08031445872729204,-0.08031445872729204,0.0,0.0,0.08031445872729204,0.08031445872729204,0.08031445872729204,0.08031445872729204,-0.08031445872729204,-0.08031445872729204,-0.08031445872729204,0.08031445872729204,0.08031445872729204,0.0,0.0,0.0
2009-01-06,0.05933541257556496,0.05933541257556496,-0.0,-0.0,-0.05933541257556496,-0.05933541257556496,-0.05933541257556496,-0.05933541257556496,0.05933541257556496,0.05933541257556496,0.05933541257556496,-0.05933541257556496,-0.05933541257556496,-0.05933541257556496,-0.05933541257556496,-0.05933541257556496
2009-01-07,-0.01980953765629545,-0.01980953765629545,-0.01980953765629545,-0.01980953765629545,0.01980953765629545,0.0,0.0,0.0,-0.01980953765629545,-0.01980953765629545,-0.01980953765629545,0.01980953765629545,0.01980953765629545,0.01980953765629545,0.01980953765629545,0.01980953765629545
2009-01-08,-0.06901027181369812,-0.06901027181369812,-0.06901027181369812,-0.06901027181369812,0.06901027181369812,0.06901027181369812,0.06901027181369812,0.06901027181369812,-0.06901027181369812,-0.06901027181369812,-0.06901027181369812,0.06901027181369812,0.06901027181369812,0.06901027181369812,0.06901027181369812,0.06901027181369812
2009-01-09,0.01756552218593166,0.01756552218593166,0.01756552218593166,0.01756552218593166,-0.01756552218593166,-0.01756552218593166,-0.01756552218593166,-0.0,0.01756552218593166,0.01756552218593166,0.01756552218593166,-0.01756552218593166,-0.01756552218593166,-0.01756552218593166,-0.01756552218593166,-0.01756552218593166
2009-01-12,-0.04470192194778244,-0.04470192194778244,-0.04470192194778244,-0.04470192194778244,-0.04470192194778244,-0.04470192194778244,-0.04470192194778244,-0.04470192194778244,-0.04470192194778244,-0.04470192194778244,-0.04470192194778244,0.04470192194778244,0.04470192194778244,0.04470192194778244,0.04470192194778244,0.04470192194778244
2009-01-13,0.04044253226797778,0.04044253226797778,0.04044253226797778,0.04044253226797778,0.04044253226797778,0.04044253226797778,0.04044253226797778,0.04044253226797778,0.04044253226797778,0.04044253226797778,0.04044253226797778,-0.04044253226797778,-0.04044253226797778,-0.04044253226797778,-0.04044253226797778,-0.04044253226797778
2009-01-14,0.05588374291115317,0.05588374291115317,0.05588374291115317,0.05588374291115317,0.05588374291115317,0.05588374291115317,0.05588374291115317,0.05588374291115317,-0.05588374291115317,-0.05588374291115317,-0.05588374291115317,0.05588374291115317,-0.05588374291115317,-0.05588374291115317,-0.05588374291115317,-0.05588374291115317
2009-01-15,-0.0035433217709148757,-0.0035433217709148757,-0.0035433217709148757,-0.0035433217709148757,-0.0035433217709148757,-0.0035433217709148757,-0.0035433217709148757,-0.0035433217709148757,0.0035433217709148757,0.0035433217709148757,0.0035433217709148757,-0.0035433217709148757,0.0035433217709148757,0.0035433217709148757,0.0035433217709148757,0.0035433217709148757
2009-01-16,0.02526575834705791,-0.0,-0.0,-0.0,0.02526575834705791,0.02526575834705791,0.02526575834705791,0.02526575834705791,-0.02526575834705791,-0.02526575834705791,-0.02526575834705791,0.02526575834705791,-0.02526575834705791,-0.02526575834705791,-0.02526575834705791,-0.02526575834705791
2009-01-20,0.0009492168960607561,0.0009492168960607561,0.0009492168960607561,0.0009492168960607561,-0.0009492168960607561,-0.0009492168960607561,-0.0009492168960607561,-0.0009492168960607561,-0.0009492168960607561,-0.0009492168960607561,-0.0009492168960607561,0.0009492168960607561,0.0009492168960607561,0.0009492168960607561,0.0009492168960607561,0.0009492168960607561
2009-01-21,-0.08536451671843603,-0.08536451671843603,-0.08536451671843603,-0.08536451671843603,0.08536451671843603,0.08536451671843603,0.08536451671843603,0.08536451671843603,0.08536451671843603,0.08536451671843603,0.08536451671843603,-0.08536451671843603,-0.08536451671843603,-0.08536451671843603,-0.08536451671843603,-0.08536451671843603
2009-01-22,0.011649439412814377,0.011649439412814377,0.011649439412814377,0.011649439412814377,0.011649439412814377,0.011649439412814377,0.011649439412814377,0.011649439412814377,-0.011649439412814377,-0.011649439412814377,-0.011649439412814377,0.011649439412814377,0.011649439412814377,0.011649439412814377,0.011649439412814377,0.011649439412814377
2009-01-23,0.013864758984840742,0.013864758984840742,0.013864758984840742,0.013864758984840742,0.013864758984840742,0.013864758984840742,0.013864758984840742,0.013864758984840742,-0.013864758984840742,-0.013864758984840742,-0.013864758984840742,0.013864758984840742,0.013864758984840742,0.013864758984840742,0.013864758984840742,0.013864758984840742
2009-01-26,0.022695868453779244,0.022695868453779244,0.022695868453779244,0.022695868453779244,0.022695868453779244,0.022695868453779244,0.022695868453779244,0.022695868453779244,-0.022695868453779244,-0.022695868453779244,-0.022695868453779244,0.022695868453779244,0.022695868453779244,0.022695868453779244,0.022695868453779244,0.022695868453779244
2009-01-27,-0.05107631402212709,-0.05107631402212709,-0.05107631402212709,-0.05107631402212709,-0.05107631402212709,-0.05107631402212709,-0.05107631402212709,-0.05107631402212709,0.05107631402212709,0.05107631402212709,0.05107631402212709,-0.05107631402212709,-0.05107631402212709,-0.05107631402212709,-0.05107631402212709,-0.05107631402212709
2009-01-28,0.004069141781006258,0.004069141781006258,0.004069141781006258,0.004069141781006258,0.004069141781006258,0.004069141781006258,0.004069141781006258,0.004069141781006258,0.004069141781006258,0.004069141781006258,-0.0,0.0,0.004069141781006258,0.004069141781006258,0.004069141781006258,0.004069141781006258
2009-01-29,0.03741347290224539,0.03741347290224539,0.03741347290224539,0.03741347290224539,0.03741347290224539,0.03741347290224539,0.03741347290224539,0.03741347290224539,-0.03741347290224539,-0.03741347290224539,-0.03741347290224539,0.03741347290224539,0.03741347290224539,0.03741347290224539,0.03741347290224539,0.03741347290224539
2009-01-30,-0.0,-0.0,-0.0,-0.0,-0.009120566878310532,-0.009120566878310532,-0.009120566878310532,-0.009120566878310532,0.009120566878310532,0.009120566878310532,0.009120566878310532,-0.0,-0.009120566878310532,-0.009120566878310532,-0.009120566878310532,-0.009120566878310532
2009-02-02,0.023464386275941163,0.023464386275941163,0.023464386275941163,0.023464386275941163,-0.023464386275941163,-0.023464386275941163,-0.023464386275941163,-0.023464386275941163,-0.023464386275941163,-0.023464386275941163,0.0,-0.0,-0.023464386275941163,-0.023464386275941163,-0.023464386275941163,-0.023464386275941163
2009-02-03,0.01939406290333534,-0.0,-0.0,-0.0,-0.01939406290333534,-0.01939406290333534,-0.01939406290333534,-0.01939406290333534,0.01939406290333534,0.01939406290333534,0.01939406290333534,-0.01939406290333534,-0.01939406290333534,-0.01939406290333534,-0.01939406290333534,-0.01939406290333534
2009-02-04,-0.02132409289307957,-0.02132409289307957,-0.02132409289307957,-0.02132409289307957,-0.02132409289307957,-0.02132409289307957,-0.02132409289307957,-0.02132409289307957,0.02132409289307957,0.02132409289307957,0.02132409289307957,-0.02132409289307957,-0.02132409289307957,-0.02132409289307957,-0.02132409289307957,-0.02132409289307957
2009-02-05,0.031611914005154396,0.0,0.0,0.0,0.031611914005154396,0.031611914005154396,0.031611914005154396,0.031611914005154396,-0.031611914005154396,-0.031611914005154396,-0.031611914005154396,0.031611914005154396,0.031611914005154396,0.031611914005154396,0.031611914005154396,0.031611914005154396
2009-02-06,0.01603557472038819,0.01603557472038819,0.01603557472038819,0.01603557472038819,0.01603557472038819,0.01603557472038819,0.01603557472038819,0.01603557472038819,-0.01603557472038819,-0.01603557472038819,-0.01603557472038819,0.01603557472038819,0.01603557472038819,0.01603557472038819,0.01603557472038819,0.01603557472038819
2009-02-09,-0.07645165708025203,-0.07645165708025203,-0.07645165708025203,-0.07645165708025203,-0.07645165708025203,-0.07645165708025203,-0.0,-0.0,0.07645165708025203,0.07645165708025203,0.07645165708025203,-0.07645165708025203,-0.07645165708025203,-0.07645165708025203,-0.07645165708025203,-0.07645165708025203
2009-02-10,-0.003562227664514639,-0.003562227664514639,-0.003562227664514639,-0.0,-0.003562227664514639,-0.0,-0.0,-0.0,0.003562227664514639,0.003562227664514639,0.003562227664514639,-0.003562227664514639,-0.003562227664514639,-0.003562227664514639,-0.003562227664514639,-0.003562227664514639
2009-02-11,0.021646119227965666,0.021646119227965666,0.021646119227965666,0.021646119227965666,0.021646119227965666,0.021646119227965666,0.021646119227965666,0.021646119227965666,-0.021646119227965666,-0.021646119227965666,-0.021646119227965666,0.021646119227965666,0.021646119227965666,0.021646119227965666,0.021646119227965666,0.021646119227965666
2009-02-12,-0.034467120181405964,-0.034467120181405964,-0.034467120181405964,-0.034467120181405964,-0.034467120181405964,-0.034467120181405964,-0.034467120181405964,-0.034467120181405964,0.034467120181405964,0.034467120181405964,0.034467120181405964,-0.034467120181405964,-0.034467120181405964,-0.034467120181405964,-0.034467120181405964,-0.034467120181405964
2009-02-13,-0.01274503663806592,-0.0,-0.0,-0.0,-0.01274503663806592,-0.01274503663806592,-0.01274503663806592,-0.01274503663806592,0.01274503663806592,0.01274503663806592,0.01274503663806592,-0.01274503663806592,-0.01274503663806592,-0.01274503663806592,-0.01274503663806592,-0.01274503663806592
2009-02-17,0.0462879935685353,0.0462879935685353,0.0462879935685353,0.0462879935685353,0.0462879935685353,0.0462879935685353,0.0462879935685353,0.0462879935685353,-0.0462879935685353,-0.0462879935685353,-0.0462879935685353,0.0462879935685353,0.0462879935685353,0.0462879935685353,0.0462879935685353,0.0462879935685353
2009-02-18,-0.036473868499546036,-0.036473868499546036,-0.036473868499546036,-0.036473868499546036,-0.036473868499546036,-0.036473868499546036,-0.036473868499546036,-0.036473868499546036,0.036473868499546036,0.036473868499546036,0.036473868499546036,-0.036473868499546036,-0.036473868499546036,-0.036473868499546036,-0.036473868499546036,-0.036473868499546036
2009-02-19,-0.012199318089399114,-0.012199318089399114,-0.012199318089399114,0.0,0.012199318089399114,0.012199318089399114,0.012199318089399114,0.012199318089399114,-0.012199318089399114,-0.012199318089399114,-0.012199318089399114,0.012199318089399114,0.012199318089399114,0.012199318089399114,0.012199318089399114,0.012199318089399114
2009-02-20,0.08217486304189492,0.08217486304189492,0.0,0.0,0.08217486304189492,0.08217486304189492,0.08217486304189492,0.08217486304189492,-0.08217486304189492,-0.08217486304189492,-0.08217486304189492,0.08217486304189492,0.08217486304189492,0.08217486304189492,0.08217486304189492,0.08217486304189492
2009-02-23,0.018216947281258666,0.018216947281258666,0.018216947281258666,0.018216947281258666,0.018216947281258666,0.018216947281258666,0.018216947281258666,0.018216947281258666,-0.018216947281258666,-0.018216947281258666,-0.018216947281258666,0.018216947281258666,0.018216947281258666,0.018216947281258666,0.018216947281258666,0.018216947281258666
2009-02-24,0.01669243744728699,0.01669243744728699,0.01669243744728699,0.01669243744728699,0.01669243744728699,0.01669243744728699,0.01669243744728699,0.01669243744728699,-0.01669243744728699,-0.01669243744728699,0.0,-0.0,-0.01669243744728699,-0.01669243744728699,-0.01669243744728699,-0.01669243744728699
2009-02-25,-0.0026960699595589555,-0.0026960699595589555,-0.0026960699595589555,-0.0026960699595589555,-0.0026960699595589555,-0.0026960699595589555,-0.0026960699595589555,-0.0026960699595589555,0.0026960699595589555,0.0026960699595589555,0.0026960699595589555,0.0,0.0026960699595589555,0.0026960699595589555,0.0026960699595589555,0.0026960699595589555
2009-02-26,-0.07167365611894783,-0.07167365611894783,-0.07167365611894783,-0.07167365611894783,-0.07167365611894783,-0.07167365611894783,-0.07167365611894783,-0.07167365611894783,-0.07167365611894783,-0.07167365611894783,-0.07167365611894783,0.07167365611894783,0.07167365611894783,0.07167365611894783,0.07167365611894783,0.07167365611894783
2009-02-27,0.023595295874556665,0.023595295874556665,0.023595295874556665,0.023595295874556665,0.023595295874556665,0.023595295874556665,0.023595295874556665,0.023595295874556665,-0.023595295874556665,-0.023595295874556665,-0.023595295874556665,0.023595295874556665,-0.023595295874556665,-0.023595295874556665,-0.023595295874556665,-0.023595295874556665
2009-03-02,-0.00838895575737686,-0.00838895575737686,-0.00838895575737686,-0.00838895575737686,-0.00838895575737686,-0.00838895575737686,-0.00838895575737686,-0.00838895575737686,0.00838895575737686,0.00838895575737686,0.00838895575737686,-0.00838895575737686,0.00838895575737686,0.00838895575737686,0.00838895575737686,0.00838895575737686
2009-03-03,0.050796336484349114,0.050796336484349114,0.050796336484349114,0.050796336484349114,0.050796336484349114,0.050796336484349114,0.050796336484349114,0.050796336484349114,-0.050796336484349114,-0.050796336484349114,-0.050796336484349114,0.050796336484349114,-0.050796336484349114,-0.050796336484349114,-0.050796336484349114,-0.050796336484349114
2009-03-04,-0.005460655278633486,-0.005460655278633486,-0.005460655278633486,-0.005460655278633486,-0.005460655278633486,-0.005460655278633486,-0.005460655278633486,-0.005460655278633486,0.005460655278633486,0.005460655278633486,0.005460655278633486,-0.005460655278633486,0.005460655278633486,0.005460655278633486,0.005460655278633486,0.005460655278633486
2009-03-05,-0.03625228776573275,-0.03625228776573275,0.0,0.0,-0.03625228776573275,-0.03625228776573275,-0.03625228776573275,-0.03625228776573275,0.03625228776573275,0.03625228776573275,0.03625228776573275,-0.03625228776573275,0.03625228776573275,0.03625228776573275,0.03625228776573275,0.03625228776573275
2009-03-06,-0.06036812504565048,-0.06036812504565048,-0.06036812504565048,0.0,-0.06036812504565048,-0.06036812504565048,-0.06036812504565048,-0.06036812504565048,0.06036812504565048,0.06036812504565048,0.06036812504565048,-0.06036812504565048,0.06036812504565048,0.06036812504565048,0.06036812504565048,0.06036812504565048
2009-03-09,-0.05414124140075405,-0.05414124140075405,-0.05414124140075405,-0.05414124140075405,0.05414124140075405,0.05414124140075405,0.05414124140075405,0.05414124140075405,-0.05414124140075405,-0.05414124140075405,-0.05414124140075405,0.05414124140075405,-0.05414124140075405,-0.05414124140075405,-0.05414124140075405,-0.05414124140075405
2009-03-10,0.04214290981491042,0.04214290981491042,0.04214290981491042,0.04214290981491042,0.04214290981491042,0.04214290981491042,0.04214290981491042,0.04214290981491042,-0.04214290981491042,-0.04214290981491042,-0.04214290981491042,0.04214290981491042,-0.04214290981491042,-0.04214290981491042,-0.04214290981491042,-0.04214290981491042
2009-03-11,-0.0,-0.0,-0.0,-0.0,0.011003007252786023,0.011003007252786023,0.011003007252786023,0.011003007252786023,-0.011003007252786023,-0.011003007252786023,-0.011003007252786023,0.011003007252786023,-0.011003007252786023,-0.011003007252786023,-0.011003007252786023,-0.011003007252786023
2009-03-12,-0.012423012318029114,-0.012423012318029114,0.0,0.0,-0.012423012318029114,-0.012423012318029114,-0.012423012318029114,-0.012423012318029114,0.012423012318029114,0.012423012318029114,0.012423012318029114,-0.012423012318029114,0.012423012318029114,0.012423012318029114,0.012423012318029114,0.012423012318029114
2009-03-13,0.022678147478827793,0.0,0.0,0.0,-0.022678147478827793,0.0,0.0,0.0,0.022678147478827793,0.022678147478827793,0.022678147478827793,-0.022678147478827793,0.022678147478827793,0.022678147478827793,0.022678147478827793,0.022678147478827793
2009-03-16,-0.1003951995939234,-0.1003951995939234,-0.1003951995939234,-0.1003951995939234,-0.1003951995939234,-0.1003951995939234,-0.1003951995939234,-0.1003951995939234,-0.1003951995939234,-0.1003951995939234,-0.1003951995939234,0.1003951995939234,-0.1003951995939234,-0.1003951995939234,-0.0,-0.0
2009-03-17,-0.06504118616144972,-0.06504118616144972,-0.06504118616144972,-0.06504118616144972,-0.06504118616144972,-0.0,-0.0,-0.0,-0.06504118616144972,-0.06504118616144972,-0.06504118616144972,0.06504118616144972,-0.0,-0.0,-0.0,-0.0
2009-03-18,-0.005352060388565727,-0.005352060388565727,-0.005352060388565727,-0.005352060388565727,-0.005352060388565727,-0.005352060388565727,-0.005352060388565727,-0.005352060388565727,-0.005352060388565727,-0.005352060388565727,-0.005352060388565727,0.005352060388565727,-0.005352060388565727,-0.005352060388565727,-0.005352060388565727,-0.005352060388565727
2009-03-19,0.0034772440532971904,0.0034772440532971904,0.0034772440532971904,0.0034772440532971904,0.0034772440532971904,0.0034772440532971904,0.0034772440532971904,0.0034772440532971904,-0.0034772440532971904,-0.0034772440532971904,-0.0034772440532971904,0.0034772440532971904,0.0034772440532971904,0.0034772440532971904,0.0034772440532971904,0.0034772440532971904
2009-03-20,0.013092885375494023,0.013092885375494023,0.013092885375494023,0.013092885375494023,0.013092885375494023,0.013092885375494023,0.013092885375494023,0.013092885375494023,-0.013092885375494023,-0.013092885375494023,-0.013092885375494023,0.0,0.013092885375494023,0.013092885375494023,0.013092885375494023,0.013092885375494023
2009-03-23,-0.0352002503128912,-0.0352002503128912,-0.0352002503128912,-0.0352002503128912,-0.0352002503128912,-0.0352002503128912,-0.0352002503128912,-0.0352002503128912,0.0352002503128912,0.0352002503128912,0.0352002503128912,-0.0352002503128912,-0.0352002503128912,-0.0352002503128912,-0.0352002503128912,-0.0352002503128912
2009-03-24,-0.0007858546168957314,-0.0007858546168957314,-0.0007858546168957314,-0.0007858546168957314,-0.0007858546168957314,-0.0007858546168957314,-0.0007858546168957314,-0.0007858546168957314,0.0007858546168957314,0.0007858546168957314,0.0007858546168957314,-0.0007858546168957314,-0.0007858546168957314,-0.0007858546168957314,-0.0007858546168957314,-0.0007858546168957314
2009-03-25,0.03162091147956869,0.03162091147956869,0.03162091147956869,0.03162091147956869,0.03162091147956869,0.03162091147956869,0.03162091147956869,0.03162091147956869,-0.03162091147956869,-0.03162091147956869,-0.03162091147956869,0.03162091147956869,0.03162091147956869,0.03162091147956869,0.03162091147956869,0.03162091147956869
2009-03-26,0.017558632734530955,0.017558632734530955,0.017558632734530955,0.017558632734530955,0.017558632734530955,0.017558632734530955,0.017558632734530955,0.017558632734530955,-0.017558632734530955,-0.017558632734530955,-0.017558632734530955,0.017558632734530955,0.017558632734530955,0.017558632734530955,0.017558632734530955,0.017558632734530955
2009-03-27,0.01403130059363189,0.01403130059363189,-0.0,-0.0,-0.01403130059363189,-0.01403130059363189,-0.01403130059363189,-0.01403130059363189,0.01403130059363189,0.01403130059363189,0.01403130059363189,-0.01403130059363189,-0.01403130059363189,-0.01403130059363189,-0.01403130059363189,-0.01403130059363189
2009-03-30,0.04633252981873959,0.04633252981873959,0.04633252981873959,0.04633252981873959,-0.04633252981873959,-0.04633252981873959,-0.04633252981873959,-0.04633252981873959,0.04633252981873959,0.04633252981873959,0.04633252981873959,-0.04633252981873959,-0.04633252981873959,-0.04633252981873959,-0.04633252981873959,-0.04633252981873959
2009-03-31,0.0,0.0,0.0,0.0,0.03988271549531752,0.03988271549531752,0.03988271549531752,0.03988271549531752,-0.03988271549531752,-0.03988271549531752,-0.03988271549531752,0.03988271549531752,0.03988271549531752,0.03988271549531752,0.03988271549531752,0.03988271549531752
2009-04-01,0.05961358678716122,0.05961358678716122,0.0,0.0,0.05961358678716122,0.05961358678716122,0.05961358678716122,0.05961358678716122,-0.05961358678716122,0.05961358678716122,0.05961358678716122,0.05961358678716122,0.05961358678716122,0.05961358678716122,0.05961358678716122,0.05961358678716122
2009-04-02,-0.048447493123902285,-0.048447493123902285,-0.048447493123902285,-0.048447493123902285,-0.048447493123902285,0.0,0.0,0.0,-0.048447493123902285,0.048447493123902285,0.048447493123902285,0.048447493123902285,0.048447493123902285,0.048447493123902285,0.048447493123902285,0.048447493123902285
2009-04-03,0.009646526205815853,0.009646526205815853,0.009646526205815853,0.009646526205815853,0.009646526205815853,0.009646526205815853,0.009646526205815853,0.009646526205815853,0.009646526205815853,-0.009646526205815853,-0.009646526205815853,-0.009646526205815853,-0.009646526205815853,-0.009646526205815853,-0.009646526205815853,-0.009646526205815853
2009-04-06,0.00027593818984539276,0.00027593818984539276,0.00027593818984539276,0.00027593818984539276,0.00027593818984539276,0.00027593818984539276,0.00027593818984539276,0.00027593818984539276,0.00027593818984539276,-0.00027593818984539276,-0.00027593818984539276,-0.00027593818984539276,-0.00027593818984539276,-0.00027593818984539276,-0.00027593818984539276,-0.00027593818984539276
2009-04-07,-0.014000000000000012,-0.014000000000000012,-0.014000000000000012,-0.014000000000000012,-0.014000000000000012,-0.014000000000000012,-0.014000000000000012,-0.014000000000000012,-0.014000000000000012,0.014000000000000012,0.014000000000000012,0.014000000000000012,0.014000000000000012,0.014000000000000012,0.014000000000000012,0.014000000000000012
2009-04-08,0.02192767713506316,0.02192767713506316,0.02192767713506316,0.02192767713506316,0.02192767713506316,0.02192767713506316,0.02192767713506316,0.02192767713506316,0.02192767713506316,-0.02192767713506316,-0.02192767713506316,-0.02192767713506316,-0.02192767713506316,-0.02192767713506316,-0.02192767713506316,-0.02192767713506316
2009-04-09,-0.003114198692721004,-0.003114198692721004,-0.003114198692721004,-0.003114198692721004,-0.003114198692721004,-0.003114198692721004,-0.003114198692721004,-0.003114198692721004,-0.003114198692721004,0.003114198692721004,0.0,0.0,0.003114198692721004,0.003114198692721004,0.003114198692721004,0.003114198692721004
2009-04-13,0.006247854445588841,0.006247854445588841,0.006247854445588841,0.006247854445588841,0.006247854445588841,0.006247854445588841,0.006247854445588841,0.006247854445588841,0.006247854445588841,-0.006247854445588841,-0.006247854445588841,-0.006247854445588841,-0.006247854445588841,-0.006247854445588841,-0.006247854445588841,-0.006247854445588841
2009-04-14,0.0466361899563319,0.0466361899563319,0.0,0.0,-0.0466361899563319,-0.0466361899563319,-0.0466361899563319,-0.0466361899563319,-0.0466361899563319,0.0466361899563319,0.0466361899563319,0.0466361899563319,0.0466361899563319,0.0466361899563319,0.0466361899563319,0.0466361899563319
2009-04-15,0.04090177133655393,0.04090177133655393,0.0,0.0,-0.04090177133655393,-0.04090177133655393,-0.04090177133655393,-0.04090177133655393,-0.04090177133655393,0.04090177133655393,0.04090177133655393,0.04090177133655393,0.04090177133655393,0.04090177133655393,0.04090177133655393,0.04090177133655393
2009-04-16,0.03973584060890989,0.03973584060890989,0.03973584060890989,0.03973584060890989,0.03973584060890989,0.03973584060890989,0.03973584060890989,0.03973584060890989,-0.03973584060890989,0.03973584060890989,0.03973584060890989,0.03973584060890989,-0.03973584060890989,-0.03973584060890989,-0.03973584060890989,-0.03973584060890989
2009-04-17,-0.02422219829906347,-0.02422219829906347,-0.02422219829906347,-0.02422219829906347,-0.02422219829906347,-0.02422219829906347,-0.02422219829906347,-0.02422219829906347,0.02422219829906347,-0.02422219829906347,-0.02422219829906347,-0.02422219829906347,-0.02422219829906347,-0.02422219829906347,-0.02422219829906347,-0.02422219829906347
2009-04-20,0.005075022065313295,0.005075022065313295,0.005075022065313295,0.005075022065313295,0.005075022065313295,0.005075022065313295,0.005075022065313295,0.005075022065313295,-0.005075022065313295,0.005075022065313295,0.005075022065313295,0.005075022065313295,-0.005075022065313295,-0.005075022065313295,-0.005075022065313295,-0.0
2009-04-21,0.03611416026344694,0.03611416026344694,0.03611416026344694,0.03611416026344694,0.03611416026344694,0.03611416026344694,0.03611416026344694,0.03611416026344694,-0.03611416026344694,0.03611416026344694,0.03611416026344694,0.03611416026344694,0.03611416026344694,0.03611416026344694,0.03611416026344694,0.03611416026344694
2009-04-22,0.059893350284281555,0.059893350284281555,0.059893350284281555,0.059893350284281555,0.059893350284281555,0.059893350284281555,0.059893350284281555,0.059893350284281555,-0.059893350284281555,0.059893350284281555,0.059893350284281555,0.059893350284281555,0.059893350284281555,0.059893350284281555,0.059893350284281555,0.059893350284281555
2009-04-23,0.009495885116449498,0.009495885116449498,0.0,0.0,-0.009495885116449498,-0.009495885116449498,-0.009495885116449498,-0.009495885116449498,0.009495885116449498,-0.009495885116449498,-0.009495885116449498,-0.009495885116449498,-0.009495885116449498,-0.009495885116449498,-0.009495885116449498,-0.009495885116449498
2009-04-24,0.03582481162540374,0.03582481162540374,0.03582481162540374,0.03582481162540374,0.03582481162540374,0.03582481162540374,0.03582481162540374,0.03582481162540374,0.03582481162540374,-0.03582481162540374,-0.03582481162540374,-0.03582481162540374,0.03582481162540374,0.03582481162540374,0.03582481162540374,0.03582481162540374
2009-04-27,-0.024142622893625898,-0.024142622893625898,-0.024142622893625898,-0.024142622893625898,-0.024142622893625898,-0.024142622893625898,-0.024142622893625898,-0.0,-0.024142622893625898,0.024142622893625898,0.024142622893625898,0.024142622893625898,-0.0,-0.0,-0.0,-0.0
2009-04-28,0.0297734627831715,0.0297734627831715,0.0297734627831715,0.0297734627831715,-0.0297734627831715,-0.0297734627831715,-0.0297734627831715,0.0,0.0297734627831715,-0.0297734627831715,-0.0297734627831715,-0.0297734627831715,-0.0297734627831715,-0.0297734627831715,-0.0297734627831715,-0.0297734627831715
2009-04-29,-0.006074224921877702,-0.006074224921877702,-0.006074224921877702,-0.006074224921877702,-0.0,-0.0,-0.0,-0.0,-0.006074224921877702,0.006074224921877702,0.006074224921877702,0.006074224921877702,-0.006074224921877702,-0.006074224921877702,-0.006074224921877702,-0.006074224921877702
2009-04-30,-0.05737418859496057,-0.0,-0.0,-0.0,-0.05737418859496057,-0.05737418859496057,-0.05737418859496057,-0.0,-0.05737418859496057,0.05737418859496057,0.05737418859496057,0.05737418859496057,0.05737418859496057,-0.0,-0.0,-0.0
2009-05-01,-0.002838471186216829,-0.002838471186216829,-0.002838471186216829,-0.002838471186216829,0.002838471186216829,0.002838471186216829,0.002838471186216829,0.002838471186216829,0.002838471186216829,-0.002838471186216829,-0.002838471186216829,-0.002838471186216829,-0.002838471186216829,-0.002838471186216829,-0.002838471186216829,-0.002838471186216829
2009-05-04,-0.05501125380643446,-0.05501125380643446,-0.05501125380643446,-0.0,-0.05501125380643446,-0.05501125380643446,-0.05501125380643446,-0.05501125380643446,0.0,-0.0,-0.0,-0.0,-0.05501125380643446,-0.0,-0.0,-0.0
2009-05-05,0.00815711865470281,0.00815711865470281,0.00815711865470281,0.00815711865470281,0.00815711865470281,0.00815711865470281,0.00815711865470281,0.00815711865470281,-0.00815711865470281,0.00815711865470281,0.00815711865470281,0.00815711865470281,-0.00815711865470281,-0.00815711865470281,0.0,0.0
2009-05-06,-0.02764597962927806,-0.02764597962927806,-0.02764597962927806,-0.02764597962927806,-0.02764597962927806,-0.02764597962927806,-0.02764597962927806,-0.02764597962927806,0.02764597962927806,-0.02764597962927806,-0.02764597962927806,-0.02764597962927806,-0.02764597962927806,-0.02764597962927806,-0.02764597962927806,-0.02764597962927806
2009-05-07,0.008526225067717386,0.008526225067717386,0.008526225067717386,0.008526225067717386,0.008526225067717386,0.008526225067717386,0.008526225067717386,0.008526225067717386,-0.008526225067717386,0.008526225067717386,0.008526225067717386,0.008526225067717386,0.008526225067717386,0.008526225067717386,0.008526225067717386,0.008526225067717386
2009-05-08,-0.049175747415479254,-0.049175747415479254,-0.049175747415479254,-0.049175747415479254,-0.049175747415479254,-0.049175747415479254,-0.049175747415479254,-0.049175747415479254,0.049175747415479254,-0.049175747415479254,-0.049175747415479254,-0.049175747415479254,-0.049175747415479254,-0.049175747415479254,-0.049175747415479254,-0.049175747415479254
2009-05-11,0.02840656901908567,0.02840656901908567,0.02840656901908567,0.02840656901908567,0.02840656901908567,0.02840656901908567,0.02840656901908567,0.02840656901908567,-0.02840656901908567,0.02840656901908567,0.02840656901908567,0.02840656901908567,0.02840656901908567,0.02840656901908567,0.02840656901908567,0.02840656901908567
2009-05-12,-0.001827318410233092,-0.001827318410233092,-0.001827318410233092,-0.001827318410233092,-0.001827318410233092,-0.001827318410233092,-0.001827318410233092,-0.001827318410233092,0.001827318410233092,-0.001827318410233092,-0.001827318410233092,-0.001827318410233092,-0.001827318410233092,-0.001827318410233092,-0.001827318410233092,-0.001827318410233092
2009-05-13,0.012646298829609437,0.012646298829609437,0.012646298829609437,0.012646298829609437,0.012646298829609437,0.012646298829609437,0.012646298829609437,0.012646298829609437,-0.012646298829609437,0.012646298829609437,0.012646298829609437,0.012646298829609437,0.012646298829609437,0.012646298829609437,0.012646298829609437,0.012646298829609437
2009-05-14,0.0016010345146094673,0.0016010345146094673,0.0016010345146094673,0.0016010345146094673,0.0016010345146094673,0.0016010345146094673,0.0016010345146094673,0.0016010345146094673,-0.0016010345146094673,0.0016010345146094673,0.0016010345146094673,0.0016010345146094673,0.0016010345146094673,0.0016010345146094673,0.0016010345146094673,0.0
2009-05-15,-0.0,-0.0,-0.0,-0.0,-0.0256267924877418,-0.0256267924877418,-0.0256267924877418,-0.0256267924877418,0.0256267924877418,-0.0256267924877418,-0.0256267924877418,-0.0256267924877418,-0.0256267924877418,-0.0256267924877418,-0.0256267924877418,-0.0256267924877418
2009-05-18,-0.05622707318539888,-0.0,-0.0,-0.0,-0.05622707318539888,-0.05622707318539888,-0.05622707318539888,-0.05622707318539888,0.05622707318539888,-0.05622707318539888,-0.05622707318539888,-0.05622707318539888,-0.05622707318539888,-0.05622707318539888,-0.0,-0.0
2009-05-19,0.019955590981553195,0.019955590981553195,0.019955590981553195,-0.0,-0.019955590981553195,-0.019955590981553195,-0.019955590981553195,-0.019955590981553195,0.019955590981553195,-0.019955590981553195,-0.019955590981553195,-0.019955590981553195,-0.019955590981553195,-0.019955590981553195,-0.019955590981553195,-0.019955590981553195
2009-05-20,-0.017388149264562225,-0.017388149264562225,-0.017388149264562225,-0.017388149264562225,-0.017388149264562225,-0.017388149264562225,-0.017388149264562225,-0.017388149264562225,0.017388149264562225,-0.017388149264562225,-0.017388149264562225,-0.017388149264562225,-0.017388149264562225,-0.017388149264562225,-0.017388149264562225,-0.017388149264562225
2009-05-21,0.004992867332382134,0.004992867332382134,0.004992867332382134,0.004992867332382134,0.004992867332382134,0.004992867332382134,0.004992867332382134,0.004992867332382134,-0.004992867332382134,0.004992867332382134,0.004992867332382134,0.004992867332382134,0.004992867332382134,0.004992867332382134,0.004992867332382134,0.004992867332382134
2009-05-22,0.017176730079956015,0.017176730079956015,0.017176730079956015,0.017176730079956015,0.017176730079956015,0.017176730079956015,0.017176730079956015,0.017176730079956015,-0.017176730079956015,0.017176730079956015,0.017176730079956015,0.017176730079956015,0.017176730079956015,0.017176730079956015,0.017176730079956015,0.017176730079956015
2009-05-26,-0.045389513844082297,-0.045389513844082297,-0.045389513844082297,-0.045389513844082297,-0.045389513844082297,-0.045389513844082297,-0.045389513844082297,-0.045389513844082297,0.045389513844082297,-0.045389513844082297,-0.045389513844082297,-0.045389513844082297,-0.045389513844082297,-0.045389513844082297,-0.045389513844082297,-0.045389513844082297
2009-05-27,-0.02554675969408282,-0.02554675969408282,-0.02554675969408282,-0.02554675969408282,-0.02554675969408282,-0.02554675969408282,-0.02554675969408282,-0.02554675969408282,0.02554675969408282,-0.02554675969408282,-0.02554675969408282,-0.02554675969408282,-0.02554675969408282,-0.02554675969408282,-0.02554675969408282,-0.02554675969408282
2009-05-28,0.015621320354816004,0.015621320354816004,0.015621320354816004,0.015621320354816004,0.015621320354816004,0.015621320354816004,0.015621320354816004,0.015621320354816004,-0.015621320354816004,0.015621320354816004,0.015621320354816004,0.015621320354816004,0.015621320354816004,0.015621320354816004,0.015621320354816004,0.015621320354816004
2009-05-29,-0.02852206273258906,-0.02852206273258906,-0.02852206273258906,-0.02852206273258906,-0.02852206273258906,-0.02852206273258906,-0.02852206273258906,-0.02852206273258906,0.02852206273258906,-0.02852206273258906,-0.02852206273258906,-0.02852206273258906,-0.02852206273258906,-0.02852206273258906,-0.02852206273258906,-0.02852206273258906
2009-06-01,0.05680614064559486,0.05680614064559486,0.05680614064559486,0.05680614064559486,0.05680614064559486,0.05680614064559486,0.05680614064559486,0.05680614064559486,-0.05680614064559486,0.05680614064559486,0.05680614064559486,0.05680614064559486,0.05680614064559486,0.05680614064559486,0.05680614064559486,0.05680614064559486
2009-06-02,-0.027729826003562108,-0.027729826003562108,-0.027729826003562108,-0.027729826003562108,-0.027729826003562108,-0.027729826003562108,-0.027729826003562108,-0.027729826003562108,0.027729826003562108,-0.027729826003562108,-0.027729826003562108,-0.027729826003562108,-0.027729826003562108,-0.027729826003562108,-0.027729826003562108,-0.027729826003562108
2009-06-03,0.047511131255498884,0.047511131255498884,0.047511131255498884,0.047511131255498884,0.047511131255498884,0.047511131255498884,0.047511131255498884,0.047511131255498884,-0.047511131255498884,0.047511131255498884,0.047511131255498884,0.047511131255498884,0.047511131255498884,0.047511131255498884,0.047511131255498884,0.047511131255498884
2009-06-04,-0.0,-0.0,-0.0,-0.0,-0.0,-0.0,-0.0,-0.0,0.0,-0.0,-0.0,-0.0,-0.0,-0.0,-0.0,-0.0
2009-06-05,-0.00411476557032886,-0.00411476557032886,-0.00411476557032886,-0.00411476557032886,0.0,0.0,0.0,0.0,-0.00411476557032886,0.00411476557032886,0.00411476557032886,0.00411476557032886,0.00411476557032886,0.00411476557032886,0.00411476557032886,0.00411476557032886
2009-06-08,-0.005115520827477682,-0.005115520827477682,-0.005115520827477682,-0.005115520827477682,-0.005115520827477682,-0.005115520827477682,-0.005115520827477682,0.0,-0.005115520827477682,0.005115520827477682,0.005115520827477682,0.005115520827477682,0.005115520827477682,0.005115520827477682,0.005115520827477682,0.005115520827477682
2009-06-09,0.00022601423889723193,0.00022601423889723193,0.00022601423889723193,0.00022601423889723193,0.00022601423889723193,0.00022601423889723193,0.00022601423889723193,-0.0,0.00022601423889723193,-0.00022601423889723193,-0.00022601423889723193,-0.00022601423889723193,-0.00022601423889723193,-0.00022601423889723193,-0.00022601423889723193,-0.00022601423889723193
2009-06-10,-0.033470794260535564,-0.033470794260535564,-0.033470794260535564,-0.033470794260535564,-0.033470794260535564,0.0,0.0,0.0,-0.033470794260535564,0.033470794260535564,0.033470794260535564,0.033470794260535564,0.033470794260535564,0.033470794260535564,0.033470794260535564,0.033470794260535564
2009-06-11,-0.039217978316140156,-0.039217978316140156,-0.039217978316140156,-0.039217978316140156,-0.039217978316140156,-0.039217978316140156,-0.039217978316140156,-0.039217978316140156,-0.039217978316140156,0.039217978316140156,0.039217978316140156,0.039217978316140156,0.039217978316140156,0.039217978316140156,0.039217978316140156,0.039217978316140156
2009-06-12,0.008972838154332585,0.008972838154332585,0.008972838154332585,0.008972838154332585,0.008972838154332585,0.008972838154332585,0.008972838154332585,0.008972838154332585,0.008972838154332585,-0.008972838154332585,-0.008972838154332585,-0.008972838154332585,-0.008972838154332585,-0.008972838154332585,-0.008972838154332585,-0.008972838154332585
2009-06-15,-0.002110213433015762,-0.002110213433015762,-0.002110213433015762,-0.002110213433015762,-0.002110213433015762,-0.002110213433015762,-0.002110213433015762,-0.002110213433015762,-0.002110213433015762,0.002110213433015762,0.0,0.0,0.002110213433015762,0.002110213433015762,0.002110213433015762,0.0
2009-06-16,-0.027974140535314884,-0.027974140535314884,-0.027974140535314884,-0.027974140535314884,-0.027974140535314884,-0.027974140535314884,-0.027974140535314884,-0.027974140535314884,-0.027974140535314884,0.027974140535314884,0.027974140535314884,0.027974140535314884,0.027974140535314884,0.027974140535314884,0.027974140535314884,0.027974140535314884
2009-06-17,0.030146693187468987,0.030146693187468987,0.030146693187468987,0.030146693187468987,0.030146693187468987,0.030146693187468987,0.030146693187468987,0.030146693187468987,0.0,-0.0,-0.0,-0.0,-0.030146693187468987,-0.030146693187468987,-0.030146693187468987,-0.030146693187468987
2009-06-18,-0.06607132082302547,-0.06607132082302547,-0.06607132082302547,-0.06607132082302547,-0.06607132082302547,-0.06607132082302547,-0.06607132082302547,-0.06607132082302547,0.06607132082302547,-0.06607132082302547,-0.06607132082302547,-0.06607132082302547,0.06607132082302547,0.0,0.0,0.0
2009-06-19,0.040832148856441375,0.040832148856441375,0.040832148856441375,0.040832148856441375,0.040832148856441375,0.040832148856441375,0.040832148856441375,0.040832148856441375,-0.040832148856441375,0.040832148856441375,0.040832148856441375,0.040832148856441375,-0.0,-0.0,-0.0,-0.0
2009-06-22,0.028460583488516544,0.028460583488516544,0.028460583488516544,0.028460583488516544,0.028460583488516544,0.028460583488516544,0.028460583488516544,0.028460583488516544,-0.028460583488516544,0.028460583488516544,0.028460583488516544,0.028460583488516544,0.028460583488516544,0.028460583488516544,0.028460583488516544,0.028460583488516544
2009-06-23,0.04466306545553289,0.04466306545553289,0.04466306545553289,0.04466306545553289,0.04466306545553289,0.04466306545553289,0.04466306545553289,0.04466306545553289,-0.04466306545553289,0.04466306545553289,0.04466306545553289,0.04466306545553289,-0.0,-0.0,-0.0,-0.0
2009-06-24,0.0,0.0,0.0,0.0,-0.02074125429702156,-0.02074125429702156,-0.02074125429702156,-0.02074125429702156,0.02074125429702156,-0.02074125429702156,-0.02074125429702156,-0.02074125429702156,0.02074125429702156,0.02074125429702156,0.02074125429702156,0.02074125429702156
2009-06-25,0.0005309891147231571,0.0005309891147231571,0.0005309891147231571,0.0005309891147231571,-0.0005309891147231571,-0.0005309891147231571,-0.0005309891147231571,-0.0005309891147231571,0.0005309891147231571,-0.0005309891147231571,-0.0005309891147231571,-0.0005309891147231571,0.0005309891147231571,0.0005309891147231571,0.0005309891147231571,0.0005309891147231571
2009-06-26,0.034739234379150497,0.034739234379150497,0.034739234379150497,0.034739234379150497,-0.034739234379150497,0.0,0.0,0.0,0.034739234379150497,-0.034739234379150497,-0.034739234379150497,-0.034739234379150497,0.034739234379150497,0.034739234379150497,0.0,0.0
2009-06-29,-0.04286937377690814,-0.04286937377690814,-0.04286937377690814,-0.04286937377690814,-0.04286937377690814,-0.04286937377690814,-0.04286937377690814,-0.04286937377690814,-0.04286937377690814,0.04286937377690814,0.04286937377690814,0.04286937377690814,-0.04286937377690814,-0.04286937377690814,-0.04286937377690814,-0.04286937377690814
2009-06-30,0.030932973670321884,0.030932973670321884,0.030932973670321884,0.0,-0.030932973670321884,-0.030932973670321884,0.0,0.0,0.030932973670321884,-0.030932973670321884,-0.030932973670321884,-0.030932973670321884,0.030932973670321884,0.030932973670321884,0.030932973670321884,0.030932973670321884
2009-07-01,0.03772956945326933,0.03772956945326933,0.03772956945326933,0.03772956945326933,-0.03772956945326933,0.03772956945326933,0.03772956945326933,0.03772956945326933,-0.03772956945326933,-0.03772956945326933,-0.03772956945326933,-0.03772956945326933,0.03772956945326933,0.03772956945326933,0.03772956945326933,0.03772956945326933
2009-07-02,-0.004905043390768471,-0.004905043390768471,-0.004905043390768471,-0.004905043390768471,-0.004905043390768471,0.004905043390768471,0.004905043390768471,0.004905043390768471,-0.004905043390768471,-0.004905043390768471,-0.004905043390768471,-0.004905043390768471,0.004905043390768471,0.004905043390768471,0.004905043390768471,0.004905043390768471
2009-07-06,-0.04019211324570271,-0.04019211324570271,-0.04019211324570271,-0.04019211324570271,0.04019211324570271,-0.04019211324570271,-0.04019211324570271,-0.04019211324570271,-0.04019211324570271,-0.04019211324570271,-0.04019211324570271,-0.04019211324570271,0.04019211324570271,0.04019211324570271,0.04019211324570271,0.04019211324570271
2009-07-07,0.008855675533315788,0.008855675533315788,0.008855675533315788,0.008855675533315788,0.008855675533315788,-0.008855675533315788,-0.008855675533315788,-0.008855675533315788,0.008855675533315788,0.008855675533315788,0.008855675533315788,0.008855675533315788,-0.008855675533315788,-0.008855675533315788,-0.008855675533315788,-0.008855675533315788
2009-07-08,-0.007929515418502175,-0.007929515418502175,-0.007929515418502175,-0.007929515418502175,0.007929515418502175,-0.007929515418502175,-0.007929515418502175,-0.007929515418502175,-0.007929515418502175,-0.007929515418502175,-0.007929515418502175,-0.007929515418502175,0.007929515418502175,0.007929515418502175,0.007929515418502175,0.007929515418502175
2009-07-09,0.021347279784224682,0.021347279784224682,0.021347279784224682,0.021347279784224682,-0.021347279784224682,0.021347279784224682,0.021347279784224682,0.021347279784224682,0.021347279784224682,0.021347279784224682,0.021347279784224682,0.021347279784224682,-0.021347279784224682,-0.021347279784224682,-0.021347279784224682,-0.021347279784224682
2009-07-10,0.023702940323983235,0.023702940323983235,0.023702940323983235,0.023702940323983235,-0.023702940323983235,0.023702940323983235,0.023702940323983235,0.023702940323983235,0.023702940323983235,0.023702940323983235,0.023702940323983235,0.023702940323983235,-0.023702940323983235,-0.023702940323983235,-0.023702940323983235,-0.023702940323983235
2009-07-13,0.042753326831723726,0.042753326831723726,0.042753326831723726,0.042753326831723726,-0.042753326831723726,0.042753326831723726,0.042753326831723726,0.042753326831723726,0.042753326831723726,0.042753326831723726,0.042753326831723726,0.042753326831723726,-0.042753326831723726,-0.042753326831723726,-0.042753326831723726,-0.042753326831723726
2009-07-14,-0.0,-0.0,-0.0,-0.0,-0.0018101731732336201,0.0018101731732336201,0.0018101731732336201,0.0018101731732336201,0.0018101731732336201,0.0018101731732336201,0.0018101731732336201,0.0018101731732336201,-0.0018101731732336201,-0.0018101731732336201,-0.0018101731732336201,-0.0018101731732336201
2009-07-15,-0.00810094561223873,-0.00810094561223873,-0.00810094561223873,-0.00810094561223873,0.00810094561223873,-0.00810094561223873,-0.0,-0.0,-0.0,-0.0,-0.0,-0.0,-0.00810094561223873,-0.00810094561223873,-0.00810094561223873,-0.00810094561223873
2009-07-16,-0.04005974607916363,-0.04005974607916363,-0.04005974607916363,-0.04005974607916363,-0.04005974607916363,0.04005974607916363,0.04005974607916363,0.04005974607916363,-0.0,-0.0,-0.0,-0.0,-0.04005974607916363,-0.04005974607916363,-0.04005974607916363,-0.04005974607916363
2009-07-17,0.012666590073529438,0.012666590073529438,0.012666590073529438,0.012666590073529438,-0.012666590073529438,0.012666590073529438,0.0,0.0,0.012666590073529438,0.012666590073529438,0.012666590073529438,0.012666590073529438,0.012666590073529438,0.012666590073529438,0.012666590073529438,0.012666590073529438
2009-07-20,0.0015127272727272212,0.0015127272727272212,0.0015127272727272212,0.0015127272727272212,-0.0015127272727272212,0.0015127272727272212,0.0015127272727272212,0.0015127272727272212,0.0015127272727272212,0.0015127272727272212,0.0015127272727272212,0.0015127272727272212,0.0015127272727272212,0.0015127272727272212,0.0015127272727272212,0.0015127272727272212
2009-07-21,-0.00754596043469391,-0.00754596043469391,-0.00754596043469391,-0.00754596043469391,0.00754596043469391,-0.00754596043469391,-0.00754596043469391,-0.00754596043469391,-0.00754596043469391,-0.00754596043469391,-0.00754596043469391,-0.00754596043469391,-0.00754596043469391,-0.00754596043469391,-0.00754596043469391,-0.00754596043469391
2009-07-22,0.0004915852177433955,0.0004915852177433955,0.0004915852177433955,0.0004915852177433955,-0.0004915852177433955,0.0004915852177433955,0.0004915852177433955,0.0004915852177433955,0.0004915852177433955,0.0004915852177433955,0.0004915852177433955,0.0004915852177433955,0.0004915852177433955,0.0004915852177433955,0.0004915852177433955,0.0004915852177433955
2009-07-23,0.0032402719513957567,0.0032402719513957567,0.0032402719513957567,0.0032402719513957567,-0.0032402719513957567,0.0032402719513957567,0.0032402719513957567,0.0032402719513957567,0.0032402719513957567,0.0032402719513957567,0.0032402719513957567,0.0032402719513957567,0.0032402719513957567,0.0032402719513957567,0.0032402719513957567,0.0032402719513957567
2009-07-24,0.03944504107044389,0.03944504107044389,0.03944504107044389,0.03944504107044389,-0.03944504107044389,0.03944504107044389,0.03944504107044389,0.03944504107044389,0.0,0.0,0.0,0.0,0.03944504107044389,0.03944504107044389,0.03944504107044389,0.03944504107044389
2009-07-27,-0.027195261981023733,-0.027195261981023733,0.0,0.0,-0.027195261981023733,0.027195261981023733,0.027195261981023733,0.027195261981023733,0.027195261981023733,0.027195261981023733,0.027195261981023733,0.0,0.027195261981023733,0.027195261981023733,0.027195261981023733,0.027195261981023733
2009-07-28,0.025253152761383957,0.025253152761383957,0.025253152761383957,0.025253152761383957,0.025253152761383957,-0.025253152761383957,-0.025253152761383957,-0.025253152761383957,0.025253152761383957,0.025253152761383957,0.025253152761383957,0.025253152761383957,-0.025253152761383957,-0.025253152761383957,-0.025253152761383957,-0.025253152761383957
2009-07-29,0.041445753930984486,0.041445753930984486,0.041445753930984486,0.041445753930984486,-0.041445753930984486,0.041445753930984486,0.041445753930984486,0.041445753930984486,0.041445753930984486,0.041445753930984486,0.041445753930984486,-0.0,-0.041445753930984486,-0.041445753930984486,-0.041445753930984486,-0.041445753930984486
2009-07-30,0.0251636363636365,0.0251636363636365,0.0251636363636365,0.0251636363636365,-0.0251636363636365,-0.0,-0.0,-0.0,0.0251636363636365,0.0251636363636365,0.0251636363636365,0.0251636363636365,-0.0251636363636365,-0.0251636363636365,-0.0251636363636365,-0.0251636363636365
2009-07-31,0.010357548240635506,-0.0,-0.0,-0.0,0.010357548240635506,-0.010357548240635506,-0.010357548240635506,-0.010357548240635506,-0.010357548240635506,-0.010357548240635506,-0.010357548240635506,-0.010357548240635506,-0.010357548240635506,-0.010357548240635506,-0.010357548240635506,-0.010357548240635506
2009-08-03,0.005139727566353058,0.005139727566353058,0.005139727566353058,0.005139727566353058,-0.005139727566353058,0.005139727566353058,0.0,0.0,0.005139727566353058,0.005139727566353058,0.005139727566353058,0.005139727566353058,0.005139727566353058,0.005139727566353058,0.005139727566353058,0.005139727566353058
2009-08-04,0.0009880864999152195,0.0009880864999152195,0.0009880864999152195,0.0009880864999152195,-0.0009880864999152195,0.0009880864999152195,0.0009880864999152195,0.0009880864999152195,0.0009880864999152195,0.0009880864999152195,0.0009880864999152195,0.0009880864999152195,0.0009880864999152195,0.0009880864999152195,0.0009880864999152195,0.0009880864999152195
2009-08-05,0.022013733857066287,0.022013733857066287,0.022013733857066287,0.022013733857066287,-0.022013733857066287,0.022013733857066287,0.022013733857066287,0.022013733857066287,0.022013733857066287,0.022013733857066287,0.022013733857066287,0.022013733857066287,0.022013733857066287,0.022013733857066287,0.022013733857066287,0.022013733857066287
2009-08-06,0.021497919556171974,0.021497919556171974,0.021497919556171974,0.021497919556171974,-0.021497919556171974,0.021497919556171974,0.021497919556171974,0.021497919556171974,0.021497919556171974,0.021497919556171974,0.021497919556171974,0.021497919556171974,0.021497919556171974,0.021497919556171974,0.021497919556171974,0.021497919556171974
2009-08-07,0.017127332860855105,0.0,0.0,0.0,-0.0,0.0,0.0,0.0,0.017127332860855105,0.017127332860855105,0.017127332860855105,0.017127332860855105,0.017127332860855105,0.017127332860855105,0.017127332860855105,0.017127332860855105
2009-08-10,0.00703040499939922,0.00703040499939922,0.00703040499939922,0.00703040499939922,-0.00703040499939922,0.00703040499939922,0.00703040499939922,-0.0,-0.00703040499939922,-0.00703040499939922,-0.00703040499939922,-0.00703040499939922,-0.00703040499939922,-0.00703040499939922,-0.00703040499939922,-0.00703040499939922
2009-08-11,0.02941702965570725,0.02941702965570725,0.02941702965570725,0.02941702965570725,0.02941702965570725,-0.0,-0.0,-0.0,-0.02941702965570725,-0.02941702965570725,-0.02941702965570725,-0.02941702965570725,-0.02941702965570725,-0.02941702965570725,-0.02941702965570725,-0.02941702965570725
2009-08-12,-0.017041502434500422,-0.017041502434500422,-0.017041502434500422,-0.017041502434500422,-0.017041502434500422,0.017041502434500422,0.017041502434500422,0.017041502434500422,0.017041502434500422,0.017041502434500422,0.0,0.0,0.017041502434500422,0.017041502434500422,0.017041502434500422,0.017041502434500422
2009-08-13,-0.048236820379761625,-0.048236820379761625,-0.048236820379761625,-0.048236820379761625,-0.048236820379761625,0.048236820379761625,0.048236820379761625,0.048236820379761625,0.048236820379761625,0.048236820379761625,0.048236820379761625,0.048236820379761625,0.048236820379761625,0.048236820379761625,0.048236820379761625,0.048236820379761625
2009-08-14,0.015830235439900697,0.015830235439900697,0.015830235439900697,-0.0,-0.015830235439900697,0.015830235439900697,-0.0,-0.0,-0.015830235439900697,-0.015830235439900697,-0.0,-0.0,0.015830235439900697,0.015830235439900697,0.015830235439900697,0.015830235439900697
2009-08-17,0.008447439846299254,0.008447439846299254,0.008447439846299254,0.008447439846299254,-0.008447439846299254,0.008447439846299254,0.008447439846299254,0.008447439846299254,0.008447439846299254,0.008447439846299254,0.008447439846299254,0.008447439846299254,0.008447439846299254,0.008447439846299254,0.008447439846299254,0.008447439846299254
2009-08-18,0.010735454215555995,0.010735454215555995,-0.0,-0.0,-0.010735454215555995,0.010735454215555995,0.010735454215555995,0.010735454215555995,0.010735454215555995,0.010735454215555995,0.010735454215555995,0.010735454215555995,0.010735454215555995,0.010735454215555995,0.010735454215555995,0.010735454215555995
2009-08-19,0.018101307482871087,0.018101307482871087,-0.0,-0.0,-0.018101307482871087,0.018101307482871087,0.018101307482871087,0.018101307482871087,0.018101307482871087,0.018101307482871087,0.018101307482871087,0.018101307482871087,0.018101307482871087,0.018101307482871087,0.018101307482871087,0.018101307482871087
2009-08-20,-0.010168096861408182,-0.010168096861408182,-0.010168096861408182,-0.010168096861408182,0.010168096861408182,-0.010168096861408182,-0.010168096861408182,-0.010168096861408182,-0.010168096861408182,-0.010168096861408182,-0.010168096861408182,-0.010168096861408182,-0.010168096861408182,-0.010168096861408182,-0.010168096861408182,-0.010168096861408182
2009-08-21,-0.0,-0.0,-0.0,-0.0,-0.008223977198503762,0.008223977198503762,0.008223977198503762,-0.0,0.008223977198503762,0.008223977198503762,0.008223977198503762,-0.0,0.008223977198503762,0.008223977198503762,0.008223977198503762,0.008223977198503762
2009-08-24,0.010453782502429565,0.010453782502429565,0.010453782502429565,0.010453782502429565,0.010453782502429565,0.0,0.0,0.0,-0.010453782502429565,-0.010453782502429565,-0.010453782502429565,-0.010453782502429565,-0.010453782502429565,-0.010453782502429565,-0.010453782502429565,-0.010453782502429565
2009-08-25,-0.019581002261635616,-0.019581002261635616,-0.019581002261635616,-0.019581002261635616,0.019581002261635616,-0.019581002261635616,-0.019581002261635616,-0.019581002261635616,-0.019581002261635616,-0.019581002261635616,-0.019581002261635616,-0.019581002261635616,0.019581002261635616,0.019581002261635616,0.019581002261635616,0.019581002261635616
2009-08-26,-0.01491448251707439,-0.01491448251707439,-0.01491448251707439,-0.0,0.0,-0.0,-0.0,-0.0,-0.01491448251707439,-0.01491448251707439,-0.01491448251707439,-0.01491448251707439,0.01491448251707439,0.01491448251707439,0.01491448251707439,0.01491448251707439
2009-08-27,0.016938429241078024,0.016938429241078024,0.016938429241078024,0.016938429241078024,0.016938429241078024,0.0,0.0,0.0,0.016938429241078024,0.016938429241078024,0.016938429241078024,0.016938429241078024,-0.016938429241078024,-0.016938429241078024,-0.016938429241078024,-0.016938429241078024
2009-08-28,0.02100397846945934,0.02100397846945934,0.02100397846945934,0.02100397846945934,-0.02100397846945934,0.02100397846945934,0.02100397846945934,0.02100397846945934,0.02100397846945934,0.02100397846945934,0.0,0.0,-0.02100397846945934,-0.02100397846945934,-0.02100397846945934,-0.02100397846945934
2009-08-31,-0.09851789876292338,-0.09851789876292338,-0.0,-0.0,0.09851789876292338,-0.09851789876292338,-0.09851789876292338,-0.09851789876292338,0.09851789876292338,0.09851789876292338,0.09851789876292338,0.09851789876292338,0.09851789876292338,0.09851789876292338,0.09851789876292338,0.09851789876292338
2009-09-01,0.05249843592742698,0.05249843592742698,-0.0,-0.0,0.05249843592742698,-0.05249843592742698,-0.05249843592742698,-0.05249843592742698,0.05249843592742698,0.05249843592742698,0.05249843592742698,0.05249843592742698,0.05249843592742698,0.05249843592742698,0.05249843592742698,0.05249843592742698
2009-09-02,-0.007727495929496175,-0.007727495929496175,-0.007727495929496175,-0.007727495929496175,0.007727495929496175,-0.007727495929496175,-0.007727495929496175,-0.007727495929496175,-0.007727495929496175,-0.007727495929496175,-0.007727495929496175,-0.007727495929496175,-0.007727495929496175,-0.007727495929496175,-0.007727495929496175,-0.007727495929496175
2009-09-03,-0.0025389823553549906,-0.0025389823553549906,-0.0025389823553549906,-0.0025389823553549906,0.0025389823553549906,-0.0025389823553549906,-0.0025389823553549906,-0.0025389823553549906,-0.0025389823553549906,-0.0025389823553549906,-0.0025389823553549906,-0.0025389823553549906,-0.0025389823553549906,-0.0025389823553549906,-0.0025389823553549906,-0.0025389823553549906
2009-09-04,0.025862730551789448,0.025862730551789448,0.025862730551789448,0.025862730551789448,-0.025862730551789448,0.025862730551789448,0.025862730551789448,0.025862730551789448,0.025862730551789448,0.025862730551789448,0.025862730551789448,0.025862730551789448,0.025862730551789448,0.025862730551789448,0.025862730551789448,0.025862730551789448
2009-09-08,-0.03474264705882346,-0.03474264705882346,-0.03474264705882346,-0.03474264705882346,0.03474264705882346,-0.03474264705882346,-0.03474264705882346,-0.03474264705882346,-0.03474264705882346,-0.03474264705882346,-0.03474264705882346,-0.03474264705882346,-0.03474264705882346,-0.03474264705882346,-0.03474264705882346,-0.03474264705882346
2009-09-09,-0.013070070806791456,-0.013070070806791456,-0.013070070806791456,-0.013070070806791456,0.013070070806791456,-0.013070070806791456,-0.013070070806791456,-0.013070070806791456,-0.013070070806791456,-0.013070070806791456,-0.013070070806791456,-0.013070070806791456,-0.013070070806791456,-0.013070070806791456,-0.013070070806791456,-0.013070070806791456
2009-09-10,0.01593266195701193,0.01593266195701193,0.01593266195701193,0.01593266195701193,-0.01593266195701193,0.01593266195701193,0.01593266195701193,0.01593266195701193,0.01593266195701193,0.01593266195701193,0.01593266195701193,0.01593266195701193,0.01593266195701193,0.01593266195701193,0.01593266195701193,0.01593266195701193
2009-09-11,-0.0323812433175501,-0.0323812433175501,-0.0323812433175501,-0.0323812433175501,0.0323812433175501,-0.0323812433175501,-0.0323812433175501,-0.0323812433175501,-0.0323812433175501,-0.0323812433175501,-0.0323812433175501,-0.0323812433175501,-0.0323812433175501,-0.0323812433175501,-0.0323812433175501,-0.0323812433175501
2009-09-14,-0.023672140849237966,-0.0,-0.0,-0.0,0.023672140849237966,-0.023672140849237966,-0.023672140849237966,-0.023672140849237966,-0.023672140849237966,-0.023672140849237966,-0.023672140849237966,-0.023672140849237966,-0.023672140849237966,-0.023672140849237966,-0.023672140849237966,-0.023672140849237966
2009-09-15,0.02478681890446599,0.02478681890446599,0.02478681890446599,0.02478681890446599,-0.02478681890446599,0.02478681890446599,0.02478681890446599,0.02478681890446599,0.02478681890446599,0.02478681890446599,0.02478681890446599,0.02478681890446599,0.02478681890446599,0.02478681890446599,0.02478681890446599,0.02478681890446599
2009-09-16,0.01817957268123993,0.01817957268123993,0.01817957268123993,0.01817957268123993,-0.01817957268123993,0.01817957268123993,0.01817957268123993,0.01817957268123993,0.01817957268123993,0.01817957268123993,0.01817957268123993,0.01817957268123993,0.01817957268123993,0.01817957268123993,0.01817957268123993,0.01817957268123993
2009-09-17,0.017207980074970597,0.017207980074970597,0.017207980074970597,0.017207980074970597,-0.017207980074970597,0.017207980074970597,0.017207980074970597,0.017207980074970597,0.017207980074970597,0.017207980074970597,0.017207980074970597,0.017207980074970597,0.017207980074970597,0.017207980074970597,0.017207980074970597,0.017207980074970597
2009-09-18,-0.0,-0.0,-0.0,-0.0,0.024804812492000616,-0.024804812492000616,-0.024804812492000616,-0.024804812492000616,-0.024804812492000616,-0.024804812492000616,-0.024804812492000616,-0.024804812492000616,-0.024804812492000616,-0.024804812492000616,-0.024804812492000616,-0.024804812492000616
2009-09-21,-0.031548184043562966,0.0,0.0,0.0,-0.0,0.0,0.0,0.0,0.031548184043562966,0.031548184043562966,0.031548184043562966,0.031548184043562966,0.031548184043562966,0.031548184043562966,0.031548184043562966,0.031548184043562966
2009-09-22,-0.024115962962007798,-0.024115962962007798,0.0,0.0,-0.024115962962007798,0.024115962962007798,0.024115962962007798,0.024115962962007798,0.024115962962007798,0.024115962962007798,0.024115962962007798,0.024115962962007798,0.024115962962007798,0.024115962962007798,0.024115962962007798,0.024115962962007798
2009-09-23,-0.013267787292525535,-0.013267787292525535,-0.013267787292525535,-0.013267787292525535,-0.013267787292525535,0.013267787292525535,0.013267787292525535,0.0,0.013267787292525535,0.013267787292525535,0.013267787292525535,0.013267787292525535,0.013267787292525535,0.013267787292525535,0.013267787292525535,0.013267787292525535
2009-09-24,-0.0016071141586757598,-0.0016071141586757598,-0.0016071141586757598,-0.0016071141586757598,0.0016071141586757598,-0.0016071141586757598,-0.0016071141586757598,-0.0016071141586757598,0.0016071141586757598,0.0016071141586757598,0.0016071141586757598,0.0016071141586757598,0.0016071141586757598,0.0016071141586757598,0.0016071141586757598,0.0016071141586757598
2009-09-25,0.032274507699737054,0.032274507699737054,0.032274507699737054,0.032274507699737054,-0.032274507699737054,0.032274507699737054,0.032274507699737054,0.032274507699737054,-0.032274507699737054,-0.032274507699737054,-0.032274507699737054,-0.032274507699737054,-0.032274507699737054,-0.032274507699737054,-0.032274507699737054,-0.032274507699737054
2009-09-28,0.017075135795410423,0.017075135795410423,0.017075135795410423,0.017075135795410423,-0.017075135795410423,0.017075135795410423,0.017075135795410423,0.017075135795410423,-0.017075135795410423,-0.017075135795410423,-0.017075135795410423,-0.017075135795410423,-0.017075135795410423,-0.017075135795410423,-0.017075135795410423,-0.017075135795410423
2009-09-29,-0.048653344917463204,-0.048653344917463204,-0.048653344917463204,-0.048653344917463204,0.048653344917463204,-0.048653344917463204,-0.048653344917463204,-0.048653344917463204,0.048653344917463204,0.048653344917463204,0.048653344917463204,0.048653344917463204,0.048653344917463204,0.048653344917463204,0.048653344917463204,0.048653344917463204
2009-09-30,0.0037066881547138664,0.0,0.0,0.0,0.0037066881547138664,-0.0037066881547138664,-0.0037066881547138664,-0.0037066881547138664,0.0037066881547138664,0.0037066881547138664,0.0037066881547138664,0.0037066881547138664,0.0037066881547138664,0.0037066881547138664,0.0037066881547138664,0.0037066881547138664
2009-10-01,0.039442467378410395,0.039442467378410395,0.039442467378410395,-0.0,0.039442467378410395,0.039442467378410395,0.039442467378410395,0.039442467378410395,-0.039442467378410395,-0.039442467378410395,-0.0,-0.0,-0.039442467378410395,-0.039442467378410395,-0.039442467378410395,-0.039442467378410395
2009-10-02,0.0664245882505512,-0.0,-0.0,-0.0,0.0664245882505512,0.0664245882505512,0.0664245882505512,0.0664245882505512,0.0664245882505512,0.0664245882505512,0.0664245882505512,0.0664245882505512,-0.0664245882505512,-0.0664245882505512,-0.0664245882505512,-0.0664245882505512
2009-10-05,-0.009898822842689059,-0.009898822842689059,-0.009898822842689059,-0.009898822842689059,0.009898822842689059,0.009898822842689059,-0.0,-0.0,0.009898822842689059,0.009898822842689059,-0.0,-0.0,-0.009898822842689059,-0.009898822842689059,-0.009898822842689059,-0.009898822842689059
2009-10-06,-0.013342003227126975,-0.013342003227126975,-0.013342003227126975,-0.013342003227126975,-0.013342003227126975,-0.013342003227126975,-0.013342003227126975,-0.013342003227126975,-0.013342003227126975,-0.013342003227126975,-0.013342003227126975,-0.013342003227126975,-0.013342003227126975,-0.013342003227126975,-0.013342003227126975,-0.013342003227126975
2009-10-07,0.005965254176866219,0.005965254176866219,0.005965254176866219,0.005965254176866219,0.005965254176866219,0.005965254176866219,0.005965254176866219,0.005965254176866219,0.005965254176866219,0.005965254176866219,0.005965254176866219,0.005965254176866219,0.005965254176866219,0.005965254176866219,0.005965254176866219,0.005965254176866219
2009-10-08,0.0016496915794004252,0.0016496915794004252,0.0016496915794004252,0.0016496915794004252,0.0016496915794004252,0.0016496915794004252,0.0016496915794004252,0.0016496915794004252,0.0016496915794004252,0.0016496915794004252,0.0016496915794004252,0.0016496915794004252,0.0016496915794004252,0.0016496915794004252,0.0016496915794004252,0.0016496915794004252
2009-10-09,-0.019278204851881142,-0.019278204851881142,-0.019278204851881142,-0.019278204851881142,-0.019278204851881142,-0.019278204851881142,-0.019278204851881142,-0.019278204851881142,-0.019278204851881142,-0.019278204851881142,-0.019278204851881142,-0.019278204851881142,-0.019278204851881142,-0.019278204851881142,-0.019278204851881142,-0.019278204851881142
2009-10-12,0.0012217470983506562,0.0012217470983506562,0.0012217470983506562,0.0012217470983506562,0.0012217470983506562,0.0012217470983506562,0.0012217470983506562,0.0012217470983506562,0.0012217470983506562,0.0012217470983506562,0.0012217470983506562,0.0012217470983506562,0.0012217470983506562,0.0012217470983506562,0.0012217470983506562,0.0012217470983506562
2009-10-13,0.019971771347918055,0.019971771347918055,0.019971771347918055,0.019971771347918055,0.019971771347918055,0.019971771347918055,0.019971771347918055,0.019971771347918055,0.019971771347918055,0.019971771347918055,0.019971771347918055,0.019971771347918055,0.019971771347918055,0.019971771347918055,0.019971771347918055,0.019971771347918055
2009-10-14,-0.002928398262163734,-0.002928398262163734,-0.002928398262163734,-0.002928398262163734,-0.002928398262163734,-0.002928398262163734,-0.002928398262163734,-0.002928398262163734,-0.002928398262163734,-0.002928398262163734,-0.002928398262163734,-0.002928398262163734,-0.002928398262163734,-0.002928398262163734,-0.002928398262163734,-0.002928398262163734
2009-10-15,0.005384965177225309,-0.0,-0.0,-0.0,-0.005384965177225309,-0.005384965177225309,-0.005384965177225309,-0.005384965177225309,-0.005384965177225309,-0.005384965177225309,-0.005384965177225309,-0.005384965177225309,-0.005384965177225309,-0.005384965177225309,-0.005384965177225309,-0.005384965177225309
2009-10-16,0.0,0.0,0.0,0.0,0.02192439535326607,0.02192439535326607,0.02192439535326607,0.02192439535326607,0.02192439535326607,0.02192439535326607,0.02192439535326607,0.02192439535326607,0.02192439535326607,0.02192439535326607,0.02192439535326607,0.02192439535326607
2009-10-19,0.002239151069681533,0.0,0.0,0.0,0.002239151069681533,0.002239151069681533,0.002239151069681533,0.002239151069681533,0.002239151069681533,0.002239151069681533,0.002239151069681533,0.002239151069681533,0.002239151069681533,0.002239151069681533,0.002239151069681533,0.002239151069681533
2009-10-20,-0.007391145261617216,-0.007391145261617216,-0.007391145261617216,-0.007391145261617216,0.0,0.0,0.0,0.0,0.007391145261617216,0.007391145261617216,0.007391145261617216,0.007391145261617216,0.007391145261617216,0.007391145261617216,0.007391145261617216,0.007391145261617216
2009-10-21,-0.008281726137815859,-0.008281726137815859,-0.008281726137815859,-0.008281726137815859,-0.008281726137815859,-0.008281726137815859,0.0,0.0,0.008281726137815859,0.008281726137815859,0.008281726137815859,0.008281726137815859,0.008281726137815859,0.008281726137815859,0.008281726137815859,0.008281726137815859
2009-10-22,-0.04289431297237012,-0.04289431297237012,-0.04289431297237012,-0.04289431297237012,-0.04289431297237012,-0.04289431297237012,-0.04289431297237012,-0.04289431297237012,0.04289431297237012,0.04289431297237012,0.04289431297237012,0.04289431297237012,0.04289431297237012,0.04289431297237012,0.04289431297237012,0.04289431297237012
2009-10-23,-0.009631317315658694,-0.009631317315658694,-0.009631317315658694,-0.009631317315658694,-0.009631317315658694,-0.009631317315658694,-0.009631317315658694,-0.009631317315658694,0.009631317315658694,0.009631317315658694,0.009631317315658694,0.009631317315658694,0.009631317315658694,0.009631317315658694,0.009631317315658694,0.009631317315658694
2009-10-26,-0.05612778416814823,-0.05612778416814823,-0.05612778416814823,-0.05612778416814823,-0.05612778416814823,-0.05612778416814823,-0.05612778416814823,-0.05612778416814823,0.05612778416814823,0.05612778416814823,0.05612778416814823,0.05612778416814823,0.05612778416814823,0.05612778416814823,0.05612778416814823,0.05612778416814823
2009-10-27,0.049633014817892285,0.049633014817892285,0.049633014817892285,0.049633014817892285,0.049633014817892285,0.049633014817892285,0.049633014817892285,0.049633014817892285,0.049633014817892285,-0.0,-0.0,-0.0,-0.049633014817892285,-0.049633014817892285,-0.049633014817892285,-0.049633014817892285
2009-10-28,-0.031743937514842724,-0.031743937514842724,-0.031743937514842724,-0.031743937514842724,-0.031743937514842724,-0.031743937514842724,-0.031743937514842724,-0.031743937514842724,-0.031743937514842724,-0.031743937514842724,-0.031743937514842724,-0.031743937514842724,0.031743937514842724,0.031743937514842724,0.0,0.0
2009-10-29,0.01248160462200909,0.01248160462200909,0.01248160462200909,0.01248160462200909,0.01248160462200909,0.01248160462200909,0.01248160462200909,0.01248160462200909,-0.01248160462200909,-0.01248160462200909,-0.01248160462200909,-0.0,-0.01248160462200909,-0.01248160462200909,-0.01248160462200909,-0.01248160462200909
2009-10-30,0.07571597760551252,0.07571597760551252,0.07571597760551252,0.07571597760551252,0.07571597760551252,0.07571597760551252,0.07571597760551252,0.07571597760551252,0.07571597760551252,0.07571597760551252,-0.0,-0.0,-0.07571597760551252,-0.07571597760551252,-0.07571597760551252,-0.07571597760551252
2009-11-02,0.009533341673964468,0.009533341673964468,0.009533341673964468,0.009533341673964468,0.009533341673964468,0.009533341673964468,0.009533341673964468,0.009533341673964468,0.009533341673964468,0.009533341673964468,0.009533341673964468,0.009533341673964468,-0.009533341673964468,-0.009533341673964468,-0.009533341673964468,-0.009533341673964468
2009-11-03,-0.0006444257175433066,-0.0006444257175433066,-0.0006444257175433066,-0.0006444257175433066,0.0006444257175433066,0.0006444257175433066,0.0006444257175433066,0.0006444257175433066,0.0006444257175433066,0.0006444257175433066,0.0006444257175433066,0.0006444257175433066,-0.0006444257175433066,-0.0006444257175433066,-0.0006444257175433066,-0.0006444257175433066
2009-11-04,-0.020781729911820035,-0.020781729911820035,-0.020781729911820035,-0.020781729911820035,0.020781729911820035,0.020781729911820035,0.020781729911820035,-0.0,0.020781729911820035,0.020781729911820035,0.020781729911820035,0.020781729911820035,-0.020781729911820035,-0.020781729911820035,-0.020781729911820035,-0.020781729911820035
2009-11-05,-0.03739292907233516,-0.03739292907233516,-0.03739292907233516,-0.03739292907233516,0.03739292907233516,-0.0,-0.0,-0.0,0.03739292907233516,0.03739292907233516,0.03739292907233516,0.03739292907233516,-0.03739292907233516,-0.03739292907233516,-0.03739292907233516,-0.03739292907233516
2009-11-06,-0.005660553892215425,-0.005660553892215425,-0.005660553892215425,-0.005660553892215425,-0.005660553892215425,-0.005660553892215425,-0.005660553892215425,-0.005660553892215425,0.005660553892215425,0.005660553892215425,-0.0,-0.0,-0.005660553892215425,-0.005660553892215425,-0.005660553892215425,-0.005660553892215425
2009-11-09,-0.004442480346094957,-0.004442480346094957,-0.004442480346094957,-0.004442480346094957,-0.004442480346094957,-0.004442480346094957,-0.004442480346094957,-0.004442480346094957,-0.004442480346094957,-0.004442480346094957,-0.004442480346094957,-0.004442480346094957,-0.004442480346094957,-0.004442480346094957,-0.004442480346094957,-0.004442480346094957
2009-11-10,0.028227393770985376,0.028227393770985376,0.028227393770985376,0.028227393770985376,0.028227393770985376,0.028227393770985376,0.028227393770985376,0.028227393770985376,0.028227393770985376,0.028227393770985376,0.0,0.0,0.028227393770985376,0.028227393770985376,0.028227393770985376,0.028227393770985376
2009-11-11,-0.027188676547681423,-0.027188676547681423,-0.027188676547681423,-0.027188676547681423,-0.027188676547681423,-0.027188676547681423,-0.027188676547681423,-0.027188676547681423,-0.027188676547681423,-0.027188676547681423,-0.027188676547681423,-0.0,-0.027188676547681423,-0.027188676547681423,-0.027188676547681423,-0.027188676547681423
2009-11-12,-0.030319901640105007,-0.030319901640105007,-0.030319901640105007,-0.030319901640105007,-0.030319901640105007,-0.030319901640105007,-0.030319901640105007,-0.030319901640105007,-0.030319901640105007,-0.0,-0.0,-0.0,-0.030319901640105007,-0.030319901640105007,-0.030319901640105007,-0.030319901640105007
2009-11-13,-0.004480569189895034,-0.004480569189895034,-0.004480569189895034,-0.004480569189895034,-0.004480569189895034,-0.004480569189895034,-0.004480569189895034,-0.004480569189895034,-0.004480569189895034,-0.004480569189895034,-0.004480569189895034,-0.004480569189895034,-0.004480569189895034,-0.004480569189895034,-0.004480569189895034,-0.004480569189895034
2009-11-16,0.01125232555533151,0.01125232555533151,0.01125232555533151,0.01125232555533151,0.01125232555533151,0.01125232555533151,0.01125232555533151,0.01125232555533151,0.01125232555533151,0.01125232555533151,0.01125232555533151,0.01125232555533151,0.01125232555533151,0.01125232555533151,0.01125232555533151,0.01125232555533151
2009-11-17,-0.0031284713563510813,-0.0031284713563510813,-0.0031284713563510813,-0.0031284713563510813,-0.0031284713563510813,-0.0031284713563510813,-0.0031284713563510813,-0.0031284713563510813,-0.0031284713563510813,-0.0031284713563510813,-0.0031284713563510813,-0.0031284713563510813,-0.0031284713563510813,-0.0031284713563510813,-0.0031284713563510813,-0.0031284713563510813
2009-11-18,0.006644217948428288,0.006644217948428288,0.006644217948428288,0.006644217948428288,0.006644217948428288,0.006644217948428288,0.006644217948428288,0.006644217948428288,0.006644217948428288,0.006644217948428288,0.006644217948428288,0.006644217948428288,0.006644217948428288,0.006644217948428288,0.006644217948428288,0.006644217948428288
2009-11-19,-0.017517916050506344,-0.017517916050506344,-0.017517916050506344,-0.017517916050506344,-0.017517916050506344,-0.017517916050506344,-0.017517916050506344,-0.017517916050506344,-0.017517916050506344,-0.017517916050506344,-0.017517916050506344,-0.017517916050506344,-0.017517916050506344,-0.017517916050506344,-0.017517916050506344,-0.017517916050506344
2009-11-20,0.005030743432084983,0.005030743432084983,0.005030743432084983,0.0,0.005030743432084983,0.005030743432084983,0.005030743432084983,0.005030743432084983,0.005030743432084983,0.005030743432084983,0.005030743432084983,0.005030743432084983,0.005030743432084983,0.005030743432084983,0.005030743432084983,0.005030743432084983
2009-11-23,-0.028000000000000025,-0.0,-0.0,-0.0,-0.028000000000000025,-0.028000000000000025,-0.028000000000000025,-0.028000000000000025,-0.028000000000000025,-0.028000000000000025,-0.028000000000000025,-0.028000000000000025,-0.028000000000000025,-0.028000000000000025,-0.028000000000000025,-0.028000000000000025
2009-11-24,0.0,0.0,0.0,0.0,0.03956630087876545,0.03956630087876545,0.03956630087876545,0.03956630087876545,0.03956630087876545,0.03956630087876545,0.03956630087876545,0.03956630087876545,0.03956630087876545,0.03956630087876545,0.03956630087876545,0.03956630087876545
2009-11-25,-0.006145302257829721,-0.006145302257829721,-0.006145302257829721,-0.006145302257829721,-0.006145302257829721,-0.006145302257829721,-0.006145302257829721,-0.006145302257829721,-0.006145302257829721,-0.006145302257829721,-0.006145302257829721,-0.006145302257829721,-0.006145302257829721,-0.006145302257829721,-0.006145302257829721,-0.006145302257829721
2009-11-27,0.05069447586300502,-0.0,-0.0,-0.0,-0.05069447586300502,-0.05069447586300502,-0.05069447586300502,-0.05069447586300502,-0.05069447586300502,-0.05069447586300502,-0.05069447586300502,-0.05069447586300502,-0.05069447586300502,-0.05069447586300502,-0.05069447586300502,-0.05069447586300502
2009-11-30,-0.020884018343488187,-0.0,-0.0,-0.0,-0.020884018343488187,-0.020884018343488187,-0.020884018343488187,-0.020884018343488187,-0.020884018343488187,-0.020884018343488187,-0.020884018343488187,-0.020884018343488187,-0.020884018343488187,-0.020884018343488187,-0.020884018343488187,-0.020884018343488187
2009-12-01,0.024653605247063393,0.024653605247063393,0.024653605247063393,0.024653605247063393,0.024653605247063393,0.024653605247063393,0.024653605247063393,0.024653605247063393,0.024653605247063393,0.024653605247063393,0.024653605247063393,0.024653605247063393,0.024653605247063393,0.024653605247063393,0.024653605247063393,0.024653605247063393
2009-12-02,0.05146168482961411,0.05146168482961411,0.05146168482961411,0.05146168482961411,0.05146168482961411,0.05146168482961411,0.05146168482961411,0.05146168482961411,0.05146168482961411,0.05146168482961411,0.05146168482961411,0.05146168482961411,0.05146168482961411,0.05146168482961411,0.05146168482961411,0.05146168482961411
2009-12-03,0.01892039755630537,0.01892039755630537,0.0,0.0,0.01892039755630537,0.01892039755630537,0.01892039755630537,0.01892039755630537,0.01892039755630537,0.01892039755630537,0.01892039755630537,0.01892039755630537,0.01892039755630537,0.01892039755630537,0.01892039755630537,0.01892039755630537
2009-12-04,0.0,0.0,0.0,0.0,-0.040220270458664276,0.0,0.0,0.0,0.040220270458664276,0.040220270458664276,0.040220270458664276,0.040220270458664276,0.040220270458664276,0.040220270458664276,0.040220270458664276,0.040220270458664276
2009-12-07,0.023240612971167085,0.023240612971167085,0.023240612971167085,0.023240612971167085,0.023240612971167085,0.023240612971167085,0.023240612971167085,0.023240612971167085,-0.023240612971167085,-0.023240612971167085,-0.023240612971167085,-0.023240612971167085,-0.023240612971167085,-0.023240612971167085,-0.023240612971167085,-0.023240612971167085
2009-12-08,-0.0024605484183880533,-0.0024605484183880533,-0.0024605484183880533,-0.0024605484183880533,-0.0024605484183880533,-0.0024605484183880533,-0.0024605484183880533,-0.0024605484183880533,-0.0024605484183880533,-0.0024605484183880533,-0.0024605484183880533,-0.0024605484183880533,0.0024605484183880533,0.0024605484183880533,0.0024605484183880533,0.0024605484183880533
2009-12-09,-0.019282309133600406,-0.019282309133600406,-0.019282309133600406,-0.019282309133600406,-0.019282309133600406,-0.019282309133600406,-0.019282309133600406,-0.019282309133600406,-0.019282309133600406,-0.019282309133600406,-0.019282309133600406,0.0,0.019282309133600406,0.019282309133600406,0.019282309133600406,0.019282309133600406
2009-12-10,0.014220072551390572,0.014220072551390572,0.014220072551390572,0.014220072551390572,0.014220072551390572,0.014220072551390572,0.014220072551390572,0.014220072551390572,0.014220072551390572,0.014220072551390572,0.014220072551390572,0.014220072551390572,-0.014220072551390572,-0.014220072551390572,-0.014220072551390572,-0.0
2009-12-11,-0.020411083027326082,-0.020411083027326082,-0.020411083027326082,-0.020411083027326082,-0.020411083027326082,-0.020411083027326082,-0.020411083027326082,-0.020411083027326082,-0.020411083027326082,-0.020411083027326082,0.0,0.0,0.020411083027326082,0.020411083027326082,0.020411083027326082,0.020411083027326082
2009-12-14,0.014312837739155926,0.014312837739155926,0.014312837739155926,0.014312837739155926,0.014312837739155926,0.014312837739155926,0.014312837739155926,0.014312837739155926,0.014312837739155926,0.014312837739155926,0.014312837739155926,0.014312837739155926,-0.014312837739155926,-0.014312837739155926,-0.014312837739155926,-0.014312837739155926
2009-12-15,-0.06162706983441335,0.0,0.0,0.0,-0.06162706983441335,-0.06162706983441335,-0.06162706983441335,-0.06162706983441335,-0.06162706983441335,-0.06162706983441335,-0.06162706983441335,-0.06162706983441335,0.06162706983441335,0.06162706983441335,0.06162706983441335,0.06162706983441335
2009-12-16,0.02450002557413966,0.02450002557413966,-0.0,-0.0,0.02450002557413966,0.02450002557413966,0.02450002557413966,0.02450002557413966,0.02450002557413966,0.02450002557413966,0.02450002557413966,0.02450002557413966,-0.02450002557413966,-0.02450002557413966,-0.02450002557413966,-0.02450002557413966
2009-12-17,-0.019420868696954696,-0.019420868696954696,-0.019420868696954696,-0.019420868696954696,-0.019420868696954696,-0.019420868696954696,-0.019420868696954696,-0.019420868696954696,-0.019420868696954696,-0.019420868696954696,-0.019420868696954696,-0.019420868696954696,0.019420868696954696,0.0,0.0,0.0
2009-12-18,0.0026220660862481537,0.0026220660862481537,0.0026220660862481537,0.0026220660862481537,0.0026220660862481537,0.0026220660862481537,0.0026220660862481537,0.0026220660862481537,0.0026220660862481537,0.0026220660862481537,0.0026220660862481537,0.0026220660862481537,-0.0026220660862481537,-0.0026220660862481537,-0.0026220660862481537,-0.0026220660862481537
2009-12-21,0.03219499809572168,0.03219499809572168,0.03219499809572168,0.03219499809572168,0.03219499809572168,0.03219499809572168,0.03219499809572168,0.03219499809572168,0.03219499809572168,0.03219499809572168,0.03219499809572168,0.03219499809572168,-0.03219499809572168,-0.03219499809572168,-0.03219499809572168,-0.03219499809572168
2009-12-22,0.003837355176739665,0.003837355176739665,0.003837355176739665,0.003837355176739665,0.003837355176739665,0.003837355176739665,0.003837355176739665,0.003837355176739665,0.003837355176739665,0.003837355176739665,0.003837355176739665,0.003837355176739665,-0.003837355176739665,-0.003837355176739665,-0.003837355176739665,-0.003837355176739665
2009-12-23,-0.004043225759023716,-0.004043225759023716,-0.004043225759023716,-0.004043225759023716,-0.004043225759023716,-0.004043225759023716,-0.004043225759023716,-0.004043225759023716,-0.004043225759023716,-0.004043225759023716,-0.004043225759023716,-0.004043225759023716,0.004043225759023716,0.004043225759023716,0.004043225759023716,0.004043225759023716
2009-12-24,0.01023521306957964,0.01023521306957964,0.01023521306957964,0.01023521306957964,-0.01023521306957964,-0.01023521306957964,-0.01023521306957964,-0.01023521306957964,-0.01023521306957964,-0.01023521306957964,-0.01023521306957964,-0.01023521306957964,0.01023521306957964,0.01023521306957964,0.01023521306957964,0.01023521306957964
2009-12-28,0.010788505518544378,0.010788505518544378,0.0,0.0,-0.010788505518544378,-0.010788505518544378,-0.010788505518544378,0.0,-0.010788505518544378,-0.010788505518544378,-0.010788505518544378,-0.010788505518544378,0.010788505518544378,0.010788505518544378,0.010788505518544378,0.010788505518544378
2009-12-29,-0.007187013117555541,-0.007187013117555541,-0.007187013117555541,-0.007187013117555541,0.007187013117555541,0.007187013117555541,0.007187013117555541,0.007187013117555541,0.007187013117555541,0.007187013117555541,0.007187013117555541,0.007187013117555541,-0.007187013117555541,-0.007187013117555541,-0.007187013117555541,-0.007187013117555541
2009-12-30,-0.033333333333333215,-0.033333333333333215,-0.0,-0.0,0.033333333333333215,0.033333333333333215,0.033333333333333215,0.033333333333333215,0.033333333333333215,0.033333333333333215,0.033333333333333215,0.033333333333333215,-0.033333333333333215,-0.033333333333333215,-0.033333333333333215,-0.033333333333333215
2009-12-31,0.010068572532354603,0.010068572532354603,-0.0,-0.0,0.010068572532354603,0.010068572532354603,0.010068572532354603,0.010068572532354603,0.010068572532354603,0.010068572532354603,0.010068572532354603,0.010068572532354603,0.010068572532354603,0.010068572532354603,0.010068572532354603,0.010068572532354603
2010-01-04,-0.023426481485908424,-0.023426481485908424,-0.0,-0.0,-0.023426481485908424,-0.023426481485908424,-0.023426481485908424,-0.023426481485908424,0.023426481485908424,0.023426481485908424,0.023426481485908424,0.023426481485908424,-0.0,-0.0,-0.0,-0.0
2010-01-05,0.0042510452432672485,0.0042510452432672485,0.0042510452432672485,0.0042510452432672485,0.0042510452432672485,0.0042510452432672485,0.0042510452432672485,0.0042510452432672485,-0.0042510452432672485,-0.0042510452432672485,-0.0042510452432672485,-0.0042510452432672485,-0.0042510452432672485,0.0,0.0,0.0
2010-01-06,-0.01423846496680814,-0.01423846496680814,-0.01423846496680814,-0.01423846496680814,-0.01423846496680814,-0.01423846496680814,-0.01423846496680814,-0.01423846496680814,0.01423846496680814,-0.0,-0.0,-0.0,-0.01423846496680814,-0.01423846496680814,-0.01423846496680814,-0.01423846496680814
2010-01-07,-0.0062213793422452035,-0.0062213793422452035,-0.0062213793422452035,-0.0062213793422452035,-0.0062213793422452035,-0.0062213793422452035,-0.0062213793422452035,-0.0062213793422452035,-0.0062213793422452035,-0.0062213793422452035,-0.0062213793422452035,-0.0062213793422452035,-0.0062213793422452035,-0.0062213793422452035,-0.0062213793422452035,-0.0062213793422452035
2010-01-08,0.03608614705679547,0.03608614705679547,0.03608614705679547,0.03608614705679547,0.03608614705679547,0.03608614705679547,0.03608614705679547,0.03608614705679547,0.03608614705679547,0.03608614705679547,0.03608614705679547,0.03608614705679547,0.03608614705679547,0.03608614705679547,0.03608614705679547,0.0
2010-01-11,-0.010539618952237984,-0.010539618952237984,-0.010539618952237984,-0.010539618952237984,-0.010539618952237984,-0.010539618952237984,-0.010539618952237984,-0.010539618952237984,-0.010539618952237984,-0.010539618952237984,-0.010539618952237984,-0.010539618952237984,-0.010539618952237984,-0.010539618952237984,-0.010539618952237984,-0.010539618952237984
2010-01-12,0.0,0.0,0.0,0.0,0.006347483423393641,0.006347483423393641,0.006347483423393641,0.006347483423393641,0.006347483423393641,0.006347483423393641,0.0,0.0,0.006347483423393641,0.0,0.0,0.0
2010-01-13,-0.023272381857041058,-0.023272381857041058,0.0,0.0,0.023272381857041058,0.023272381857041058,0.023272381857041058,0.023272381857041058,0.023272381857041058,0.023272381857041058,0.0,0.0,0.023272381857041058,0.023272381857041058,0.0,0.0
2010-01-14,0.006953561876975378,0.006953561876975378,-0.0,-0.0,-0.006953561876975378,-0.006953561876975378,-0.006953561876975378,-0.006953561876975378,-0.006953561876975378,-0.006953561876975378,-0.006953561876975378,-0.006953561876975378,-0.0,-0.0,-0.0,-0.0
2010-01-15,-0.04293026849526749,-0.04293026849526749,-0.04293026849526749,-0.04293026849526749,0.04293026849526749,0.04293026849526749,0.04293026849526749,0.04293026849526749,-0.04293026849526749,-0.04293026849526749,0.0,0.0,0.0,0.0,0.0,0.0
2010-01-19,-0.042459256269236634,-0.042459256269236634,-0.042459256269236634,-0.042459256269236634,0.0,0.0,0.0,0.0,0.042459256269236634,0.042459256269236634,0.042459256269236634,0.042459256269236634,0.042459256269236634,0.042459256269236634,0.0,0.0
2010-01-20,0.0013700434725332222,0.0013700434725332222,0.0013700434725332222,0.0013700434725332222,0.0013700434725332222,0.0013700434725332222,0.0013700434725332222,0.0013700434725332222,0.0013700434725332222,0.0013700434725332222,-0.0,-0.0,0.0013700434725332222,0.0013700434725332222,0.0013700434725332222,0.0013700434725332222
2010-01-21,-0.014392085668429422,-0.014392085668429422,-0.014392085668429422,-0.014392085668429422,-0.014392085668429422,-0.014392085668429422,-0.014392085668429422,-0.014392085668429422,-0.014392085668429422,-0.014392085668429422,-0.014392085668429422,-0.014392085668429422,-0.014392085668429422,-0.014392085668429422,-0.014392085668429422,-0.014392085668429422
2010-01-22,-0.002722904431393558,-0.002722904431393558,-0.002722904431393558,-0.002722904431393558,-0.002722904431393558,-0.002722904431393558,-0.002722904431393558,-0.002722904431393558,-0.002722904431393558,-0.002722904431393558,-0.002722904431393558,-0.002722904431393558,-0.002722904431393558,-0.002722904431393558,-0.002722904431393558,0.0
2010-01-25,-0.010493067080678764,-0.010493067080678764,-0.010493067080678764,-0.010493067080678764,-0.010493067080678764,-0.010493067080678764,-0.010493067080678764,-0.010493067080678764,-0.010493067080678764,-0.010493067080678764,-0.010493067080678764,-0.010493067080678764,-0.010493067080678764,-0.010493067080678764,-0.010493067080678764,-0.010493067080678764
2010-01-26,-0.010090353297624755,-0.010090353297624755,-0.010090353297624755,-0.010090353297624755,-0.010090353297624755,-0.010090353297624755,-0.010090353297624755,-0.010090353297624755,-0.010090353297624755,-0.010090353297624755,-0.010090353297624755,-0.010090353297624755,0.010090353297624755,0.010090353297624755,0.010090353297624755,0.010090353297624755
2010-01-27,-0.0348427294837812,-0.0348427294837812,-0.0348427294837812,-0.0348427294837812,-0.0348427294837812,-0.0348427294837812,-0.0348427294837812,-0.0348427294837812,-0.0348427294837812,-0.0348427294837812,-0.0348427294837812,-0.0348427294837812,-0.0348427294837812,-0.0348427294837812,-0.0348427294837812,-0.0348427294837812
2010-01-28,0.05501444022877866,0.05501444022877866,0.05501444022877866,0.05501444022877866,0.05501444022877866,0.05501444022877866,0.05501444022877866,0.05501444022877866,0.05501444022877866,0.05501444022877866,0.05501444022877866,0.05501444022877866,-0.0,-0.0,-0.0,-0.0
2010-01-29,0.0013955610423768139,0.0013955610423768139,0.0013955610423768139,0.0013955610423768139,0.0013955610423768139,0.0013955610423768139,0.0013955610423768139,0.0013955610423768139,0.0013955610423768139,0.0013955610423768139,0.0013955610423768139,0.0013955610423768139,0.0013955610423768139,0.0013955610423768139,0.0013955610423768139,0.0013955610423768139
2010-02-01,-0.01047892155549024,0.0,0.0,0.0,-0.01047892155549024,-0.01047892155549024,-0.01047892155549024,-0.01047892155549024,-0.01047892155549024,-0.01047892155549024,-0.01047892155549024,-0.01047892155549024,-0.01047892155549024,-0.01047892155549024,-0.01047892155549024,-0.01047892155549024
2010-02-02,0.0,0.0,0.0,0.0,-0.05470992903959693,-0.05470992903959693,-0.05470992903959693,-0.05470992903959693,-0.05470992903959693,-0.05470992903959693,-0.05470992903959693,-0.05470992903959693,-0.05470992903959693,-0.05470992903959693,-0.05470992903959693,-0.05470992903959693
2010-02-03,-0.0,-0.0,-0.0,-0.0,0.054151624548736566,0.054151624548736566,0.054151624548736566,0.054151624548736566,0.054151624548736566,0.054151624548736566,0.054151624548736566,0.054151624548736566,0.054151624548736566,0.054151624548736566,0.054151624548736566,0.054151624548736566
2010-02-04,-0.037943031093715995,-0.037943031093715995,-0.037943031093715995,-0.037943031093715995,-0.037943031093715995,-0.037943031093715995,-0.037943031093715995,-0.037943031093715995,-0.037943031093715995,-0.037943031093715995,-0.037943031093715995,-0.037943031093715995,-0.037943031093715995,-0.037943031093715995,-0.037943031093715995,-0.037943031093715995
2010-02-05,-0.04311221606961224,-0.04311221606961224,-0.04311221606961224,-0.04311221606961224,0.04311221606961224,0.04311221606961224,0.04311221606961224,0.04311221606961224,0.04311221606961224,0.04311221606961224,0.04311221606961224,0.04311221606961224,0.04311221606961224,0.04311221606961224,0.04311221606961224,0.04311221606961224
2010-02-08,-0.00441471209576938,-0.00441471209576938,-0.00441471209576938,-0.00441471209576938,-0.00441471209576938,-0.00441471209576938,-0.00441471209576938,-0.00441471209576938,-0.00441471209576938,-0.00441471209576938,-0.00441471209576938,-0.00441471209576938,-0.00441471209576938,-0.00441471209576938,-0.00441471209576938,-0.00441471209576938
2010-02-09,0.04031665714518895,0.04031665714518895,-0.0,-0.0,0.04031665714518895,0.04031665714518895,-0.0,-0.0,0.04031665714518895,0.04031665714518895,0.04031665714518895,0.04031665714518895,0.04031665714518895,0.04031665714518895,0.04031665714518895,0.04031665714518895
2010-02-10,0.0,0.0,0.0,0.0,-0.007086634763735278,0.0,0.0,0.0,-0.007086634763735278,-0.007086634763735278,-0.007086634763735278,-0.007086634763735278,-0.007086634763735278,-0.007086634763735278,-0.007086634763735278,-0.007086634763735278
2010-02-11,-0.026784303397419107,-0.026784303397419107,-0.026784303397419107,-0.026784303397419107,-0.026784303397419107,-0.026784303397419107,-0.026784303397419107,-0.026784303397419107,0.026784303397419107,0.026784303397419107,0.026784303397419107,0.026784303397419107,0.026784303397419107,0.026784303397419107,0.026784303397419107,0.026784303397419107
2010-02-12,0.006438043450381015,0.006438043450381015,0.006438043450381015,0.006438043450381015,0.006438043450381015,0.006438043450381015,0.006438043450381015,0.006438043450381015,-0.006438043450381015,-0.006438043450381015,-0.006438043450381015,-0.006438043450381015,-0.006438043450381015,-0.006438043450381015,-0.006438043450381015,-0.006438043450381015
2010-02-16,-0.008958075175547364,-0.008958075175547364,-0.008958075175547364,-0.008958075175547364,-0.008958075175547364,-0.008958075175547364,-0.008958075175547364,-0.008958075175547364,0.008958075175547364,0.008958075175547364,0.008958075175547364,0.008958075175547364,0.008958075175547364,0.008958075175547364,0.008958075175547364,0.008958075175547364
2010-02-17,0.001049049458843876,0.001049049458843876,0.001049049458843876,0.001049049458843876,0.001049049458843876,0.001049049458843876,0.001049049458843876,0.001049049458843876,-0.001049049458843876,-0.001049049458843876,-0.001049049458843876,-0.001049049458843876,-0.001049049458843876,-0.001049049458843876,-0.001049049458843876,-0.001049049458843876
2010-02-18,0.02118231647968849,0.02118231647968849,0.02118231647968849,0.02118231647968849,0.02118231647968849,0.02118231647968849,0.02118231647968849,0.02118231647968849,-0.02118231647968849,-0.02118231647968849,0.0,0.0,-0.02118231647968849,-0.02118231647968849,-0.02118231647968849,-0.02118231647968849
2010-02-19,0.036373151903702716,0.036373151903702716,0.036373151903702716,0.036373151903702716,0.036373151903702716,0.036373151903702716,0.036373151903702716,0.036373151903702716,0.036373151903702716,0.036373151903702716,0.036373151903702716,0.036373151903702716,-0.036373151903702716,-0.036373151903702716,-0.036373151903702716,-0.036373151903702716
2010-02-22,0.004887983706720944,0.0,0.0,0.0,0.004887983706720944,0.004887983706720944,0.004887983706720944,0.004887983706720944,0.004887983706720944,0.0,0.0,0.0,-0.004887983706720944,-0.004887983706720944,-0.004887983706720944,-0.004887983706720944
2010-02-23,0.02887160594896976,0.02887160594896976,0.02887160594896976,0.02887160594896976,-0.02887160594896976,-0.02887160594896976,-0.02887160594896976,-0.02887160594896976,0.02887160594896976,0.02887160594896976,0.02887160594896976,-0.0,0.02887160594896976,0.02887160594896976,0.02887160594896976,0.02887160594896976
2010-02-24,0.010582712251014259,0.010582712251014259,0.010582712251014259,0.010582712251014259,0.010582712251014259,-0.0,-0.0,-0.0,0.010582712251014259,0.010582712251014259,0.010582712251014259,-0.0,0.010582712251014259,0.010582712251014259,0.010582712251014259,0.010582712251014259
2010-02-25,0.016849509212115032,0.016849509212115032,0.016849509212115032,0.016849509212115032,-0.016849509212115032,-0.016849509212115032,-0.016849509212115032,-0.016849509212115032,-0.016849509212115032,-0.016849509212115032,-0.016849509212115032,-0.0,0.016849509212115032,0.016849509212115032,0.016849509212115032,0.016849509212115032
2010-02-26,0.02330683460664873,0.02330683460664873,0.02330683460664873,0.02330683460664873,-0.0,-0.0,-0.0,-0.0,-0.02330683460664873,-0.02330683460664873,-0.02330683460664873,-0.02330683460664873,0.02330683460664873,0.02330683460664873,0.02330683460664873,0.02330683460664873
2010-03-01,-0.014856105127752484,-0.014856105127752484,-0.0,-0.0,-0.014856105127752484,-0.014856105127752484,-0.014856105127752484,-0.014856105127752484,-0.014856105127752484,-0.014856105127752484,-0.014856105127752484,-0.014856105127752484,0.014856105127752484,0.014856105127752484,0.014856105127752484,0.014856105127752484
2010-03-02,0.01702455512476375,0.01702455512476375,0.01702455512476375,0.01702455512476375,0.01702455512476375,0.01702455512476375,0.01702455512476375,0.0,0.01702455512476375,0.01702455512476375,0.01702455512476375,0.01702455512476375,-0.01702455512476375,-0.01702455512476375,-0.01702455512476375,-0.01702455512476375
2010-03-03,-0.018431898055675022,-0.018431898055675022,-0.018431898055675022,-0.018431898055675022,-0.018431898055675022,-0.018431898055675022,-0.018431898055675022,-0.018431898055675022,-0.018431898055675022,-0.018431898055675022,-0.018431898055675022,-0.018431898055675022,0.018431898055675022,0.018431898055675022,0.018431898055675022,0.018431898055675022
2010-03-04,0.010551142005958414,0.010551142005958414,0.010551142005958414,0.010551142005958414,0.010551142005958414,0.010551142005958414,0.0,0.0,0.010551142005958414,0.010551142005958414,0.010551142005958414,0.010551142005958414,-0.010551142005958414,-0.010551142005958414,-0.010551142005958414,-0.010551142005958414
2010-03-05,0.007627650232091221,0.007627650232091221,0.007627650232091221,0.007627650232091221,0.007627650232091221,0.007627650232091221,0.007627650232091221,0.007627650232091221,0.007627650232091221,0.007627650232091221,0.007627650232091221,0.007627650232091221,-0.007627650232091221,-0.007627650232091221,-0.007627650232091221,-0.007627650232091221
2010-03-08,0.01491744835781661,0.01491744835781661,0.01491744835781661,0.01491744835781661,0.01491744835781661,0.01491744835781661,0.01491744835781661,0.01491744835781661,0.01491744835781661,0.01491744835781661,0.01491744835781661,0.01491744835781661,-0.01491744835781661,-0.01491744835781661,-0.01491744835781661,-0.01491744835781661
2010-03-09,-0.0,-0.0,-0.0,-0.0,-0.009137342470675769,-0.009137342470675769,-0.009137342470675769,-0.009137342470675769,-0.009137342470675769,-0.009137342470675769,-0.009137342470675769,-0.009137342470675769,0.009137342470675769,0.009137342470675769,0.009137342470675769,0.009137342470675769
2010-03-10,-0.00595162397944915,-0.00595162397944915,-0.00595162397944915,-0.00595162397944915,0.00595162397944915,0.00595162397944915,0.00595162397944915,0.00595162397944915,0.00595162397944915,0.00595162397944915,0.00595162397944915,0.00595162397944915,-0.00595162397944915,-0.00595162397944915,-0.00595162397944915,-0.00595162397944915
2010-03-11,-0.003556533531202666,0.0,0.0,0.0,0.003556533531202666,0.003556533531202666,0.003556533531202666,0.003556533531202666,0.003556533531202666,0.003556533531202666,0.003556533531202666,0.003556533531202666,-0.003556533531202666,-0.003556533531202666,-0.003556533531202666,-0.003556533531202666
2010-03-12,0.028040262941659844,0.028040262941659844,0.028040262941659844,0.028040262941659844,-0.028040262941659844,-0.028040262941659844,-0.028040262941659844,-0.028040262941659844,-0.028040262941659844,-0.028040262941659844,-0.028040262941659844,-0.028040262941659844,0.028040262941659844,0.028040262941659844,0.028040262941659844,0.028040262941659844
2010-03-15,0.0019732240983114657,0.0019732240983114657,0.0019732240983114657,0.0019732240983114657,-0.0019732240983114657,-0.0,-0.0,-0.0,-0.0019732240983114657,-0.0019732240983114657,-0.0019732240983114657,-0.0019732240983114657,0.0019732240983114657,0.0019732240983114657,0.0019732240983114657,0.0019732240983114657
2010-03-16,0.005833229465287304,0.005833229465287304,0.0,0.0,0.005833229465287304,0.0,0.0,0.0,0.005833229465287304,0.005833229465287304,0.005833229465287304,0.005833229465287304,-0.005833229465287304,-0.005833229465287304,-0.005833229465287304,-0.005833229465287304
2010-03-17,0.016072816629472686,0.016072816629472686,0.016072816629472686,0.016072816629472686,0.0,0.0,0.0,0.0,0.016072816629472686,0.016072816629472686,0.016072816629472686,0.016072816629472686,0.016072816629472686,0.016072816629472686,0.016072816629472686,0.016072816629472686
2010-03-18,0.0008154943934761683,0.0008154943934761683,0.0,0.0,0.0008154943934761683,0.0,0.0,0.0,0.0008154943934761683,0.0008154943934761683,0.0008154943934761683,0.0008154943934761683,0.0,0.0,0.0,0.0
2010-03-19,-0.0,-0.0,-0.0,-0.0,0.0018873699245052222,0.0018873699245052222,0.0018873699245052222,0.0018873699245052222,-0.0018873699245052222,-0.0,-0.0,-0.0,-0.0,-0.0,-0.0,-0.0
2010-03-22,0.03930553434142858,0.0,0.0,0.0,-0.03930553434142858,-0.03930553434142858,-0.03930553434142858,0.0,0.03930553434142858,0.03930553434142858,0.03930553434142858,0.03930553434142858,0.0,0.0,0.0,0.0
2010-03-23,-0.016773543907997346,-0.016773543907997346,-0.016773543907997346,0.0,-0.016773543907997346,0.0,0.0,0.0,0.016773543907997346,0.016773543907997346,0.016773543907997346,0.016773543907997346,-0.016773543907997346,-0.016773543907997346,-0.016773543907997346,-0.016773543907997346
2010-03-24,0.022018595876566405,0.022018595876566405,0.022018595876566405,0.022018595876566405,0.022018595876566405,0.022018595876566405,0.022018595876566405,0.022018595876566405,-0.022018595876566405,-0.022018595876566405,-0.022018595876566405,-0.022018595876566405,0.022018595876566405,0.022018595876566405,0.022018595876566405,0.022018595876566405
2010-03-25,0.014134275618374659,0.014134275618374659,0.014134275618374659,0.014134275618374659,0.014134275618374659,0.014134275618374659,0.014134275618374659,0.014134275618374659,0.014134275618374659,0.014134275618374659,0.014134275618374659,-0.0,0.014134275618374659,0.014134275618374659,0.014134275618374659,0.014134275618374659
2010-03-26,-0.011051016693535698,-0.011051016693535698,-0.011051016693535698,-0.011051016693535698,-0.011051016693535698,-0.011051016693535698,-0.011051016693535698,-0.011051016693535698,0.0,0.0,0.0,0.0,-0.011051016693535698,-0.011051016693535698,-0.011051016693535698,-0.011051016693535698
2010-03-29,0.01093786974469535,0.01093786974469535,0.01093786974469535,-0.0,0.01093786974469535,0.01093786974469535,-0.0,-0.0,0.01093786974469535,-0.0,-0.0,-0.0,0.01093786974469535,0.01093786974469535,0.01093786974469535,0.01093786974469535
2010-03-30,0.04671122786028237,0.04671122786028237,0.04671122786028237,0.04671122786028237,0.04671122786028237,0.04671122786028237,0.04671122786028237,0.04671122786028237,0.04671122786028237,0.04671122786028237,0.04671122786028237,0.04671122786028237,0.04671122786028237,0.04671122786028237,0.04671122786028237,0.04671122786028237
2010-03-31,-0.011454839110448534,-0.011454839110448534,-0.011454839110448534,-0.0,0.011454839110448534,0.011454839110448534,0.011454839110448534,0.011454839110448534,0.011454839110448534,0.011454839110448534,0.011454839110448534,0.011454839110448534,0.011454839110448534,0.011454839110448534,0.011454839110448534,0.011454839110448534
2010-04-01,0.0025794723136639552,0.0025794723136639552,0.0025794723136639552,0.0025794723136639552,0.0025794723136639552,0.0,0.0,0.0,0.0025794723136639552,0.0025794723136639552,0.0025794723136639552,0.0,-0.0025794723136639552,-0.0025794723136639552,-0.0025794723136639552,-0.0025794723136639552
2010-04-05,-0.030541119676855244,-0.030541119676855244,-0.030541119676855244,-0.030541119676855244,-0.030541119676855244,-0.030541119676855244,-0.030541119676855244,-0.030541119676855244,-0.030541119676855244,-0.030541119676855244,-0.0,-0.0,0.030541119676855244,0.030541119676855244,0.030541119676855244,0.030541119676855244
2010-04-06,0.00040630004063002545,0.00040630004063002545,0.00040630004063002545,0.00040630004063002545,0.00040630004063002545,0.00040630004063002545,0.00040630004063002545,0.00040630004063002545,0.00040630004063002545,0.00040630004063002545,0.00040630004063002545,0.0,-0.00040630004063002545,-0.00040630004063002545,-0.00040630004063002545,-0.00040630004063002545
2010-04-07,-0.010161629686304519,-0.010161629686304519,-0.010161629686304519,-0.010161629686304519,-0.010161629686304519,-0.010161629686304519,-0.010161629686304519,-0.010161629686304519,-0.010161629686304519,-0.010161629686304519,-0.010161629686304519,-0.010161629686304519,0.010161629686304519,0.010161629686304519,0.010161629686304519,0.010161629686304519
2010-04-08,0.010674808871215857,0.010674808871215857,0.010674808871215857,0.010674808871215857,0.010674808871215857,0.010674808871215857,0.010674808871215857,0.010674808871215857,0.010674808871215857,0.010674808871215857,0.010674808871215857,0.010674808871215857,-0.010674808871215857,-0.010674808871215857,-0.010674808871215857,-0.010674808871215857
2010-04-09,0.009330589980381832,0.009330589980381832,0.009330589980381832,0.009330589980381832,0.009330589980381832,0.009330589980381832,0.009330589980381832,0.009330589980381832,0.009330589980381832,0.009330589980381832,0.009330589980381832,0.009330589980381832,0.009330589980381832,0.0,0.0,0.0
2010-04-12,-0.007438176197836155,-0.007438176197836155,-0.007438176197836155,-0.007438176197836155,-0.007438176197836155,-0.007438176197836155,-0.007438176197836155,-0.007438176197836155,-0.007438176197836155,-0.007438176197836155,-0.007438176197836155,-0.007438176197836155,0.007438176197836155,0.007438176197836155,-0.0,-0.0
2010-04-13,0.00927701601304054,0.00927701601304054,0.00927701601304054,0.0,0.00927701601304054,0.00927701601304054,0.00927701601304054,0.00927701601304054,0.00927701601304054,0.00927701601304054,0.00927701601304054,0.00927701601304054,-0.00927701601304054,-0.00927701601304054,-0.00927701601304054,0.0
2010-04-14,0.0,0.0,0.0,0.0,0.02286530039439616,0.02286530039439616,0.02286530039439616,0.02286530039439616,0.02286530039439616,0.02286530039439616,0.02286530039439616,0.02286530039439616,0.02286530039439616,0.02286530039439616,0.0,0.0
2010-04-15,0.0010647781299524262,0.0010647781299524262,-0.0,-0.0,-0.0010647781299524262,-0.0010647781299524262,-0.0010647781299524262,-0.0010647781299524262,-0.0010647781299524262,-0.0010647781299524262,-0.0010647781299524262,-0.0010647781299524262,-0.0,-0.0,-0.0,-0.0
2010-04-16,-0.0025725381551933157,-0.0025725381551933157,-0.0025725381551933157,-0.0025725381551933157,0.0,0.0,0.0,0.0,0.0025725381551933157,0.0025725381551933157,0.0,0.0,0.0025725381551933157,0.0025725381551933157,0.0025725381551933157,0.0
2010-04-19,0.009250303796840553,0.009250303796840553,0.009250303796840553,0.009250303796840553,0.009250303796840553,-0.0,-0.0,-0.0,-0.009250303796840553,-0.009250303796840553,-0.009250303796840553,-0.009250303796840553,-0.009250303796840553,-0.009250303796840553,-0.009250303796840553,-0.009250303796840553
2010-04-20,0.00938667190878717,0.00938667190878717,0.00938667190878717,0.00938667190878717,0.00938667190878717,-0.0,-0.0,-0.0,-0.00938667190878717,-0.00938667190878717,-0.00938667190878717,-0.00938667190878717,-0.00938667190878717,-0.00938667190878717,-0.00938667190878717,-0.00938667190878717
2010-04-21,0.01584789911874962,0.01584789911874962,0.01584789911874962,0.01584789911874962,0.01584789911874962,0.01584789911874962,0.01584789911874962,0.01584789911874962,-0.01584789911874962,-0.01584789911874962,-0.01584789911874962,-0.01584789911874962,-0.01584789911874962,-0.01584789911874962,-0.01584789911874962,-0.01584789911874962
2010-04-22,0.0006230678904359799,-0.0,-0.0,-0.0,0.0006230678904359799,0.0006230678904359799,0.0006230678904359799,-0.0,-0.0006230678904359799,-0.0006230678904359799,-0.0006230678904359799,-0.0006230678904359799,-0.0006230678904359799,-0.0006230678904359799,-0.0006230678904359799,-0.0006230678904359799
2010-04-23,-0.004143216381271575,-0.004143216381271575,-0.004143216381271575,-0.004143216381271575,0.004143216381271575,0.004143216381271575,-0.0,-0.0,-0.004143216381271575,-0.004143216381271575,-0.004143216381271575,-0.004143216381271575,-0.004143216381271575,-0.004143216381271575,-0.004143216381271575,-0.004143216381271575
2010-04-26,-0.029169051707689464,-0.029169051707689464,-0.029169051707689464,-0.029169051707689464,-0.0,-0.0,-0.0,-0.0,-0.029169051707689464,-0.029169051707689464,-0.029169051707689464,-0.029169051707689464,-0.029169051707689464,-0.029169051707689464,-0.029169051707689464,-0.029169051707689464
2010-04-27,-0.011077379435007195,-0.011077379435007195,-0.011077379435007195,-0.011077379435007195,-0.011077379435007195,-0.011077379435007195,-0.0,-0.0,-0.011077379435007195,-0.011077379435007195,-0.011077379435007195,-0.011077379435007195,-0.011077379435007195,-0.011077379435007195,-0.011077379435007195,-0.011077379435007195
2010-04-28,-0.004354901556304469,-0.004354901556304469,-0.004354901556304469,-0.004354901556304469,-0.004354901556304469,-0.004354901556304469,-0.004354901556304469,-0.004354901556304469,-0.004354901556304469,-0.004354901556304469,-0.004354901556304469,-0.004354901556304469,-0.004354901556304469,-0.004354901556304469,-0.004354901556304469,-0.004354901556304469
2010-04-29,0.010680298500650443,0.010680298500650443,0.010680298500650443,0.010680298500650443,0.010680298500650443,0.010680298500650443,0.010680298500650443,0.010680298500650443,0.010680298500650443,0.010680298500650443,0.010680298500650443,0.010680298500650443,0.010680298500650443,0.010680298500650443,0.010680298500650443,0.010680298500650443
2010-04-30,0.0068049179949712935,0.0068049179949712935,0.0068049179949712935,0.0068049179949712935,0.0068049179949712935,0.0068049179949712935,0.0068049179949712935,0.0068049179949712935,0.0068049179949712935,0.0068049179949712935,0.0068049179949712935,0.0068049179949712935,0.0068049179949712935,0.0068049179949712935,0.0068049179949712935,0.0068049179949712935
2010-05-03,0.008059271646227995,0.008059271646227995,0.008059271646227995,0.008059271646227995,0.008059271646227995,0.008059271646227995,0.008059271646227995,0.008059271646227995,0.008059271646227995,0.008059271646227995,0.008059271646227995,0.008059271646227995,0.008059271646227995,0.008059271646227995,0.008059271646227995,0.008059271646227995
2010-05-04,-0.01482123205881658,-0.01482123205881658,-0.01482123205881658,-0.01482123205881658,-0.01482123205881658,-0.01482123205881658,-0.01482123205881658,-0.01482123205881658,-0.01482123205881658,-0.01482123205881658,-0.01482123205881658,-0.01482123205881658,-0.01482123205881658,-0.01482123205881658,-0.01482123205881658,-0.01482123205881658
2010-05-05,-0.016196760647870345,-0.016196760647870345,0.0,0.0,0.016196760647870345,0.016196760647870345,0.016196760647870345,0.016196760647870345,0.016196760647870345,0.016196760647870345,0.016196760647870345,0.016196760647870345,0.016196760647870345,0.016196760647870345,0.016196760647870345,0.016196760647870345
2010-05-06,0.021388367729831215,-0.0,-0.0,-0.0,-0.021388367729831215,-0.021388367729831215,-0.021388367729831215,-0.021388367729831215,-0.021388367729831215,-0.021388367729831215,-0.021388367729831215,-0.021388367729831215,-0.021388367729831215,-0.021388367729831215,-0.021388367729831215,-0.021388367729831215
2010-05-07,0.05779298310066139,0.05779298310066139,0.05779298310066139,0.05779298310066139,-0.05779298310066139,-0.05779298310066139,-0.05779298310066139,-0.05779298310066139,-0.05779298310066139,-0.0,-0.0,-0.0,-0.05779298310066139,-0.05779298310066139,-0.05779298310066139,-0.05779298310066139
2010-05-10,-0.0,-0.0,-0.0,-0.0,-0.006338318609042881,-0.006338318609042881,-0.006338318609042881,-0.006338318609042881,-0.006338318609042881,-0.006338318609042881,-0.006338318609042881,-0.006338318609042881,-0.006338318609042881,-0.006338318609042881,-0.006338318609042881,-0.006338318609042881
2010-05-11,0.014408662453355148,0.014408662453355148,0.014408662453355148,0.014408662453355148,0.014408662453355148,0.014408662453355148,0.014408662453355148,0.014408662453355148,0.014408662453355148,0.014408662453355148,0.014408662453355148,0.014408662453355148,0.014408662453355148,0.014408662453355148,0.014408662453355148,0.014408662453355148
2010-05-12,-0.007419079508896198,-0.007419079508896198,-0.007419079508896198,-0.007419079508896198,-0.007419079508896198,-0.007419079508896198,-0.007419079508896198,-0.007419079508896198,-0.007419079508896198,-0.007419079508896198,-0.007419079508896198,-0.007419079508896198,-0.007419079508896198,-0.007419079508896198,-0.007419079508896198,-0.007419079508896198
2010-05-13,0.022245394508168093,0.022245394508168093,0.022245394508168093,0.022245394508168093,0.022245394508168093,0.022245394508168093,0.022245394508168093,0.022245394508168093,0.022245394508168093,0.022245394508168093,0.022245394508168093,0.022245394508168093,0.022245394508168093,0.022245394508168093,0.022245394508168093,0.022245394508168093
2010-05-14,0.0071320654105937464,0.0071320654105937464,0.0071320654105937464,0.0071320654105937464,0.0071320654105937464,0.0071320654105937464,0.0071320654105937464,0.0071320654105937464,0.0071320654105937464,0.0071320654105937464,0.0071320654105937464,0.0071320654105937464,0.0071320654105937464,0.0071320654105937464,0.0071320654105937464,0.0071320654105937464
2010-05-17,0.04077248416765489,0.04077248416765489,0.04077248416765489,0.04077248416765489,0.04077248416765489,0.04077248416765489,0.04077248416765489,0.04077248416765489,0.04077248416765489,0.04077248416765489,0.04077248416765489,0.04077248416765489,0.04077248416765489,0.04077248416765489,0.04077248416765489,0.04077248416765489
2010-05-18,-0.048011197947043005,-0.048011197947043005,-0.048011197947043005,-0.048011197947043005,0.048011197947043005,0.048011197947043005,0.048011197947043005,0.048011197947043005,0.048011197947043005,0.048011197947043005,0.048011197947043005,0.048011197947043005,0.048011197947043005,0.048011197947043005,0.048011197947043005,0.048011197947043005
2010-05-19,0.003871884725659802,0.003871884725659802,0.003871884725659802,0.003871884725659802,-0.0,-0.0,-0.0,-0.0,-0.003871884725659802,-0.003871884725659802,-0.003871884725659802,-0.003871884725659802,-0.003871884725659802,-0.003871884725659802,-0.003871884725659802,-0.003871884725659802
2010-05-20,0.0074209691199802474,0.0074209691199802474,0.0074209691199802474,0.0074209691199802474,0.0074209691199802474,0.0074209691199802474,0.0074209691199802474,0.0074209691199802474,0.0074209691199802474,-0.0,-0.0,-0.0,-0.0074209691199802474,-0.0074209691199802474,-0.0074209691199802474,-0.0074209691199802474
2010-05-21,0.028786740652790188,0.028786740652790188,0.028786740652790188,0.028786740652790188,0.028786740652790188,0.028786740652790188,0.028786740652790188,0.028786740652790188,0.028786740652790188,0.028786740652790188,0.028786740652790188,-0.0,-0.028786740652790188,-0.028786740652790188,-0.028786740652790188,-0.028786740652790188
2010-05-24,2.355324210379095e-05,2.355324210379095e-05,2.355324210379095e-05,2.355324210379095e-05,2.355324210379095e-05,2.355324210379095e-05,2.355324210379095e-05,2.355324210379095e-05,2.355324210379095e-05,2.355324210379095e-05,-0.0,-0.0,-2.355324210379095e-05,-2.355324210379095e-05,-2.355324210379095e-05,-2.355324210379095e-05
2010-05-25,0.025107164727495412,0.025107164727495412,0.025107164727495412,0.025107164727495412,0.025107164727495412,0.025107164727495412,0.025107164727495412,0.025107164727495412,-0.025107164727495412,-0.025107164727495412,-0.0,-0.0,-0.025107164727495412,-0.025107164727495412,-0.025107164727495412,-0.025107164727495412
2010-05-26,-0.006869772998805201,0.0,0.0,0.0,-0.006869772998805201,-0.006869772998805201,-0.006869772998805201,-0.006869772998805201,-0.006869772998805201,-0.006869772998805201,-0.006869772998805201,0.0,0.006869772998805201,0.006869772998805201,0.006869772998805201,0.006869772998805201
2010-05-27,0.0015037593984963404,0.0015037593984963404,0.0015037593984963404,0.0015037593984963404,-0.0015037593984963404,-0.0015037593984963404,-0.0015037593984963404,-0.0015037593984963404,0.0,0.0,0.0,0.0,0.0015037593984963404,0.0015037593984963404,0.0015037593984963404,0.0015037593984963404
2010-05-28,-0.017886932344763906,-0.017886932344763906,-0.017886932344763906,-0.017886932344763906,0.017886932344763906,0.017886932344763906,0.017886932344763906,0.017886932344763906,0.017886932344763906,0.017886932344763906,-0.0,-0.0,-0.017886932344763906,-0.017886932344763906,-0.017886932344763906,-0.017886932344763906
2010-06-01,0.016593826823272262,0.016593826823272262,0.016593826823272262,0.016593826823272262,-0.016593826823272262,-0.016593826823272262,-0.016593826823272262,-0.016593826823272262,0.0,0.0,0.0,0.0,0.016593826823272262,0.016593826823272262,0.016593826823272262,0.016593826823272262
2010-06-02,0.018656111844085,0.018656111844085,0.018656111844085,0.018656111844085,-0.018656111844085,-0.018656111844085,-0.018656111844085,0.0,0.018656111844085,0.018656111844085,0.018656111844085,0.018656111844085,0.018656111844085,0.018656111844085,0.018656111844085,0.018656111844085
2010-06-03,-0.02679434865674457,-0.02679434865674457,-0.02679434865674457,-0.0,-0.02679434865674457,-0.0,-0.0,-0.0,-0.02679434865674457,-0.02679434865674457,-0.0,-0.0,-0.02679434865674457,-0.02679434865674457,-0.02679434865674457,-0.02679434865674457
2010-06-04,0.01056669652906983,0.01056669652906983,0.01056669652906983,0.01056669652906983,-0.01056669652906983,-0.01056669652906983,-0.01056669652906983,-0.01056669652906983,0.01056669652906983,0.01056669652906983,0.01056669652906983,0.01056669652906983,-0.01056669652906983,-0.01056669652906983,-0.01056669652906983,-0.01056669652906983
2010-06-07,0.011638215170595378,0.0,0.0,0.0,0.011638215170595378,0.011638215170595378,0.011638215170595378,0.011638215170595378,0.011638215170595378,0.011638215170595378,0.011638215170595378,0.011638215170595378,0.011638215170595378,0.011638215170595378,0.011638215170595378,0.011638215170595378
2010-06-08,-0.010004369724707196,-0.010004369724707196,-0.010004369724707196,-0.0,-0.010004369724707196,-0.010004369724707196,-0.010004369724707196,-0.010004369724707196,-0.010004369724707196,-0.010004369724707196,-0.0,-0.0,-0.010004369724707196,-0.010004369724707196,-0.010004369724707196,-0.010004369724707196
2010-06-09,0.0037344020402587663,0.0037344020402587663,-0.0,-0.0,-0.0037344020402587663,-0.0037344020402587663,-0.0037344020402587663,-0.0037344020402587663,0.0037344020402587663,0.0037344020402587663,0.0037344020402587663,0.0037344020402587663,-0.0037344020402587663,-0.0037344020402587663,-0.0037344020402587663,-0.0037344020402587663
2010-06-10,0.017332123411978095,0.017332123411978095,0.017332123411978095,0.0,0.017332123411978095,0.017332123411978095,0.017332123411978095,0.017332123411978095,-0.017332123411978095,-0.017332123411978095,-0.017332123411978095,-0.017332123411978095,0.017332123411978095,0.017332123411978095,0.017332123411978095,0.017332123411978095
2010-06-11,-0.025048480930833783,-0.025048480930833783,-0.025048480930833783,-0.025048480930833783,-0.025048480930833783,-0.025048480930833783,-0.0,-0.0,0.025048480930833783,0.025048480930833783,0.025048480930833783,0.025048480930833783,-0.025048480930833783,-0.025048480930833783,-0.025048480930833783,-0.025048480930833783
2010-06-14,-0.0,-0.0,-0.0,-0.0,-0.0,-0.0,-0.0,-0.0,0.008873674016350863,0.008873674016350863,0.008873674016350863,0.008873674016350863,-0.008873674016350863,-0.008873674016350863,-0.008873674016350863,-0.008873674016350863
2010-06-15,-0.025873423373144355,-0.0,-0.0,-0.0,-0.025873423373144355,-0.025873423373144355,-0.025873423373144355,-0.025873423373144355,0.025873423373144355,0.025873423373144355,-0.0,-0.0,-0.025873423373144355,-0.025873423373144355,-0.025873423373144355,-0.025873423373144355
2010-06-16,-0.020389955172563923,-0.020389955172563923,-0.020389955172563923,-0.020389955172563923,-0.020389955172563923,-0.020389955172563923,-0.020389955172563923,-0.0,-0.0,-0.0,-0.0,-0.0,-0.020389955172563923,-0.020389955172563923,-0.020389955172563923,-0.020389955172563923
2010-06-17,0.029707193278027733,0.029707193278027733,0.029707193278027733,0.029707193278027733,0.029707193278027733,0.029707193278027733,0.029707193278027733,0.029707193278027733,0.029707193278027733,0.029707193278027733,0.029707193278027733,0.029707193278027733,0.029707193278027733,0.029707193278027733,0.029707193278027733,0.029707193278027733
2010-06-18,0.0039122598795551244,0.0039122598795551244,0.0039122598795551244,0.0039122598795551244,0.0039122598795551244,0.0039122598795551244,0.0039122598795551244,0.0039122598795551244,0.0039122598795551244,0.0039122598795551244,0.0039122598795551244,0.0039122598795551244,0.0039122598795551244,0.0039122598795551244,0.0039122598795551244,0.0039122598795551244
2010-06-21,-0.0026919682259487487,-0.0026919682259487487,-0.0026919682259487487,-0.0026919682259487487,-0.0026919682259487487,-0.0026919682259487487,-0.0026919682259487487,-0.0026919682259487487,-0.0026919682259487487,-0.0026919682259487487,-0.0026919682259487487,-0.0026919682259487487,-0.0026919682259487487,-0.0026919682259487487,-0.0026919682259487487,-0.0026919682259487487
2010-06-22,0.004973372650851626,0.004973372650851626,0.004973372650851626,0.004973372650851626,0.004973372650851626,0.004973372650851626,0.004973372650851626,0.004973372650851626,0.004973372650851626,0.004973372650851626,0.004973372650851626,0.004973372650851626,0.004973372650851626,0.004973372650851626,0.004973372650851626,0.004973372650851626
2010-06-23,-0.03512031139419669,-0.03512031139419669,-0.0,-0.0,-0.03512031139419669,-0.03512031139419669,-0.03512031139419669,-0.03512031139419669,-0.03512031139419669,-0.03512031139419669,-0.03512031139419669,-0.03512031139419669,-0.03512031139419669,-0.03512031139419669,-0.03512031139419669,-0.03512031139419669
2010-06-24,-0.010746944705580685,-0.010746944705580685,-0.010746944705580685,0.0,0.010746944705580685,0.010746944705580685,0.010746944705580685,0.010746944705580685,0.010746944705580685,0.010746944705580685,0.010746944705580685,0.010746944705580685,0.010746944705580685,0.010746944705580685,0.010746944705580685,0.010746944705580685
2010-06-25,0.0,0.0,0.0,0.0,0.0262845294918036,0.0262845294918036,0.0262845294918036,0.0262845294918036,0.0262845294918036,0.0262845294918036,0.0262845294918036,0.0262845294918036,0.0262845294918036,0.0262845294918036,0.0262845294918036,0.0262845294918036
2010-06-28,-0.000421435542542703,-0.000421435542542703,-0.000421435542542703,-0.0,-0.000421435542542703,-0.000421435542542703,-0.000421435542542703,-0.000421435542542703,-0.000421435542542703,-0.000421435542542703,-0.000421435542542703,-0.000421435542542703,-0.000421435542542703,-0.000421435542542703,-0.000421435542542703,-0.000421435542542703
2010-06-29,-0.04596146597787287,0.0,0.0,0.0,0.04596146597787287,0.04596146597787287,0.04596146597787287,0.0,0.04596146597787287,0.04596146597787287,0.04596146597787287,0.04596146597787287,0.04596146597787287,0.04596146597787287,0.04596146597787287,0.04596146597787287
2010-06-30,-0.0006042296072508169,0.0,0.0,0.0,0.0006042296072508169,0.0,0.0,0.0,0.0006042296072508169,0.0006042296072508169,0.0006042296072508169,0.0006042296072508169,0.0006042296072508169,0.0006042296072508169,0.0006042296072508169,0.0006042296072508169
2010-07-01,-0.013324341921681748,-0.013324341921681748,-0.013324341921681748,-0.013324341921681748,-0.013324341921681748,-0.013324341921681748,-0.013324341921681748,-0.013324341921681748,0.0,0.0,0.0,0.0,0.013324341921681748,0.013324341921681748,0.013324341921681748,0.013324341921681748
2010-07-02,0.024533949235229002,0.024533949235229002,0.024533949235229002,0.024533949235229002,0.024533949235229002,0.024533949235229002,0.024533949235229002,0.024533949235229002,-0.024533949235229002,-0.024533949235229002,-0.0,-0.0,-0.024533949235229002,-0.024533949235229002,-0.024533949235229002,-0.024533949235229002
2010-07-06,-0.014561096797938933,-0.014561096797938933,-0.014561096797938933,-0.014561096797938933,-0.014561096797938933,-0.014561096797938933,-0.014561096797938933,-0.014561096797938933,-0.014561096797938933,-0.014561096797938933,-0.014561096797938933,-0.014561096797938933,0.0,0.0,0.0,0.0
2010-07-07,0.022269427390928742,0.022269427390928742,0.022269427390928742,0.022269427390928742,0.022269427390928742,0.022269427390928742,0.022269427390928742,0.022269427390928742,0.022269427390928742,0.022269427390928742,-0.0,-0.0,-0.022269427390928742,-0.022269427390928742,-0.022269427390928742,-0.022269427390928742
2010-07-08,-0.0063252117918388695,-0.0063252117918388695,-0.0063252117918388695,-0.0063252117918388695,-0.0063252117918388695,-0.0063252117918388695,-0.0063252117918388695,-0.0063252117918388695,-0.0063252117918388695,-0.0063252117918388695,0.0,0.0,0.0063252117918388695,0.0063252117918388695,0.0063252117918388695,0.0063252117918388695
2010-07-09,-0.0037917087967644925,-0.0037917087967644925,-0.0037917087967644925,-0.0,0.0037917087967644925,0.0037917087967644925,0.0037917087967644925,0.0037917087967644925,-0.0,-0.0,-0.0,-0.0,-0.0037917087967644925,-0.0037917087967644925,-0.0037917087967644925,-0.0037917087967644925
2010-07-12,0.0010530894439230165,0.0010530894439230165,0.0,0.0,-0.0010530894439230165,-0.0010530894439230165,-0.0010530894439230165,-0.0010530894439230165,-0.0010530894439230165,-0.0010530894439230165,0.0,0.0,0.0010530894439230165,0.0010530894439230165,0.0010530894439230165,0.0010530894439230165
2010-07-13,0.003529276956571459,0.003529276956571459,0.003529276956571459,0.003529276956571459,-0.003529276956571459,-0.003529276956571459,-0.003529276956571459,-0.003529276956571459,0.003529276956571459,0.0,0.0,0.0,0.003529276956571459,0.003529276956571459,0.003529276956571459,0.003529276956571459
2010-07-14,0.0,0.0,0.0,0.0,-0.030335088889400064,-0.030335088889400064,-0.030335088889400064,-0.030335088889400064,-0.030335088889400064,-0.030335088889400064,-0.030335088889400064,0.0,0.030335088889400064,0.030335088889400064,0.030335088889400064,0.030335088889400064
2010-07-15,0.02077700298847296,0.02077700298847296,0.0,0.0,-0.02077700298847296,-0.02077700298847296,-0.02077700298847296,-0.02077700298847296,-0.02077700298847296,-0.02077700298847296,-0.02077700298847296,-0.02077700298847296,0.02077700298847296,0.02077700298847296,0.02077700298847296,0.02077700298847296
2010-07-16,0.02058809281596674,0.02058809281596674,0.02058809281596674,0.02058809281596674,0.02058809281596674,0.02058809281596674,0.02058809281596674,0.02058809281596674,0.02058809281596674,0.02058809281596674,0.02058809281596674,0.02058809281596674,-0.02058809281596674,-0.02058809281596674,-0.02058809281596674,-0.02058809281596674
2010-07-19,-0.008235238276058543,-0.008235238276058543,-0.008235238276058543,-0.008235238276058543,-0.008235238276058543,-0.008235238276058543,-0.008235238276058543,-0.008235238276058543,-0.008235238276058543,-0.008235238276058543,-0.008235238276058543,-0.008235238276058543,0.008235238276058543,0.0,0.0,0.0
2010-07-20,0.019933475316470828,0.019933475316470828,0.019933475316470828,0.019933475316470828,0.019933475316470828,-0.0,-0.0,-0.0,0.019933475316470828,0.019933475316470828,0.019933475316470828,0.019933475316470828,-0.019933475316470828,-0.0,-0.0,-0.0
2010-07-21,0.0012200272159916814,0.0012200272159916814,0.0012200272159916814,0.0012200272159916814,0.0012200272159916814,0.0012200272159916814,0.0012200272159916814,0.0012200272159916814,0.0012200272159916814,0.0012200272159916814,0.0012200272159916814,0.0012200272159916814,-0.0,-0.0,-0.0,-0.0
2010-07-22,-0.00834231616440928,-0.00834231616440928,-0.00834231616440928,0.0,-0.00834231616440928,0.0,0.0,0.0,-0.00834231616440928,-0.00834231616440928,-0.00834231616440928,-0.00834231616440928,0.00834231616440928,0.00834231616440928,0.00834231616440928,0.0
2010-07-23,0.03381539770310504,0.03381539770310504,0.0,0.0,-0.03381539770310504,-0.03381539770310504,-0.03381539770310504,-0.03381539770310504,-0.03381539770310504,-0.03381539770310504,-0.03381539770310504,-0.03381539770310504,-0.03381539770310504,-0.03381539770310504,0.0,0.0
2010-07-26,-0.00530731039205623,-0.00530731039205623,-0.00530731039205623,-0.00530731039205623,0.00530731039205623,0.00530731039205623,0.00530731039205623,0.00530731039205623,0.00530731039205623,0.00530731039205623,0.00530731039205623,0.00530731039205623,0.00530731039205623,0.00530731039205623,0.00530731039205623,0.00530731039205623
2010-07-27,0.004646749708057563,0.004646749708057563,0.004646749708057563,0.004646749708057563,0.004646749708057563,0.004646749708057563,0.004646749708057563,0.004646749708057563,0.004646749708057563,0.004646749708057563,0.004646749708057563,0.004646749708057563,0.004646749708057563,0.004646749708057563,0.004646749708057563,0.004646749708057563
2010-07-28,0.015861484441215712,0.015861484441215712,0.015861484441215712,-0.0,0.015861484441215712,0.015861484441215712,0.015861484441215712,0.015861484441215712,0.015861484441215712,0.015861484441215712,0.015861484441215712,0.015861484441215712,0.015861484441215712,0.015861484441215712,0.015861484441215712,0.015861484441215712
2010-07-29,-0.00734207389749697,-0.00734207389749697,-0.00734207389749697,-0.00734207389749697,-0.00734207389749697,-0.00734207389749697,-0.00734207389749697,-0.00734207389749697,-0.00734207389749697,-0.00734207389749697,-0.00734207389749697,-0.00734207389749697,-0.00734207389749697,-0.00734207389749697,-0.00734207389749697,-0.00734207389749697
2010-07-30,0.007300321790499886,0.007300321790499886,0.007300321790499886,-0.0,0.007300321790499886,-0.0,-0.0,-0.0,0.007300321790499886,0.007300321790499886,0.007300321790499886,0.007300321790499886,0.007300321790499886,0.007300321790499886,0.007300321790499886,-0.0
2010-08-02,0.02500834406141239,0.02500834406141239,0.02500834406141239,-0.0,-0.02500834406141239,-0.0,-0.0,-0.0,0.02500834406141239,0.02500834406141239,0.02500834406141239,0.02500834406141239,0.02500834406141239,0.02500834406141239,0.02500834406141239,0.02500834406141239
2010-08-03,-0.00202349110361677,-0.00202349110361677,-0.00202349110361677,-0.00202349110361677,-0.0,-0.0,-0.0,-0.0,0.00202349110361677,0.00202349110361677,-0.0,-0.0,0.00202349110361677,0.00202349110361677,0.00202349110361677,-0.0
2010-08-04,-0.009864908778608239,-0.009864908778608239,-0.009864908778608239,-0.009864908778608239,-0.009864908778608239,-0.009864908778608239,-0.009864908778608239,-0.009864908778608239,0.009864908778608239,0.009864908778608239,-0.0,-0.0,0.009864908778608239,0.009864908778608239,-0.0,-0.0
2010-08-05,0.0003907417197231977,0.0003907417197231977,0.0003907417197231977,0.0003907417197231977,0.0003907417197231977,0.0003907417197231977,0.0,0.0,0.0003907417197231977,0.0,0.0,0.0,-0.0003907417197231977,-0.0003907417197231977,-0.0003907417197231977,-0.0003907417197231977
2010-08-06,-0.0033800873764082695,-0.0033800873764082695,-0.0033800873764082695,-0.0033800873764082695,-0.0033800873764082695,-0.0033800873764082695,-0.0033800873764082695,-0.0,0.0033800873764082695,-0.0,-0.0,-0.0,0.0033800873764082695,0.0033800873764082695,0.0033800873764082695,0.0033800873764082695
2010-08-09,0.023443408116964992,0.023443408116964992,0.023443408116964992,0.023443408116964992,0.023443408116964992,0.023443408116964992,0.023443408116964992,0.023443408116964992,0.0,0.0,0.0,0.0,-0.023443408116964992,-0.023443408116964992,-0.023443408116964992,-0.023443408116964992
2010-08-10,-0.024217393344910132,-0.024217393344910132,-0.024217393344910132,-0.024217393344910132,-0.024217393344910132,-0.024217393344910132,-0.024217393344910132,-0.024217393344910132,-0.0,-0.0,-0.0,-0.0,0.024217393344910132,0.024217393344910132,0.024217393344910132,0.024217393344910132
2010-08-11,-0.010928836548595555,0.0,0.0,0.0,0.010928836548595555,0.010928836548595555,0.010928836548595555,0.010928836548595555,-0.010928836548595555,-0.010928836548595555,-0.010928836548595555,-0.010928836548595555,-0.010928836548595555,-0.010928836548595555,-0.010928836548595555,-0.010928836548595555
2010-08-12,-0.018879288378234493,-0.018879288378234493,-0.0,-0.0,-0.018879288378234493,-0.018879288378234493,-0.018879288378234493,-0.018879288378234493,-0.0,-0.0,-0.0,-0.0,0.018879288378234493,0.018879288378234493,0.018879288378234493,0.018879288378234493
2010-08-13,0.010844852673699501,-0.0,-0.0,-0.0,-0.010844852673699501,-0.010844852673699501,-0.010844852673699501,-0.010844852673699501,-0.010844852673699501,-0.010844852673699501,-0.010844852673699501,-0.010844852673699501,-0.010844852673699501,-0.0,-0.0,-0.0
2010-08-16,-0.01677874991565642,-0.01677874991565642,-0.0,-0.0,-0.01677874991565642,-0.01677874991565642,-0.01677874991565642,-0.01677874991565642,-0.01677874991565642,-0.01677874991565642,-0.01677874991565642,-0.01677874991565642,-0.01677874991565642,-0.01677874991565642,-0.01677874991565642,-0.01677874991565642
2010-08-17,0.006901586037560525,0.006901586037560525,0.006901586037560525,0.0,0.006901586037560525,0.006901586037560525,0.006901586037560525,0.006901586037560525,0.006901586037560525,0.006901586037560525,0.006901586037560525,0.006901586037560525,0.006901586037560525,0.006901586037560525,0.006901586037560525,0.006901586037560525
2010-08-18,0.006949548947544404,0.006949548947544404,0.006949548947544404,0.006949548947544404,0.006949548947544404,0.006949548947544404,0.006949548947544404,0.006949548947544404,0.006949548947544404,0.006949548947544404,0.006949548947544404,0.006949548947544404,0.006949548947544404,0.006949548947544404,0.006949548947544404,0.006949548947544404
2010-08-19,0.009936522889890664,0.009936522889890664,0.009936522889890664,0.009936522889890664,0.009936522889890664,0.009936522889890664,0.009936522889890664,0.009936522889890664,0.009936522889890664,0.009936522889890664,0.009936522889890664,0.009936522889890664,0.009936522889890664,0.009936522889890664,0.009936522889890664,0.009936522889890664
2010-08-20,0.011191662890801979,0.011191662890801979,0.011191662890801979,0.011191662890801979,0.011191662890801979,0.011191662890801979,0.011191662890801979,0.011191662890801979,0.011191662890801979,0.011191662890801979,0.011191662890801979,0.011191662890801979,0.011191662890801979,0.011191662890801979,0.011191662890801979,0.011191662890801979
2010-08-23,-0.0,-0.0,-0.0,-0.0,-0.03239701232644454,-0.03239701232644454,-0.0,-0.0,-0.03239701232644454,-0.03239701232644454,-0.03239701232644454,-0.03239701232644454,-0.03239701232644454,-0.03239701232644454,-0.0,-0.0
2010-08-24,0.01560142032845091,0.01560142032845091,0.01560142032845091,-0.0,-0.0,-0.0,-0.0,-0.0,-0.01560142032845091,-0.01560142032845091,-0.01560142032845091,-0.01560142032845091,-0.01560142032845091,-0.0,-0.0,-0.0
2010-08-25,-0.0,-0.0,-0.0,-0.0,-0.012695845989117993,-0.012695845989117993,-0.012695845989117993,-0.012695845989117993,-0.012695845989117993,-0.012695845989117993,-0.012695845989117993,-0.012695845989117993,-0.012695845989117993,-0.012695845989117993,-0.012695845989117993,-0.012695845989117993
2010-08-26,0.00673226307612651,0.00673226307612651,0.00673226307612651,0.0,0.00673226307612651,0.00673226307612651,0.00673226307612651,0.00673226307612651,0.00673226307612651,0.00673226307612651,0.00673226307612651,0.00673226307612651,0.00673226307612651,0.00673226307612651,0.00673226307612651,0.00673226307612651
2010-08-27,-0.011100973236009892,-0.011100973236009892,-0.011100973236009892,-0.011100973236009892,-0.011100973236009892,-0.011100973236009892,-0.011100973236009892,-0.011100973236009892,-0.011100973236009892,-0.011100973236009892,-0.011100973236009892,-0.011100973236009892,-0.011100973236009892,-0.011100973236009892,-0.011100973236009892,-0.011100973236009892
2010-08-30,0.015276196205659232,0.015276196205659232,0.015276196205659232,0.015276196205659232,0.015276196205659232,0.015276196205659232,0.015276196205659232,0.015276196205659232,0.015276196205659232,0.015276196205659232,0.015276196205659232,0.015276196205659232,0.015276196205659232,0.015276196205659232,0.015276196205659232,0.015276196205659232
2010-08-31,-0.014574969453656772,-0.014574969453656772,-0.014574969453656772,-0.014574969453656772,-0.014574969453656772,-0.014574969453656772,-0.014574969453656772,-0.014574969453656772,-0.014574969453656772,-0.014574969453656772,-0.014574969453656772,-0.014574969453656772,-0.014574969453656772,-0.014574969453656772,-0.014574969453656772,-0.014574969453656772
2010-09-01,-0.0015913978494623837,-0.0015913978494623837,-0.0015913978494623837,-0.0,-0.0015913978494623837,-0.0015913978494623837,-0.0,-0.0,-0.0015913978494623837,-0.0015913978494623837,-0.0015913978494623837,-0.0015913978494623837,-0.0015913978494623837,-0.0015913978494623837,-0.0015913978494623837,-0.0015913978494623837
2010-09-02,-0.0058616395413750855,-0.0058616395413750855,-0.0058616395413750855,-0.0,-0.0058616395413750855,-0.0058616395413750855,-0.0058616395413750855,-0.0058616395413750855,-0.0058616395413750855,-0.0058616395413750855,-0.0058616395413750855,-0.0058616395413750855,-0.0058616395413750855,-0.0058616395413750855,-0.0058616395413750855,-0.0058616395413750855
2010-09-03,0.0,0.0,0.0,0.0,0.0061049800414114674,0.0061049800414114674,0.0061049800414114674,0.0061049800414114674,0.0061049800414114674,0.0061049800414114674,0.0061049800414114674,0.0061049800414114674,0.0061049800414114674,0.0061049800414114674,0.0061049800414114674,0.0061049800414114674
2010-09-07,0.018083804042009377,0.018083804042009377,0.018083804042009377,0.0,0.018083804042009377,0.018083804042009377,0.018083804042009377,0.018083804042009377,0.018083804042009377,0.018083804042009377,0.018083804042009377,0.018083804042009377,0.018083804042009377,0.018083804042009377,0.018083804042009377,0.018083804042009377
2010-09-08,-0.0,-0.0,-0.0,-0.0,-0.006868041733196328,-0.006868041733196328,-0.006868041733196328,-0.006868041733196328,-0.006868041733196328,-0.006868041733196328,-0.006868041733196328,-0.006868041733196328,-0.006868041733196328,-0.006868041733196328,-0.006868041733196328,-0.006868041733196328
2010-09-09,0.0,0.0,0.0,0.0,0.0009775595768253265,0.0009775595768253265,0.0,0.0,0.0009775595768253265,0.0009775595768253265,0.0009775595768253265,0.0009775595768253265,0.0009775595768253265,0.0009775595768253265,0.0009775595768253265,0.0009775595768253265
2010-09-10,0.03376967904670769,0.03376967904670769,-0.0,-0.0,-0.03376967904670769,-0.0,-0.0,-0.0,-0.03376967904670769,-0.03376967904670769,-0.03376967904670769,-0.03376967904670769,-0.03376967904670769,-0.03376967904670769,-0.03376967904670769,-0.03376967904670769
2010-09-13,-0.0036389642624260476,-0.0036389642624260476,0.0,0.0,-0.0036389642624260476,0.0,0.0,0.0,0.0036389642624260476,0.0036389642624260476,0.0036389642624260476,0.0036389642624260476,0.0,0.0,0.0,0.0
2010-09-14,-0.014461239655463531,-0.014461239655463531,-0.0,-0.0,-0.014461239655463531,-0.014461239655463531,-0.014461239655463531,-0.014461239655463531,-0.014461239655463531,-0.014461239655463531,-0.014461239655463531,-0.014461239655463531,-0.014461239655463531,-0.014461239655463531,-0.0,-0.0
2010-09-15,0.01173704035127876,0.01173704035127876,0.01173704035127876,0.0,0.01173704035127876,0.01173704035127876,0.01173704035127876,0.0,0.01173704035127876,0.01173704035127876,0.01173704035127876,0.01173704035127876,0.01173704035127876,0.01173704035127876,0.01173704035127876,0.01173704035127876
2010-09-16,-0.011139421760828938,-0.011139421760828938,-0.011139421760828938,-0.011139421760828938,-0.011139421760828938,-0.011139421760828938,-0.011139421760828938,-0.011139421760828938,-0.011139421760828938,-0.011139421760828938,-0.011139421760828938,-0.011139421760828938,-0.011139421760828938,-0.011139421760828938,-0.011139421760828938,-0.011139421760828938
2010-09-17,-0.006330959223624477,-0.006330959223624477,-0.006330959223624477,-0.006330959223624477,-0.006330959223624477,-0.006330959223624477,-0.006330959223624477,-0.006330959223624477,-0.006330959223624477,-0.006330959223624477,-0.006330959223624477,-0.006330959223624477,-0.006330959223624477,-0.006330959223624477,-0.006330959223624477,-0.006330959223624477
2010-09-20,-0.011671702330201539,-0.011671702330201539,-0.011671702330201539,-0.011671702330201539,-0.011671702330201539,-0.011671702330201539,-0.011671702330201539,-0.011671702330201539,-0.011671702330201539,-0.011671702330201539,-0.011671702330201539,-0.011671702330201539,-0.011671702330201539,-0.011671702330201539,-0.011671702330201539,-0.011671702330201539
2010-09-21,0.009941496542977601,0.009941496542977601,0.009941496542977601,0.0,0.009941496542977601,0.009941496542977601,0.009941496542977601,0.009941496542977601,0.009941496542977601,0.009941496542977601,0.009941496542977601,0.009941496542977601,0.009941496542977601,0.009941496542977601,0.009941496542977601,0.009941496542977601
2010-09-22,0.0020867768595040914,0.0020867768595040914,0.0020867768595040914,0.0020867768595040914,0.0020867768595040914,0.0020867768595040914,0.0020867768595040914,0.0020867768595040914,0.0020867768595040914,0.0020867768595040914,0.0020867768595040914,0.0020867768595040914,0.0020867768595040914,0.0020867768595040914,0.0020867768595040914,0.0020867768595040914
2010-09-23,0.007432866104888358,0.0,0.0,0.0,0.007432866104888358,0.007432866104888358,0.007432866104888358,0.007432866104888358,0.007432866104888358,0.007432866104888358,0.007432866104888358,0.007432866104888358,0.007432866104888358,0.007432866104888358,0.007432866104888358,0.007432866104888358
2010-09-24,-0.02442636629119721,-0.02442636629119721,-0.02442636629119721,-0.0,-0.02442636629119721,-0.02442636629119721,-0.02442636629119721,-0.02442636629119721,-0.02442636629119721,-0.02442636629119721,-0.02442636629119721,-0.02442636629119721,-0.02442636629119721,-0.02442636629119721,-0.02442636629119721,-0.02442636629119721
2010-09-27,0.0,0.0,0.0,0.0,0.0012217222210908485,0.0012217222210908485,0.0012217222210908485,0.0012217222210908485,0.0012217222210908485,0.0012217222210908485,0.0012217222210908485,0.0012217222210908485,0.0012217222210908485,0.0012217222210908485,0.0012217222210908485,0.0012217222210908485
2010-09-28,0.010438115430878026,0.010438115430878026,0.010438115430878026,0.0,0.010438115430878026,0.010438115430878026,0.010438115430878026,0.010438115430878026,0.010438115430878026,0.010438115430878026,0.010438115430878026,0.010438115430878026,0.010438115430878026,0.010438115430878026,0.010438115430878026,0.010438115430878026
2010-09-29,-0.0,-0.0,-0.0,-0.0,-0.0121551741898267,-0.0121551741898267,-0.0121551741898267,-0.0121551741898267,-0.0121551741898267,-0.0121551741898267,-0.0121551741898267,-0.0121551741898267,-0.0121551741898267,-0.0121551741898267,-0.0121551741898267,-0.0121551741898267
2010-09-30,0.0,0.0,0.0,0.0,0.018196991593559808,0.018196991593559808,0.0,0.0,0.018196991593559808,0.018196991593559808,0.018196991593559808,0.018196991593559808,0.018196991593559808,0.018196991593559808,0.018196991593559808,0.018196991593559808
2010-10-01,-0.03004042707577481,-0.03004042707577481,-0.03004042707577481,-0.0,-0.03004042707577481,-0.03004042707577481,-0.03004042707577481,-0.03004042707577481,-0.03004042707577481,-0.03004042707577481,-0.03004042707577481,-0.03004042707577481,-0.03004042707577481,-0.03004042707577481,-0.03004042707577481,-0.03004042707577481
2010-10-04,-0.015014894130907397,-0.0,-0.0,-0.0,-0.0,-0.0,-0.0,-0.0,-0.015014894130907397,-0.015014894130907397,-0.015014894130907397,-0.015014894130907397,-0.015014894130907397,-0.015014894130907397,-0.015014894130907397,-0.015014894130907397
2010-10-05,0.027007733491969055,0.027007733491969055,0.0,0.0,0.027007733491969055,0.027007733491969055,0.027007733491969055,0.027007733491969055,0.027007733491969055,0.027007733491969055,0.027007733491969055,0.027007733491969055,0.027007733491969055,0.027007733491969055,0.027007733491969055,0.027007733491969055
2010-10-06,-0.012554006684601049,-0.012554006684601049,-0.012554006684601049,-0.012554006684601049,-0.012554006684601049,-0.012554006684601049,-0.012554006684601049,-0.012554006684601049,-0.012554006684601049,-0.012554006684601049,-0.012554006684601049,-0.012554006684601049,-0.012554006684601049,-0.012554006684601049,-0.012554006684601049,-0.012554006684601049
2010-10-07,-0.0024555188793173865,-0.0024555188793173865,-0.0,-0.0,-0.0024555188793173865,-0.0024555188793173865,-0.0,-0.0,-0.0024555188793173865,-0.0024555188793173865,-0.0024555188793173865,-0.0024555188793173865,-0.0024555188793173865,-0.0024555188793173865,-0.0024555188793173865,-0.0024555188793173865
2010-10-08,0.004156125767979746,0.004156125767979746,0.0,0.0,0.004156125767979746,0.004156125767979746,0.004156125767979746,0.004156125767979746,0.004156125767979746,0.004156125767979746,0.004156125767979746,0.004156125767979746,0.004156125767979746,0.004156125767979746,0.004156125767979746,0.004156125767979746
2010-10-11,-0.024798887074336307,-0.024798887074336307,-0.024798887074336307,-0.024798887074336307,-0.024798887074336307,-0.024798887074336307,-0.024798887074336307,-0.024798887074336307,-0.024798887074336307,-0.024798887074336307,-0.024798887074336307,-0.024798887074336307,-0.024798887074336307,-0.024798887074336307,-0.024798887074336307,-0.024798887074336307
2010-10-12,0.0,0.0,0.0,0.0,0.0075153947549626565,0.0,0.0,0.0,0.0075153947549626565,0.0075153947549626565,0.0075153947549626565,0.0075153947549626565,0.0075153947549626565,0.0075153947549626565,0.0075153947549626565,0.0075153947549626565
2010-10-13,0.01254782246714381,0.0,0.0,0.0,0.01254782246714381,0.01254782246714381,0.01254782246714381,0.01254782246714381,0.01254782246714381,0.01254782246714381,0.01254782246714381,0.01254782246714381,0.01254782246714381,0.01254782246714381,0.01254782246714381,0.01254782246714381
2010-10-14,0.0012245553458867242,0.0012245553458867242,0.0012245553458867242,0.0012245553458867242,0.0012245553458867242,0.0012245553458867242,0.0012245553458867242,0.0012245553458867242,0.0012245553458867242,0.0012245553458867242,0.0012245553458867242,0.0012245553458867242,0.0012245553458867242,0.0012245553458867242,0.0012245553458867242,0.0012245553458867242
2010-10-15,0.0,0.0,0.0,0.0,0.04916286455088126,0.04916286455088126,0.0,0.0,0.04916286455088126,0.04916286455088126,0.04916286455088126,0.04916286455088126,0.04916286455088126,0.04916286455088126,0.04916286455088126,0.04916286455088126
2010-10-18,-0.0,-0.0,-0.0,-0.0,-0.016509184687255596,-0.016509184687255596,-0.016509184687255596,-0.016509184687255596,-0.016509184687255596,-0.016509184687255596,-0.016509184687255596,-0.016509184687255596,-0.016509184687255596,-0.016509184687255596,-0.016509184687255596,-0.016509184687255596
2010-10-19,-0.020400099817002193,-0.020400099817002193,-0.020400099817002193,-0.020400099817002193,-0.020400099817002193,-0.020400099817002193,-0.020400099817002193,-0.020400099817002193,-0.020400099817002193,-0.020400099817002193,-0.020400099817002193,-0.020400099817002193,0.020400099817002193,0.020400099817002193,0.020400099817002193,0.020400099817002193
2010-10-20,0.010507992442736702,0.010507992442736702,0.010507992442736702,0.010507992442736702,0.010507992442736702,0.010507992442736702,0.010507992442736702,0.010507992442736702,0.010507992442736702,0.010507992442736702,0.010507992442736702,-0.0,-0.010507992442736702,-0.010507992442736702,-0.010507992442736702,-0.010507992442736702
2010-10-21,0.015314482584765532,0.015314482584765532,0.015314482584765532,0.015314482584765532,0.015314482584765532,0.015314482584765532,0.015314482584765532,0.015314482584765532,0.015314482584765532,0.015314482584765532,0.015314482584765532,0.015314482584765532,-0.015314482584765532,-0.015314482584765532,-0.015314482584765532,-0.015314482584765532
2010-10-22,-0.00018621588628420227,-0.00018621588628420227,-0.00018621588628420227,-0.00018621588628420227,-0.00018621588628420227,-0.00018621588628420227,-0.00018621588628420227,-0.00018621588628420227,-0.00018621588628420227,-0.00018621588628420227,0.0,0.0,0.00018621588628420227,0.00018621588628420227,0.00018621588628420227,0.00018621588628420227
2010-10-25,-0.018128388725632272,-0.018128388725632272,-0.018128388725632272,-0.018128388725632272,-0.018128388725632272,-0.018128388725632272,-0.018128388725632272,-0.018128388725632272,0.018128388725632272,0.0,0.0,0.0,0.018128388725632272,0.018128388725632272,0.018128388725632272,0.018128388725632272
2010-10-26,-0.03053998229566246,-0.03053998229566246,-0.03053998229566246,-0.03053998229566246,0.03053998229566246,0.03053998229566246,0.03053998229566246,0.03053998229566246,0.03053998229566246,0.03053998229566246,0.03053998229566246,-0.0,-0.03053998229566246,-0.03053998229566246,-0.03053998229566246,-0.03053998229566246
2010-10-27,0.01648430309847626,0.01648430309847626,-0.0,-0.0,0.01648430309847626,0.01648430309847626,0.01648430309847626,0.01648430309847626,0.01648430309847626,0.01648430309847626,0.01648430309847626,0.01648430309847626,-0.01648430309847626,-0.01648430309847626,-0.01648430309847626,-0.01648430309847626
2010-10-28,0.0003420454316814814,0.0003420454316814814,0.0003420454316814814,0.0003420454316814814,-0.0003420454316814814,-0.0003420454316814814,-0.0003420454316814814,-0.0003420454316814814,0.0003420454316814814,0.0,0.0,0.0,0.0003420454316814814,0.0003420454316814814,0.0003420454316814814,0.0003420454316814814
2010-10-29,-0.0075074470654536984,-0.0075074470654536984,-0.0075074470654536984,-0.0075074470654536984,-0.0,-0.0,-0.0,-0.0,-0.0075074470654536984,-0.0075074470654536984,-0.0,-0.0,-0.0075074470654536984,-0.0075074470654536984,-0.0075074470654536984,-0.0075074470654536984
2010-11-01,0.007411550832051472,0.007411550832051472,0.007411550832051472,0.007411550832051472,0.0,0.0,0.0,0.0,0.007411550832051472,0.007411550832051472,0.007411550832051472,0.007411550832051472,0.007411550832051472,0.007411550832051472,0.007411550832051472,0.007411550832051472
2010-11-02,-0.04693475023145344,-0.04693475023145344,-0.04693475023145344,-0.04693475023145344,-0.04693475023145344,-0.04693475023145344,-0.04693475023145344,-0.04693475023145344,-0.04693475023145344,-0.0,-0.0,-0.0,-0.04693475023145344,-0.04693475023145344,-0.04693475023145344,-0.04693475023145344
2010-11-03,-0.0019993079318696427,-0.0019993079318696427,-0.0019993079318696427,-0.0019993079318696427,-0.0019993079318696427,-0.0019993079318696427,-0.0019993079318696427,-0.0019993079318696427,0.0019993079318696427,0.0019993079318696427,-0.0,-0.0,-0.0019993079318696427,-0.0019993079318696427,-0.0019993079318696427,-0.0019993079318696427
2010-11-04,-0.028298990829208392,-0.028298990829208392,-0.028298990829208392,-0.028298990829208392,-0.028298990829208392,-0.028298990829208392,-0.028298990829208392,-0.028298990829208392,-0.028298990829208392,-0.028298990829208392,-0.028298990829208392,-0.028298990829208392,-0.028298990829208392,-0.028298990829208392,-0.028298990829208392,-0.028298990829208392
2010-11-05,0.03270705449931899,0.03270705449931899,0.03270705449931899,0.03270705449931899,0.03270705449931899,0.03270705449931899,0.03270705449931899,0.03270705449931899,0.03270705449931899,0.03270705449931899,0.03270705449931899,0.03270705449931899,0.03270705449931899,0.03270705449931899,0.03270705449931899,0.03270705449931899
2010-11-08,-0.026772625569014608,-0.026772625569014608,-0.026772625569014608,-0.026772625569014608,-0.026772625569014608,-0.026772625569014608,-0.026772625569014608,-0.026772625569014608,-0.026772625569014608,-0.026772625569014608,-0.026772625569014608,-0.026772625569014608,-0.026772625569014608,-0.026772625569014608,-0.026772625569014608,-0.026772625569014608
2010-11-09,-0.006687706642620972,-0.006687706642620972,-0.006687706642620972,-0.006687706642620972,-0.006687706642620972,-0.006687706642620972,-0.006687706642620972,-0.006687706642620972,-0.006687706642620972,-0.006687706642620972,-0.006687706642620972,-0.006687706642620972,-0.006687706642620972,-0.006687706642620972,-0.006687706642620972,-0.006687706642620972
2010-11-10,0.027207583787415057,0.027207583787415057,0.027207583787415057,0.027207583787415057,0.027207583787415057,0.027207583787415057,0.027207583787415057,0.027207583787415057,0.027207583787415057,0.027207583787415057,0.027207583787415057,0.027207583787415057,0.027207583787415057,0.027207583787415057,0.027207583787415057,0.027207583787415057
2010-11-11,0.014636485708805047,0.014636485708805047,0.014636485708805047,0.014636485708805047,0.014636485708805047,0.014636485708805047,0.014636485708805047,0.014636485708805047,0.014636485708805047,0.014636485708805047,0.014636485708805047,0.014636485708805047,0.014636485708805047,0.014636485708805047,0.014636485708805047,0.014636485708805047
2010-11-12,0.0,0.0,0.0,0.0,0.026846029552046957,0.026846029552046957,0.026846029552046957,0.026846029552046957,0.026846029552046957,0.026846029552046957,0.026846029552046957,0.026846029552046957,0.026846029552046957,0.026846029552046957,0.026846029552046957,0.026846029552046957
2010-11-15,0.00762182923901733,0.00762182923901733,0.00762182923901733,0.00762182923901733,-0.00762182923901733,-0.00762182923901733,-0.00762182923901733,-0.00762182923901733,-0.00762182923901733,-0.00762182923901733,-0.00762182923901733,-0.00762182923901733,-0.00762182923901733,-0.00762182923901733,-0.00762182923901733,-0.00762182923901733
2010-11-16,0.016200440747285105,0.016200440747285105,0.016200440747285105,0.016200440747285105,-0.0,-0.0,-0.0,-0.0,-0.016200440747285105,-0.016200440747285105,-0.016200440747285105,-0.016200440747285105,-0.016200440747285105,-0.016200440747285105,-0.016200440747285105,-0.016200440747285105
2010-11-17,0.004747484614633146,0.004747484614633146,0.004747484614633146,0.004747484614633146,-0.004747484614633146,-0.004747484614633146,-0.0,-0.0,-0.004747484614633146,-0.004747484614633146,-0.004747484614633146,-0.004747484614633146,-0.004747484614633146,-0.004747484614633146,-0.004747484614633146,-0.004747484614633146
2010-11-18,0.012639029322548234,0.012639029322548234,0.012639029322548234,0.012639029322548234,0.012639029322548234,0.012639029322548234,0.012639029322548234,-0.0,-0.012639029322548234,-0.012639029322548234,-0.012639029322548234,-0.012639029322548234,-0.012639029322548234,-0.012639029322548234,-0.012639029322548234,-0.012639029322548234
2010-11-19,-0.006989515726410489,-0.006989515726410489,0.0,0.0,-0.006989515726410489,-0.006989515726410489,0.0,0.0,0.006989515726410489,0.006989515726410489,0.006989515726410489,0.006989515726410489,0.006989515726410489,0.006989515726410489,0.006989515726410489,0.006989515726410489
2010-11-22,-0.0,-0.0,-0.0,-0.0,0.0,0.0,0.0,0.0,-0.0,-0.0,-0.0,-0.0,-0.0,-0.0,-0.0,-0.0
2010-11-23,0.016339869281045694,0.016339869281045694,0.016339869281045694,0.016339869281045694,0.0,0.0,0.0,0.0,0.016339869281045694,0.016339869281045694,0.016339869281045694,0.016339869281045694,0.016339869281045694,0.016339869281045694,0.016339869281045694,0.016339869281045694
2010-11-24,-0.0033026007981284966,-0.0033026007981284966,-0.0033026007981284966,-0.0033026007981284966,0.0033026007981284966,0.0033026007981284966,0.0033026007981284966,0.0033026007981284966,-0.0033026007981284966,-0.0033026007981284966,-0.0033026007981284966,-0.0033026007981284966,-0.0033026007981284966,-0.0033026007981284966,-0.0033026007981284966,-0.0033026007981284966
2010-11-26,0.011912925916492068,-0.0,-0.0,-0.0,0.011912925916492068,0.011912925916492068,0.011912925916492068,0.011912925916492068,-0.011912925916492068,-0.011912925916492068,-0.011912925916492068,-0.011912925916492068,-0.011912925916492068,-0.011912925916492068,-0.011912925916492068,-0.011912925916492068
2010-11-29,0.01326362668215686,-0.0,-0.0,-0.0,0.01326362668215686,0.01326362668215686,0.01326362668215686,0.01326362668215686,-0.01326362668215686,-0.01326362668215686,-0.01326362668215686,-0.01326362668215686,-0.01326362668215686,-0.01326362668215686,-0.01326362668215686,-0.01326362668215686
2010-11-30,0.014580546531626215,-0.0,-0.0,-0.0,-0.014580546531626215,-0.0,-0.0,-0.0,-0.014580546531626215,-0.014580546531626215,-0.014580546531626215,-0.014580546531626215,-0.014580546531626215,-0.014580546531626215,-0.014580546531626215,-0.014580546531626215
2010-12-01,-0.02501271354039125,-0.02501271354039125,-0.0,-0.0,-0.02501271354039125,-0.02501271354039125,-0.02501271354039125,-0.02501271354039125,-0.02501271354039125,-0.02501271354039125,-0.02501271354039125,-0.02501271354039125,-0.02501271354039125,-0.02501271354039125,-0.02501271354039125,-0.02501271354039125
2010-12-02,-0.01688686352694746,-0.01688686352694746,-0.01688686352694746,-0.01688686352694746,-0.01688686352694746,-0.01688686352694746,-0.01688686352694746,-0.01688686352694746,-0.01688686352694746,-0.01688686352694746,-0.01688686352694746,-0.01688686352694746,-0.01688686352694746,-0.01688686352694746,-0.01688686352694746,-0.01688686352694746
2010-12-03,0.02240693892302137,0.02240693892302137,0.02240693892302137,0.02240693892302137,0.02240693892302137,0.02240693892302137,0.02240693892302137,0.02240693892302137,0.02240693892302137,0.02240693892302137,0.02240693892302137,0.02240693892302137,0.02240693892302137,0.02240693892302137,0.02240693892302137,0.02240693892302137
2010-12-06,0.019408502772643277,0.019408502772643277,0.019408502772643277,0.019408502772643277,0.019408502772643277,0.019408502772643277,0.019408502772643277,0.019408502772643277,0.019408502772643277,0.019408502772643277,0.019408502772643277,0.019408502772643277,0.019408502772643277,0.019408502772643277,0.019408502772643277,0.019408502772643277
2010-12-07,-0.004410933081998136,-0.004410933081998136,-0.004410933081998136,-0.004410933081998136,-0.004410933081998136,-0.004410933081998136,-0.004410933081998136,-0.004410933081998136,-0.004410933081998136,-0.0,-0.0,-0.0,-0.004410933081998136,-0.004410933081998136,-0.004410933081998136,-0.004410933081998136
2010-12-08,-0.003115381728098665,-0.003115381728098665,-0.0,-0.0,-0.003115381728098665,-0.003115381728098665,-0.003115381728098665,-0.003115381728098665,-0.003115381728098665,-0.003115381728098665,-0.003115381728098665,-0.003115381728098665,-0.003115381728098665,-0.003115381728098665,-0.003115381728098665,-0.003115381728098665
2010-12-09,-0.0,-0.0,-0.0,-0.0,-0.009560336763330124,-0.009560336763330124,-0.009560336763330124,-0.009560336763330124,-0.0,-0.0,-0.0,-0.0,-0.009560336763330124,-0.009560336763330124,-0.009560336763330124,-0.009560336763330124
2010-12-10,-0.000315042345397476,-0.000315042345397476,-0.000315042345397476,0.0,0.000315042345397476,0.000315042345397476,0.000315042345397476,0.000315042345397476,0.0,0.0,0.0,0.0,0.000315042345397476,0.000315042345397476,0.000315042345397476,0.000315042345397476
2010-12-13,-0.0192236393296753,-0.0192236393296753,-0.0192236393296753,-0.0192236393296753,0.0192236393296753,0.0192236393296753,0.0192236393296753,0.0192236393296753,0.0192236393296753,0.0192236393296753,0.0192236393296753,0.0192236393296753,0.0192236393296753,0.0192236393296753,0.0192236393296753,0.0192236393296753
2010-12-14,0.0,0.0,0.0,0.0,0.014667246300111403,0.014667246300111403,0.014667246300111403,0.014667246300111403,0.014667246300111403,0.014667246300111403,0.014667246300111403,0.014667246300111403,0.014667246300111403,0.014667246300111403,0.014667246300111403,0.014667246300111403
2010-12-15,-0.0,-0.0,-0.0,-0.0,-0.001994974199612587,-0.001994974199612587,-0.0,-0.0,-0.001994974199612587,-0.001994974199612587,-0.001994974199612587,-0.001994974199612587,-0.001994974199612587,-0.001994974199612587,-0.001994974199612587,-0.001994974199612587
2010-12-16,0.0064707571551640974,0.0064707571551640974,0.0064707571551640974,0.0064707571551640974,0.0064707571551640974,0.0064707571551640974,0.0064707571551640974,-0.0,-0.0064707571551640974,-0.0064707571551640974,-0.0064707571551640974,-0.0064707571551640974,-0.0064707571551640974,-0.0064707571551640974,-0.0064707571551640974,-0.0064707571551640974
2010-12-17,-0.0011793125748957856,-0.0011793125748957856,-0.0011793125748957856,-0.0011793125748957856,-0.0011793125748957856,-0.0011793125748957856,-0.0011793125748957856,-0.0011793125748957856,0.0011793125748957856,0.0011793125748957856,0.0011793125748957856,0.0011793125748957856,0.0011793125748957856,0.0011793125748957856,0.0011793125748957856,0.0011793125748957856
2010-12-20,-0.010873912132696062,-0.010873912132696062,-0.010873912132696062,-0.010873912132696062,-0.010873912132696062,-0.010873912132696062,-0.010873912132696062,-0.010873912132696062,0.010873912132696062,0.010873912132696062,0.010873912132696062,0.010873912132696062,0.010873912132696062,0.010873912132696062,0.010873912132696062,0.010873912132696062
2010-12-21,0.0074123989218328745,0.0074123989218328745,0.0074123989218328745,0.0074123989218328745,0.0074123989218328745,0.0074123989218328745,0.0074123989218328745,0.0074123989218328745,-0.0074123989218328745,-0.0,-0.0,-0.0,-0.0074123989218328745,-0.0074123989218328745,-0.0074123989218328745,-0.0074123989218328745
2010-12-22,-0.006669851887243228,-0.006669851887243228,-0.006669851887243228,0.0,-0.006669851887243228,-0.006669851887243228,-0.006669851887243228,-0.006669851887243228,0.0,0.0,0.0,0.0,0.006669851887243228,0.006669851887243228,0.006669851887243228,0.006669851887243228
2010-12-23,-0.0,-0.0,-0.0,-0.0,0.026550715714945383,0.026550715714945383,0.026550715714945383,-0.0,-0.026550715714945383,-0.026550715714945383,-0.0,-0.0,-0.026550715714945383,-0.026550715714945383,-0.026550715714945383,-0.026550715714945383
2010-12-27,-0.0,-0.0,-0.0,-0.0,0.003261114026538614,0.003261114026538614,0.003261114026538614,0.003261114026538614,-0.003261114026538614,-0.003261114026538614,-0.003261114026538614,-0.003261114026538614,-0.003261114026538614,-0.003261114026538614,-0.003261114026538614,-0.003261114026538614
2010-12-28,0.007173547543433578,0.007173547543433578,0.0,0.0,-0.007173547543433578,-0.007173547543433578,0.0,0.0,0.007173547543433578,0.007173547543433578,0.007173547543433578,0.007173547543433578,0.007173547543433578,0.007173547543433578,0.007173547543433578,0.007173547543433578
2010-12-29,-0.009520942309863445,-0.009520942309863445,-0.009520942309863445,-0.0,0.009520942309863445,-0.0,-0.0,-0.0,-0.009520942309863445,-0.009520942309863445,-0.009520942309863445,-0.009520942309863445,-0.009520942309863445,-0.009520942309863445,-0.009520942309863445,-0.009520942309863445
2010-12-30,0.011705062253038134,0.011705062253038134,0.011705062253038134,0.011705062253038134,0.0,0.0,0.0,0.0,0.011705062253038134,0.011705062253038134,0.011705062253038134,0.0,0.011705062253038134,0.011705062253038134,0.011705062253038134,0.011705062253038134
2010-12-31,0.02849652987326501,0.02849652987326501,0.02849652987326501,0.02849652987326501,0.02849652987326501,0.02849652987326501,0.02849652987326501,0.02849652987326501,0.02849652987326501,0.02849652987326501,0.0,0.0,0.02849652987326501,0.02849652987326501,0.02849652987326501,0.02849652987326501
2011-01-03,0.012385223147554969,0.012385223147554969,0.012385223147554969,0.012385223147554969,0.012385223147554969,0.012385223147554969,0.012385223147554969,0.0,-0.012385223147554969,-0.012385223147554969,-0.012385223147554969,-0.012385223147554969,0.012385223147554969,0.012385223147554969,0.012385223147554969,0.012385223147554969
2011-01-04,-0.026083538083538027,-0.026083538083538027,-0.026083538083538027,-0.026083538083538027,-0.026083538083538027,-0.026083538083538027,-0.026083538083538027,-0.026083538083538027,-0.026083538083538027,-0.026083538083538027,-0.026083538083538027,-0.026083538083538027,0.026083538083538027,0.026083538083538027,0.026083538083538027,0.026083538083538027
2011-01-05,0.0,0.0,0.0,0.0,0.0,0.0,0.0,0.0,0.0,0.0,0.0,0.0,-0.0,-0.0,-0.0,-0.0
2011-01-06,0.003330104141438639,0.003330104141438639,0.003330104141438639,0.003330104141438639,0.003330104141438639,0.003330104141438639,0.003330104141438639,0.003330104141438639,0.003330104141438639,0.003330104141438639,0.003330104141438639,0.003330104141438639,-0.0,-0.0,-0.0,-0.0
2011-01-07,0.019511998873534164,0.019511998873534164,0.019511998873534164,0.019511998873534164,0.019511998873534164,0.019511998873534164,0.019511998873534164,0.019511998873534164,0.019511998873534164,0.019511998873534164,0.019511998873534164,0.019511998873534164,0.019511998873534164,0.019511998873534164,0.019511998873534164,0.019511998873534164
2011-01-10,-0.0015587080480634619,-0.0015587080480634619,-0.0015587080480634619,-0.0015587080480634619,-0.0015587080480634619,-0.0015587080480634619,-0.0015587080480634619,-0.0015587080480634619,-0.0015587080480634619,-0.0015587080480634619,-0.0015587080480634619,-0.0015587080480634619,-0.0015587080480634619,-0.0015587080480634619,0.0,0.0
2011-01-11,-0.032092324717413745,-0.032092324717413745,-0.032092324717413745,0.0,-0.032092324717413745,-0.032092324717413745,-0.032092324717413745,-0.032092324717413745,-0.032092324717413745,-0.032092324717413745,-0.032092324717413745,-0.032092324717413745,0.032092324717413745,0.032092324717413745,0.032092324717413745,0.0
2011-01-12,-0.021396488362596888,0.0,0.0,0.0,-0.021396488362596888,-0.021396488362596888,-0.021396488362596888,-0.021396488362596888,-0.021396488362596888,-0.021396488362596888,-0.021396488362596888,-0.021396488362596888,0.021396488362596888,0.021396488362596888,0.021396488362596888,0.0
2011-01-13,0.0167528999415838,0.0167528999415838,-0.0,-0.0,0.0167528999415838,0.0167528999415838,0.0167528999415838,0.0167528999415838,0.0167528999415838,0.0167528999415838,0.0167528999415838,0.0167528999415838,-0.0167528999415838,-0.0167528999415838,-0.0167528999415838,-0.0167528999415838
2011-01-14,-0.009315686878013762,-0.009315686878013762,-0.009315686878013762,-0.009315686878013762,-0.009315686878013762,-0.009315686878013762,-0.009315686878013762,-0.009315686878013762,-0.009315686878013762,-0.009315686878013762,-0.009315686878013762,-0.009315686878013762,0.0,0.0,0.0,0.0
2011-01-18,-0.013027899173587931,-0.013027899173587931,-0.013027899173587931,0.0,-0.013027899173587931,-0.013027899173587931,-0.013027899173587931,-0.013027899173587931,-0.013027899173587931,-0.013027899173587931,-0.013027899173587931,-0.013027899173587931,0.013027899173587931,0.013027899173587931,0.013027899173587931,0.013027899173587931
2011-01-19,-0.011164274322169154,-0.011164274322169154,-0.011164274322169154,-0.011164274322169154,-0.011164274322169154,-0.011164274322169154,-0.011164274322169154,-0.011164274322169154,-0.011164274322169154,-0.011164274322169154,-0.011164274322169154,-0.011164274322169154,0.011164274322169154,0.011164274322169154,0.0,0.0
2011-01-20,-0.010016977928692605,-0.010016977928692605,-0.010016977928692605,-0.010016977928692605,-0.010016977928692605,-0.010016977928692605,-0.010016977928692605,-0.010016977928692605,-0.010016977928692605,-0.010016977928692605,-0.010016977928692605,-0.010016977928692605,-0.010016977928692605,-0.010016977928692605,0.0,0.0
2011-01-21,-0.00600240096038418,-0.00600240096038418,-0.00600240096038418,-0.00600240096038418,-0.00600240096038418,-0.00600240096038418,-0.00600240096038418,-0.00600240096038418,-0.00600240096038418,-0.00600240096038418,-0.00600240096038418,-0.00600240096038418,-0.00600240096038418,-0.00600240096038418,-0.00600240096038418,-0.00600240096038418
2011-01-24,0.03899240855762587,0.03899240855762587,0.03899240855762587,0.03899240855762587,0.03899240855762587,0.03899240855762587,0.03899240855762587,0.03899240855762587,0.03899240855762587,0.03899240855762587,0.03899240855762587,0.03899240855762587,0.03899240855762587,0.03899240855762587,0.03899240855762587,-0.0
2011-01-25,-0.02609182995682513,-0.02609182995682513,-0.02609182995682513,-0.02609182995682513,-0.02609182995682513,-0.02609182995682513,-0.02609182995682513,-0.02609182995682513,-0.02609182995682513,-0.02609182995682513,-0.02609182995682513,-0.02609182995682513,-0.02609182995682513,-0.02609182995682513,-0.02609182995682513,-0.02609182995682513
2011-01-26,-0.0,-0.0,-0.0,-0.0,0.010592723630085787,0.010592723630085787,0.010592723630085787,0.010592723630085787,0.010592723630085787,0.010592723630085787,0.010592723630085787,0.010592723630085787,0.010592723630085787,0.010592723630085787,0.010592723630085787,0.010592723630085787
2011-01-27,-0.006812046566559649,-0.006812046566559649,-0.006812046566559649,0.0,-0.006812046566559649,-0.006812046566559649,-0.006812046566559649,-0.006812046566559649,-0.006812046566559649,-0.006812046566559649,-0.006812046566559649,-0.006812046566559649,-0.006812046566559649,-0.006812046566559649,-0.006812046566559649,-0.006812046566559649
2011-01-28,-0.02828445841207805,-0.0,-0.0,-0.0,0.02828445841207805,0.02828445841207805,0.02828445841207805,0.02828445841207805,0.02828445841207805,0.02828445841207805,0.02828445841207805,0.02828445841207805,0.02828445841207805,0.02828445841207805,0.02828445841207805,0.02828445841207805
2011-01-31,0.007847186370676162,0.0,0.0,0.0,-0.007847186370676162,-0.007847186370676162,-0.007847186370676162,0.0,-0.007847186370676162,-0.007847186370676162,-0.007847186370676162,-0.007847186370676162,-0.007847186370676162,-0.007847186370676162,-0.007847186370676162,-0.007847186370676162
2011-02-01,-0.027994588406702103,-0.027994588406702103,-0.027994588406702103,-0.027994588406702103,0.027994588406702103,-0.0,-0.0,-0.0,0.027994588406702103,0.027994588406702103,0.027994588406702103,0.027994588406702103,0.027994588406702103,0.027994588406702103,0.027994588406702103,0.027994588406702103
2011-02-02,0.0,0.0,0.0,0.0,0.0,0.0,0.0,0.0,-0.007410406964972638,-0.007410406964972638,-0.007410406964972638,-0.007410406964972638,-0.007410406964972638,-0.007410406964972638,-0.007410406964972638,-0.007410406964972638
2011-02-03,0.0003671671018277145,0.0003671671018277145,0.0003671671018277145,0.0003671671018277145,0.0003671671018277145,0.0003671671018277145,0.0003671671018277145,0.0003671671018277145,-0.0003671671018277145,-0.0003671671018277145,-0.0003671671018277145,-0.0003671671018277145,-0.0003671671018277145,-0.0003671671018277145,-0.0003671671018277145,-0.0003671671018277145
2011-02-04,-0.022099334775333546,-0.022099334775333546,-0.022099334775333546,-0.022099334775333546,-0.022099334775333546,-0.022099334775333546,-0.022099334775333546,-0.022099334775333546,0.022099334775333546,0.022099334775333546,-0.0,-0.0,0.022099334775333546,0.022099334775333546,0.022099334775333546,0.022099334775333546
2011-02-07,0.01535267224340675,0.01535267224340675,0.01535267224340675,0.01535267224340675,0.01535267224340675,0.01535267224340675,0.01535267224340675,0.01535267224340675,-0.01535267224340675,-0.01535267224340675,0.0,0.0,-0.01535267224340675,-0.01535267224340675,-0.01535267224340675,-0.01535267224340675
2011-02-08,0.009367396593674027,0.009367396593674027,0.009367396593674027,0.009367396593674027,0.009367396593674027,0.009367396593674027,0.009367396593674027,0.009367396593674027,0.009367396593674027,0.0,0.0,0.0,-0.009367396593674027,-0.009367396593674027,-0.009367396593674027,-0.009367396593674027
2011-02-09,0.00501453190879686,0.00501453190879686,0.00501453190879686,0.00501453190879686,0.00501453190879686,0.00501453190879686,0.00501453190879686,0.00501453190879686,-0.00501453190879686,-0.00501453190879686,-0.00501453190879686,-0.00501453190879686,-0.00501453190879686,-0.00501453190879686,-0.00501453190879686,-0.00501453190879686
2011-02-10,0.013844033488984442,0.013844033488984442,-0.0,-0.0,-0.013844033488984442,-0.013844033488984442,-0.013844033488984442,-0.013844033488984442,0.013844033488984442,0.013844033488984442,0.013844033488984442,0.013844033488984442,0.013844033488984442,0.013844033488984442,0.013844033488984442,0.013844033488984442
2011-02-11,0.01868684819218447,-0.0,-0.0,-0.0,-0.01868684819218447,-0.01868684819218447,-0.01868684819218447,-0.01868684819218447,0.01868684819218447,-0.0,-0.0,-0.0,0.01868684819218447,0.01868684819218447,0.01868684819218447,0.01868684819218447
2011-02-14,-0.00583583962395684,-0.0,-0.0,-0.0,-0.00583583962395684,-0.00583583962395684,-0.00583583962395684,-0.00583583962395684,-0.00583583962395684,-0.00583583962395684,-0.00583583962395684,-0.00583583962395684,0.00583583962395684,0.00583583962395684,0.00583583962395684,0.00583583962395684
2011-02-15,-0.0,-0.0,-0.0,-0.0,-0.010198019801980207,-0.010198019801980207,-0.010198019801980207,-0.010198019801980207,-0.010198019801980207,-0.010198019801980207,-0.010198019801980207,-0.010198019801980207,0.010198019801980207,0.010198019801980207,0.010198019801980207,-0.0
2011-02-16,-0.00991865137704595,-0.00991865137704595,-0.00991865137704595,-0.00991865137704595,-0.00991865137704595,-0.00991865137704595,-0.00991865137704595,-0.00991865137704595,-0.00991865137704595,-0.00991865137704595,-0.00991865137704595,-0.00991865137704595,0.00991865137704595,0.00991865137704595,0.00991865137704595,-0.0
2011-02-17,0.008462568661322556,0.008462568661322556,0.008462568661322556,0.008462568661322556,0.008462568661322556,0.008462568661322556,0.008462568661322556,0.008462568661322556,0.008462568661322556,0.008462568661322556,0.008462568661322556,0.008462568661322556,-0.008462568661322556,-0.008462568661322556,-0.008462568661322556,-0.008462568661322556
2011-02-18,-0.018968386023294537,-0.018968386023294537,-0.018968386023294537,-0.018968386023294537,-0.018968386023294537,-0.018968386023294537,-0.018968386023294537,-0.018968386023294537,-0.018968386023294537,-0.018968386023294537,-0.018968386023294537,-0.018968386023294537,-0.0,-0.0,-0.0,-0.0
2011-02-22,0.03119837092250355,0.03119837092250355,0.03119837092250355,0.03119837092250355,0.03119837092250355,0.03119837092250355,0.03119837092250355,0.03119837092250355,0.03119837092250355,0.03119837092250355,0.03119837092250355,0.03119837092250355,-0.03119837092250355,-0.03119837092250355,0.0,0.0
2011-02-23,-0.020265714852270467,-0.020265714852270467,-0.020265714852270467,-0.020265714852270467,-0.020265714852270467,-0.020265714852270467,-0.020265714852270467,-0.020265714852270467,-0.020265714852270467,-0.020265714852270467,-0.020265714852270467,-0.020265714852270467,-0.020265714852270467,-0.020265714852270467,-0.020265714852270467,-0.020265714852270467
2011-02-24,-0.0,-0.0,-0.0,-0.0,-0.016792350151597635,-0.016792350151597635,-0.016792350151597635,-0.016792350151597635,-0.016792350151597635,-0.016792350151597635,-0.016792350151597635,-0.016792350151597635,0.016792350151597635,0.016792350151597635,-0.0,-0.0
2011-02-25,-0.0148711675204527,-0.0,-0.0,-0.0,-0.0148711675204527,-0.0148711675204527,-0.0148711675204527,-0.0148711675204527,-0.0148711675204527,-0.0148711675204527,-0.0148711675204527,-0.0148711675204527,-0.0,-0.0,-0.0,-0.0
2011-02-28,-0.0003201868384374862,-0.0003201868384374862,-0.0003201868384374862,-0.0,-0.0003201868384374862,-0.0003201868384374862,-0.0003201868384374862,-0.0003201868384374862,-0.0003201868384374862,-0.0003201868384374862,-0.0003201868384374862,-0.0003201868384374862,-0.0,-0.0,-0.0,-0.0
2011-03-01,0.013970740524561709,0.013970740524561709,0.013970740524561709,0.013970740524561709,0.013970740524561709,0.013970740524561709,0.013970740524561709,0.013970740524561709,0.013970740524561709,0.013970740524561709,0.013970740524561709,0.013970740524561709,0.0,0.0,0.0,0.0
2011-03-02,-0.0073325822528595985,-0.0073325822528595985,-0.0073325822528595985,-0.0073325822528595985,-0.0073325822528595985,-0.0073325822528595985,-0.0073325822528595985,-0.0073325822528595985,-0.0073325822528595985,-0.0073325822528595985,-0.0073325822528595985,-0.0073325822528595985,0.0073325822528595985,0.0073325822528595985,0.0073325822528595985,0.0073325822528595985
2011-03-03,0.006956950315621824,0.006956950315621824,0.006956950315621824,0.006956950315621824,0.006956950315621824,0.006956950315621824,0.006956950315621824,0.006956950315621824,0.006956950315621824,0.006956950315621824,0.006956950315621824,0.006956950315621824,-0.006956950315621824,-0.006956950315621824,-0.006956950315621824,-0.006956950315621824
2011-03-04,0.009010040850608969,0.009010040850608969,0.009010040850608969,0.009010040850608969,0.009010040850608969,0.009010040850608969,0.009010040850608969,0.009010040850608969,0.009010040850608969,0.009010040850608969,0.009010040850608969,0.009010040850608969,-0.009010040850608969,-0.009010040850608969,-0.009010040850608969,-0.009010040850608969
2011-03-07,0.0,0.0,0.0,0.0,0.008745232499903666,0.008745232499903666,0.008745232499903666,0.0,0.008745232499903666,0.008745232499903666,0.008745232499903666,0.008745232499903666,-0.008745232499903666,-0.008745232499903666,0.0,0.0
2011-03-08,-0.03515351729498639,-0.03515351729498639,-0.03515351729498639,-0.03515351729498639,0.03515351729498639,0.03515351729498639,0.03515351729498639,0.0,0.03515351729498639,0.03515351729498639,0.03515351729498639,0.03515351729498639,-0.03515351729498639,-0.03515351729498639,-0.03515351729498639,-0.03515351729498639
2011-03-09,0.017441743368713514,0.017441743368713514,0.017441743368713514,0.017441743368713514,0.017441743368713514,0.017441743368713514,-0.0,-0.0,-0.017441743368713514,-0.017441743368713514,-0.017441743368713514,-0.017441743368713514,0.017441743368713514,0.017441743368713514,0.017441743368713514,0.017441743368713514
2011-03-10,-0.001722192529247657,-0.001722192529247657,-0.001722192529247657,-0.001722192529247657,-0.001722192529247657,-0.001722192529247657,-0.001722192529247657,0.0,0.001722192529247657,0.0,0.0,0.0,-0.001722192529247657,-0.001722192529247657,-0.001722192529247657,-0.001722192529247657
2011-03-11,-0.022169343644655948,-0.022169343644655948,-0.022169343644655948,-0.022169343644655948,-0.022169343644655948,-0.022169343644655948,-0.022169343644655948,0.0,0.022169343644655948,0.022169343644655948,0.022169343644655948,0.022169343644655948,-0.022169343644655948,-0.022169343644655948,-0.022169343644655948,-0.022169343644655948
2011-03-14,-0.0216174561972744,-0.0216174561972744,-0.0216174561972744,-0.0216174561972744,-0.0216174561972744,-0.0216174561972744,-0.0216174561972744,-0.0216174561972744,0.0216174561972744,0.0216174561972744,0.0216174561972744,0.0216174561972744,-0.0216174561972744,-0.0216174561972744,-0.0216174561972744,-0.0216174561972744
2011-03-15,0.008332296977987763,0.008332296977987763,0.008332296977987763,0.008332296977987763,0.008332296977987763,0.008332296977987763,0.008332296977987763,0.008332296977987763,-0.0,-0.0,-0.0,-0.0,0.008332296977987763,0.008332296977987763,0.008332296977987763,0.008332296977987763
2011-03-16,0.015992435454694975,0.015992435454694975,0.015992435454694975,0.015992435454694975,0.015992435454694975,0.015992435454694975,0.015992435454694975,0.015992435454694975,0.015992435454694975,0.015992435454694975,0.015992435454694975,0.015992435454694975,0.015992435454694975,0.015992435454694975,0.015992435454694975,0.015992435454694975
2011-03-17,0.025249868490268224,0.025249868490268224,0.025249868490268224,0.025249868490268224,0.025249868490268224,0.025249868490268224,0.025249868490268224,0.025249868490268224,0.025249868490268224,0.025249868490268224,0.025249868490268224,0.025249868490268224,0.025249868490268224,0.025249868490268224,0.025249868490268224,0.025249868490268224
2011-03-18,0.0036310534001657846,0.0036310534001657846,0.0036310534001657846,0.0036310534001657846,0.0036310534001657846,0.0036310534001657846,0.0036310534001657846,0.0036310534001657846,0.0036310534001657846,0.0036310534001657846,0.0036310534001657846,0.0036310534001657846,0.0036310534001657846,0.0036310534001657846,0.0036310534001657846,0.0036310534001657846
2011-03-21,-0.0,-0.0,-0.0,-0.0,0.034684808682999835,0.034684808682999835,0.034684808682999835,0.034684808682999835,0.034684808682999835,0.034684808682999835,0.034684808682999835,-0.0,0.034684808682999835,0.034684808682999835,0.034684808682999835,0.034684808682999835
2011-03-22,0.004142753981224545,0.004142753981224545,0.004142753981224545,0.004142753981224545,-0.004142753981224545,-0.004142753981224545,-0.004142753981224545,-0.004142753981224545,0.0,0.0,0.0,0.0,-0.004142753981224545,-0.004142753981224545,-0.004142753981224545,-0.004142753981224545
2011-03-23,0.008167315472101477,0.008167315472101477,0.008167315472101477,0.008167315472101477,0.008167315472101477,0.008167315472101477,0.008167315472101477,0.008167315472101477,0.008167315472101477,0.008167315472101477,0.0,0.0,0.008167315472101477,0.008167315472101477,0.0,0.0
2011-03-24,0.016988610127751214,0.016988610127751214,0.016988610127751214,0.016988610127751214,0.016988610127751214,0.016988610127751214,0.016988610127751214,0.016988610127751214,0.016988610127751214,0.016988610127751214,0.016988610127751214,0.016988610127751214,-0.016988610127751214,-0.016988610127751214,-0.016988610127751214,0.0
2011-03-25,-0.0006850253459378397,-0.0006850253459378397,-0.0006850253459378397,-0.0006850253459378397,-0.0006850253459378397,-0.0006850253459378397,-0.0006850253459378397,-0.0006850253459378397,-0.0006850253459378397,-0.0006850253459378397,-0.0,-0.0,0.0006850253459378397,0.0006850253459378397,0.0006850253459378397,0.0006850253459378397
2011-03-28,-0.01879596307307141,-0.0,-0.0,-0.0,-0.01879596307307141,-0.01879596307307141,-0.0,-0.0,0.01879596307307141,0.01879596307307141,0.01879596307307141,0.01879596307307141,0.01879596307307141,0.01879596307307141,0.01879596307307141,0.01879596307307141
2011-03-29,-0.00789034153084156,-0.0,-0.0,-0.0,-0.00789034153084156,-0.00789034153084156,-0.00789034153084156,-0.00789034153084156,0.00789034153084156,0.00789034153084156,0.00789034153084156,0.00789034153084156,0.00789034153084156,0.00789034153084156,0.00789034153084156,0.00789034153084156
2011-03-30,-0.005828571428571405,-0.005828571428571405,0.0,0.0,0.005828571428571405,0.005828571428571405,0.005828571428571405,0.005828571428571405,-0.005828571428571405,-0.005828571428571405,-0.005828571428571405,0.0,-0.005828571428571405,-0.005828571428571405,-0.005828571428571405,0.0
2011-03-31,0.0,0.0,0.0,0.0,0.00017243361305896432,0.00017243361305896432,0.00017243361305896432,0.00017243361305896432,0.0,0.0,0.0,0.0,0.00017243361305896432,0.00017243361305896432,0.00017243361305896432,0.0
2011-04-01,-0.0,-0.0,-0.0,-0.0,-0.048864616269042704,-0.048864616269042704,-0.048864616269042704,-0.048864616269042704,0.048864616269042704,0.048864616269042704,-0.0,-0.0,-0.048864616269042704,-0.048864616269042704,-0.048864616269042704,-0.048864616269042704
2011-04-04,-0.0012788891933863678,-0.0012788891933863678,-0.0012788891933863678,-0.0012788891933863678,-0.0012788891933863678,-0.0012788891933863678,-0.0012788891933863678,-0.0012788891933863678,-0.0,-0.0,-0.0,-0.0,-0.0012788891933863678,-0.0012788891933863678,-0.0012788891933863678,-0.0012788891933863678
2011-04-05,0.0030289207189124756,0.0030289207189124756,0.0030289207189124756,0.0030289207189124756,0.0030289207189124756,0.0030289207189124756,0.0030289207189124756,0.0030289207189124756,0.0030289207189124756,0.0030289207189124756,0.0030289207189124756,0.0030289207189124756,0.0030289207189124756,0.0030289207189124756,0.0030289207189124756,0.0030289207189124756
2011-04-06,-0.021266860667289,-0.021266860667289,-0.021266860667289,-0.021266860667289,-0.021266860667289,-0.021266860667289,-0.021266860667289,-0.021266860667289,-0.021266860667289,-0.021266860667289,-0.021266860667289,-0.021266860667289,-0.021266860667289,-0.021266860667289,-0.021266860667289,-0.021266860667289
2011-04-07,0.028010250712352858,0.028010250712352858,0.028010250712352858,0.028010250712352858,0.028010250712352858,0.028010250712352858,0.028010250712352858,0.028010250712352858,0.028010250712352858,0.028010250712352858,0.028010250712352858,0.028010250712352858,0.028010250712352858,0.028010250712352858,0.028010250712352858,0.028010250712352858
2011-04-08,0.016261661565691865,0.016261661565691865,0.016261661565691865,0.016261661565691865,0.016261661565691865,0.016261661565691865,0.016261661565691865,0.016261661565691865,0.016261661565691865,0.016261661565691865,0.016261661565691865,0.016261661565691865,0.016261661565691865,0.016261661565691865,0.016261661565691865,0.016261661565691865
2011-04-11,0.0029612414723743097,0.0029612414723743097,0.0029612414723743097,0.0029612414723743097,0.0029612414723743097,0.0029612414723743097,0.0029612414723743097,0.0029612414723743097,0.0029612414723743097,0.0029612414723743097,0.0029612414723743097,0.0029612414723743097,0.0029612414723743097,0.0029612414723743097,0.0029612414723743097,0.0029612414723743097
2011-04-12,0.011654573480206043,0.011654573480206043,0.011654573480206043,0.011654573480206043,-0.011654573480206043,-0.011654573480206043,-0.011654573480206043,-0.011654573480206043,-0.011654573480206043,-0.011654573480206043,-0.011654573480206043,-0.011654573480206043,-0.011654573480206043,-0.011654573480206043,-0.011654573480206043,-0.011654573480206043
2011-04-13,-0.003233119030807474,-0.003233119030807474,-0.003233119030807474,-0.003233119030807474,0.003233119030807474,0.003233119030807474,0.003233119030807474,0.003233119030807474,0.003233119030807474,0.003233119030807474,0.003233119030807474,0.003233119030807474,0.003233119030807474,0.003233119030807474,0.003233119030807474,0.003233119030807474
2011-04-14,-0.009283424054880252,-0.009283424054880252,-0.009283424054880252,0.0,0.009283424054880252,0.009283424054880252,0.009283424054880252,0.009283424054880252,0.009283424054880252,0.009283424054880252,0.009283424054880252,0.009283424054880252,0.009283424054880252,0.009283424054880252,0.009283424054880252,0.009283424054880252
2011-04-15,0.012813758326120528,0.012813758326120528,0.012813758326120528,0.012813758326120528,-0.012813758326120528,-0.012813758326120528,-0.012813758326120528,-0.012813758326120528,-0.012813758326120528,-0.012813758326120528,-0.012813758326120528,-0.012813758326120528,-0.012813758326120528,-0.012813758326120528,-0.012813758326120528,-0.012813758326120528
2011-04-18,0.007951399855091301,0.007951399855091301,0.007951399855091301,0.007951399855091301,-0.007951399855091301,-0.007951399855091301,-0.007951399855091301,-0.0,-0.007951399855091301,-0.007951399855091301,-0.007951399855091301,-0.007951399855091301,-0.007951399855091301,-0.007951399855091301,-0.007951399855091301,-0.007951399855091301
2011-04-19,-0.008220440512395122,-0.0,-0.0,-0.0,0.008220440512395122,0.008220440512395122,0.008220440512395122,-0.0,-0.008220440512395122,-0.008220440512395122,-0.008220440512395122,-0.008220440512395122,-0.008220440512395122,-0.008220440512395122,-0.008220440512395122,-0.008220440512395122
2011-04-20,0.02444196632602702,0.02444196632602702,0.02444196632602702,0.0,-0.02444196632602702,-0.02444196632602702,0.0,0.0,0.02444196632602702,0.02444196632602702,0.02444196632602702,0.02444196632602702,0.02444196632602702,0.02444196632602702,0.02444196632602702,0.02444196632602702
2011-04-21,0.014241810958698697,0.014241810958698697,0.014241810958698697,0.0,0.0,0.0,0.0,0.0,0.014241810958698697,0.014241810958698697,0.014241810958698697,0.014241810958698697,0.014241810958698697,0.014241810958698697,0.014241810958698697,0.014241810958698697
2011-04-25,0.02275492357995601,-0.0,-0.0,-0.0,0.02275492357995601,0.02275492357995601,0.02275492357995601,0.02275492357995601,-0.02275492357995601,-0.02275492357995601,-0.02275492357995601,-0.02275492357995601,-0.02275492357995601,-0.02275492357995601,-0.02275492357995601,-0.02275492357995601
2011-04-26,-0.00507425512536952,-0.00507425512536952,0.0,0.0,-0.00507425512536952,-0.00507425512536952,-0.00507425512536952,-0.00507425512536952,0.00507425512536952,0.00507425512536952,0.00507425512536952,0.00507425512536952,0.00507425512536952,0.00507425512536952,0.00507425512536952,0.00507425512536952
2011-04-27,-0.0,-0.0,-0.0,-0.0,-0.014721267374084634,-0.0,-0.0,-0.0,-0.014721267374084634,-0.014721267374084634,-0.014721267374084634,-0.014721267374084634,-0.014721267374084634,-0.014721267374084634,-0.014721267374084634,-0.014721267374084634
2011-04-28,-0.03231092127549895,-0.03231092127549895,0.0,0.0,0.03231092127549895,0.0,0.0,0.0,0.03231092127549895,0.03231092127549895,0.03231092127549895,0.03231092127549895,0.03231092127549895,0.03231092127549895,0.03231092127549895,0.03231092127549895
2011-04-29,-0.03240044900211192,0.0,0.0,0.0,0.03240044900211192,0.0,0.0,0.0,0.03240044900211192,0.03240044900211192,0.03240044900211192,0.03240044900211192,0.03240044900211192,0.03240044900211192,0.03240044900211192,0.03240044900211192
2011-05-02,0.002398835974674496,0.002398835974674496,0.002398835974674496,-0.0,0.002398835974674496,0.002398835974674496,0.002398835974674496,0.002398835974674496,-0.002398835974674496,-0.0,-0.0,-0.0,-0.002398835974674496,-0.002398835974674496,-0.002398835974674496,-0.002398835974674496
2011-05-03,-0.038367987446057183,-0.038367987446057183,-0.038367987446057183,-0.038367987446057183,-0.038367987446057183,-0.038367987446057183,-0.038367987446057183,-0.038367987446057183,-0.038367987446057183,-0.038367987446057183,-0.038367987446057183,-0.038367987446057183,0.038367987446057183,0.038367987446057183,0.038367987446057183,0.038367987446057183
2011-05-04,0.0015910574412532075,0.0015910574412532075,0.0015910574412532075,0.0015910574412532075,0.0015910574412532075,0.0015910574412532075,0.0015910574412532075,0.0015910574412532075,0.0015910574412532075,0.0015910574412532075,0.0015910574412532075,0.0015910574412532075,-0.0015910574412532075,-0.0015910574412532075,-0.0015910574412532075,-0.0015910574412532075
2011-05-05,0.01814590037065722,0.01814590037065722,0.01814590037065722,0.01814590037065722,0.01814590037065722,0.01814590037065722,0.01814590037065722,0.01814590037065722,0.01814590037065722,0.01814590037065722,0.01814590037065722,0.01814590037065722,0.01814590037065722,0.01814590037065722,0.01814590037065722,0.01814590037065722
2011-05-06,-0.006980977336827232,-0.006980977336827232,-0.006980977336827232,-0.006980977336827232,-0.006980977336827232,-0.006980977336827232,-0.006980977336827232,-0.006980977336827232,-0.006980977336827232,-0.006980977336827232,-0.006980977336827232,-0.006980977336827232,0.0,0.0,0.0,0.0
2011-05-09,-0.03361936991378611,-0.03361936991378611,-0.03361936991378611,-0.03361936991378611,-0.03361936991378611,-0.03361936991378611,-0.03361936991378611,-0.03361936991378611,-0.03361936991378611,-0.03361936991378611,-0.03361936991378611,-0.03361936991378611,0.03361936991378611,0.03361936991378611,0.03361936991378611,0.03361936991378611
2011-05-10,-0.005273579989577892,-0.005273579989577892,-0.005273579989577892,-0.005273579989577892,-0.005273579989577892,-0.005273579989577892,-0.005273579989577892,-0.005273579989577892,-0.005273579989577892,-0.005273579989577892,-0.005273579989577892,-0.005273579989577892,0.005273579989577892,0.005273579989577892,0.005273579989577892,0.005273579989577892
2011-05-11,-0.00804660324378692,-0.00804660324378692,-0.00804660324378692,-0.00804660324378692,-0.00804660324378692,-0.00804660324378692,-0.00804660324378692,-0.00804660324378692,-0.00804660324378692,-0.00804660324378692,-0.00804660324378692,-0.00804660324378692,-0.00804660324378692,-0.00804660324378692,-0.00804660324378692,-0.00804660324378692
2011-05-12,0.004605179771008494,0.004605179771008494,0.004605179771008494,0.004605179771008494,0.004605179771008494,0.004605179771008494,0.004605179771008494,0.004605179771008494,0.004605179771008494,0.004605179771008494,0.004605179771008494,0.004605179771008494,0.004605179771008494,0.004605179771008494,0.004605179771008494,0.004605179771008494
2011-05-13,0.009925140886533734,0.009925140886533734,0.009925140886533734,0.009925140886533734,0.009925140886533734,0.009925140886533734,0.009925140886533734,0.009925140886533734,0.009925140886533734,0.009925140886533734,0.009925140886533734,0.009925140886533734,0.009925140886533734,0.009925140886533734,0.009925140886533734,0.009925140886533734
2011-05-16,0.007266594486549538,0.007266594486549538,0.007266594486549538,0.007266594486549538,0.007266594486549538,0.007266594486549538,0.007266594486549538,0.007266594486549538,0.007266594486549538,0.007266594486549538,0.007266594486549538,0.007266594486549538,0.007266594486549538,0.007266594486549538,0.007266594486549538,0.007266594486549538
2011-05-17,0.0041548669822435436,0.0041548669822435436,0.0041548669822435436,0.0041548669822435436,0.0041548669822435436,0.0041548669822435436,0.0041548669822435436,0.0041548669822435436,0.0041548669822435436,0.0041548669822435436,0.0041548669822435436,0.0041548669822435436,0.0041548669822435436,0.0041548669822435436,0.0041548669822435436,0.0041548669822435436
2011-05-18,-0.0021614722713985124,-0.0,-0.0,-0.0,0.0021614722713985124,0.0021614722713985124,0.0021614722713985124,0.0021614722713985124,0.0021614722713985124,0.0021614722713985124,0.0021614722713985124,0.0021614722713985124,0.0021614722713985124,0.0021614722713985124,0.0021614722713985124,0.0021614722713985124
2011-05-19,0.007168826900560754,0.007168826900560754,0.007168826900560754,0.0,-0.007168826900560754,0.0,0.0,0.0,-0.007168826900560754,-0.007168826900560754,-0.007168826900560754,-0.007168826900560754,-0.007168826900560754,-0.007168826900560754,-0.007168826900560754,-0.007168826900560754
2011-05-20,-0.02257210245375907,-0.02257210245375907,-0.02257210245375907,-0.02257210245375907,0.02257210245375907,-0.0,-0.0,-0.0,0.02257210245375907,0.02257210245375907,0.02257210245375907,0.02257210245375907,0.02257210245375907,0.02257210245375907,0.02257210245375907,0.02257210245375907
2011-05-23,-0.008315629742033481,-0.008315629742033481,-0.008315629742033481,-0.0,0.008315629742033481,0.008315629742033481,0.008315629742033481,0.008315629742033481,0.008315629742033481,0.008315629742033481,0.008315629742033481,0.008315629742033481,0.008315629742033481,0.008315629742033481,0.008315629742033481,0.008315629742033481
2011-05-24,-0.0012240147684405844,-0.0012240147684405844,-0.0012240147684405844,-0.0012240147684405844,-0.0,-0.0,-0.0,-0.0,0.0012240147684405844,0.0012240147684405844,0.0012240147684405844,0.0012240147684405844,0.0012240147684405844,0.0012240147684405844,0.0012240147684405844,0.0012240147684405844
2011-05-25,-0.013828486682566199,-0.013828486682566199,-0.013828486682566199,-0.013828486682566199,-0.013828486682566199,-0.013828486682566199,-0.013828486682566199,-0.013828486682566199,0.013828486682566199,0.013828486682566199,0.013828486682566199,0.013828486682566199,0.013828486682566199,0.013828486682566199,0.013828486682566199,0.013828486682566199
2011-05-26,-0.0036175301955048145,-0.0036175301955048145,-0.0036175301955048145,-0.0036175301955048145,-0.0036175301955048145,-0.0036175301955048145,-0.0036175301955048145,-0.0036175301955048145,0.0036175301955048145,0.0036175301955048145,0.0036175301955048145,0.0036175301955048145,0.0036175301955048145,0.0036175301955048145,0.0036175301955048145,0.0036175301955048145
2011-05-27,0.018376994287965354,0.018376994287965354,0.018376994287965354,0.018376994287965354,0.018376994287965354,0.018376994287965354,0.018376994287965354,0.018376994287965354,-0.018376994287965354,-0.018376994287965354,-0.018376994287965354,-0.018376994287965354,-0.018376994287965354,-0.018376994287965354,-0.018376994287965354,-0.018376994287965354
2011-05-31,0.007745249513413821,0.007745249513413821,0.007745249513413821,0.007745249513413821,0.007745249513413821,0.007745249513413821,0.007745249513413821,0.007745249513413821,-0.007745249513413821,-0.007745249513413821,-0.007745249513413821,-0.007745249513413821,-0.007745249513413821,-0.007745249513413821,-0.007745249513413821,-0.007745249513413821
2011-06-01,0.0022850902913995608,0.0,0.0,0.0,0.0022850902913995608,0.0022850902913995608,0.0022850902913995608,0.0022850902913995608,-0.0022850902913995608,-0.0022850902913995608,-0.0022850902913995608,-0.0022850902913995608,-0.0022850902913995608,-0.0022850902913995608,-0.0022850902913995608,-0.0022850902913995608
2011-06-02,-0.026470469009688413,0.0,0.0,0.0,0.026470469009688413,0.026470469009688413,0.026470469009688413,0.026470469009688413,-0.026470469009688413,-0.026470469009688413,-0.026470469009688413,-0.026470469009688413,-0.026470469009688413,-0.026470469009688413,-0.026470469009688413,-0.026470469009688413
2011-06-03,-0.00591272485009986,-0.00591272485009986,0.0,0.0,0.00591272485009986,0.00591272485009986,0.00591272485009986,0.0,0.00591272485009986,0.0,0.0,0.0,-0.00591272485009986,-0.00591272485009986,-0.00591272485009986,-0.00591272485009986
2011-06-06,-0.02268157828600148,-0.02268157828600148,-0.02268157828600148,-0.02268157828600148,-0.02268157828600148,-0.02268157828600148,0.0,0.0,-0.02268157828600148,-0.02268157828600148,-0.02268157828600148,-0.02268157828600148,-0.02268157828600148,-0.02268157828600148,-0.02268157828600148,-0.02268157828600148
2011-06-07,0.017229186756669845,0.017229186756669845,0.017229186756669845,0.017229186756669845,0.017229186756669845,0.017229186756669845,-0.0,-0.0,0.017229186756669845,0.017229186756669845,0.017229186756669845,0.017229186756669845,0.017229186756669845,0.017229186756669845,0.017229186756669845,0.017229186756669845
2011-06-08,-0.01767469295750912,-0.01767469295750912,-0.01767469295750912,-0.01767469295750912,-0.01767469295750912,-0.01767469295750912,-0.01767469295750912,-0.01767469295750912,-0.01767469295750912,-0.01767469295750912,-0.01767469295750912,-0.01767469295750912,-0.01767469295750912,-0.01767469295750912,-0.01767469295750912,-0.01767469295750912
2011-06-09,-0.01647008363714353,-0.01647008363714353,-0.01647008363714353,-0.01647008363714353,-0.01647008363714353,-0.01647008363714353,-0.01647008363714353,-0.01647008363714353,-0.01647008363714353,-0.01647008363714353,0.0,0.0,-0.01647008363714353,-0.01647008363714353,-0.01647008363714353,-0.01647008363714353
2011-06-10,0.016942130740046357,0.016942130740046357,0.016942130740046357,0.016942130740046357,0.016942130740046357,0.016942130740046357,0.016942130740046357,0.016942130740046357,0.016942130740046357,0.016942130740046357,0.016942130740046357,0.016942130740046357,0.016942130740046357,0.016942130740046357,0.016942130740046357,0.016942130740046357
2011-06-13,-0.006732562876562542,-0.006732562876562542,-0.006732562876562542,-0.006732562876562542,-0.006732562876562542,-0.006732562876562542,-0.006732562876562542,-0.006732562876562542,-0.006732562876562542,-0.006732562876562542,-0.006732562876562542,-0.006732562876562542,-0.006732562876562542,-0.006732562876562542,-0.006732562876562542,-0.006732562876562542
2011-06-14,-0.02357258499730175,-0.02357258499730175,-0.02357258499730175,-0.02357258499730175,-0.02357258499730175,-0.02357258499730175,-0.02357258499730175,-0.02357258499730175,-0.02357258499730175,-0.02357258499730175,-0.02357258499730175,0.0,-0.02357258499730175,-0.02357258499730175,-0.02357258499730175,-0.02357258499730175
2011-06-15,0.0032719474719784536,-0.0,-0.0,-0.0,0.0032719474719784536,0.0032719474719784536,0.0032719474719784536,0.0032719474719784536,0.0032719474719784536,0.0032719474719784536,0.0032719474719784536,0.0032719474719784536,0.0032719474719784536,0.0032719474719784536,0.0032719474719784536,0.0032719474719784536
2011-06-16,0.0052004142702892775,0.0052004142702892775,0.0052004142702892775,0.0052004142702892775,0.0052004142702892775,0.0052004142702892775,0.0052004142702892775,0.0052004142702892775,0.0052004142702892775,0.0052004142702892775,0.0052004142702892775,0.0052004142702892775,0.0052004142702892775,0.0052004142702892775,0.0052004142702892775,0.0052004142702892775
2011-06-17,0.03389087401626578,0.03389087401626578,0.03389087401626578,0.03389087401626578,0.03389087401626578,0.03389087401626578,0.03389087401626578,0.03389087401626578,0.03389087401626578,0.03389087401626578,0.03389087401626578,0.03389087401626578,0.03389087401626578,0.03389087401626578,0.03389087401626578,0.03389087401626578
2011-06-20,0.012403791107435946,-0.0,-0.0,-0.0,0.012403791107435946,0.012403791107435946,0.012403791107435946,0.012403791107435946,0.012403791107435946,0.012403791107435946,0.012403791107435946,0.012403791107435946,0.012403791107435946,0.012403791107435946,0.012403791107435946,0.012403791107435946
2011-06-21,0.012251822065845741,0.012251822065845741,0.0,0.0,-0.012251822065845741,-0.012251822065845741,0.0,0.0,-0.012251822065845741,-0.012251822065845741,-0.012251822065845741,-0.012251822065845741,-0.012251822065845741,-0.012251822065845741,-0.012251822065845741,-0.012251822065845741
2011-06-22,0.026652248584695615,0.026652248584695615,0.026652248584695615,0.026652248584695615,0.026652248584695615,0.026652248584695615,0.026652248584695615,0.026652248584695615,-0.026652248584695615,-0.026652248584695615,-0.026652248584695615,-0.026652248584695615,-0.026652248584695615,-0.026652248584695615,-0.026652248584695615,-0.026652248584695615
2011-06-23,0.0005881584106652848,0.0005881584106652848,0.0005881584106652848,0.0005881584106652848,-0.0005881584106652848,0.0,0.0,0.0,-0.0005881584106652848,-0.0005881584106652848,-0.0005881584106652848,-0.0005881584106652848,-0.0005881584106652848,-0.0005881584106652848,-0.0005881584106652848,-0.0005881584106652848
2011-06-24,-0.014472852503323974,-0.014472852503323974,-0.0,-0.0,0.014472852503323974,0.014472852503323974,0.014472852503323974,-0.0,0.014472852503323974,0.014472852503323974,0.014472852503323974,0.014472852503323974,0.014472852503323974,0.014472852503323974,0.014472852503323974,0.014472852503323974
2011-06-27,-0.02045420363964512,-0.0,-0.0,-0.0,-0.0,-0.0,-0.0,-0.0,0.02045420363964512,0.02045420363964512,0.02045420363964512,0.02045420363964512,0.02045420363964512,0.02045420363964512,0.02045420363964512,0.02045420363964512
2011-06-28,0.003305611116959817,0.003305611116959817,-0.0,-0.0,-0.0,-0.0,-0.0,-0.0,0.003305611116959817,0.003305611116959817,0.003305611116959817,0.003305611116959817,0.003305611116959817,0.003305611116959817,0.003305611116959817,0.003305611116959817
2011-06-29,-0.015676152102744867,0.0,0.0,0.0,0.015676152102744867,0.015676152102744867,0.015676152102744867,0.015676152102744867,-0.015676152102744867,-0.015676152102744867,-0.015676152102744867,-0.015676152102744867,-0.015676152102744867,-0.015676152102744867,-0.015676152102744867,-0.015676152102744867
2011-06-30,-0.03232064811853741,-0.03232064811853741,-0.0,-0.0,-0.03232064811853741,-0.03232064811853741,-0.03232064811853741,-0.03232064811853741,0.03232064811853741,0.03232064811853741,0.03232064811853741,0.03232064811853741,0.03232064811853741,0.03232064811853741,0.03232064811853741,0.03232064811853741
2011-07-01,-0.012453274405733072,-0.012453274405733072,-0.012453274405733072,-0.012453274405733072,-0.012453274405733072,-0.012453274405733072,-0.012453274405733072,-0.012453274405733072,0.012453274405733072,0.012453274405733072,0.012453274405733072,0.012453274405733072,0.012453274405733072,0.012453274405733072,0.012453274405733072,0.012453274405733072
2011-07-05,-0.0023049934725849486,-0.0023049934725849486,-0.0023049934725849486,-0.0023049934725849486,-0.0023049934725849486,-0.0023049934725849486,-0.0023049934725849486,-0.0023049934725849486,-0.0023049934725849486,-0.0,-0.0,-0.0,0.0023049934725849486,0.0023049934725849486,0.0023049934725849486,0.0023049934725849486
2011-07-06,-2.0351262795870184e-05,-2.0351262795870184e-05,-2.0351262795870184e-05,-2.0351262795870184e-05,-2.0351262795870184e-05,-2.0351262795870184e-05,-2.0351262795870184e-05,-2.0351262795870184e-05,-2.0351262795870184e-05,-2.0351262795870184e-05,-2.0351262795870184e-05,-2.0351262795870184e-05,2.0351262795870184e-05,2.0351262795870184e-05,2.0351262795870184e-05,2.0351262795870184e-05
2011-07-07,0.011030159957670316,0.011030159957670316,0.011030159957670316,0.011030159957670316,0.011030159957670316,0.011030159957670316,0.011030159957670316,0.011030159957670316,0.011030159957670316,0.011030159957670316,0.011030159957670316,0.011030159957670316,-0.011030159957670316,-0.011030159957670316,-0.011030159957670316,-0.011030159957670316
2011-07-08,-0.030907893653798757,-0.030907893653798757,-0.030907893653798757,-0.030907893653798757,-0.030907893653798757,-0.030907893653798757,-0.030907893653798757,-0.030907893653798757,-0.030907893653798757,-0.030907893653798757,-0.030907893653798757,-0.030907893653798757,0.030907893653798757,0.030907893653798757,0.030907893653798757,0.030907893653798757
2011-07-11,-0.033813725098806424,-0.033813725098806424,-0.033813725098806424,-0.033813725098806424,-0.033813725098806424,-0.033813725098806424,-0.033813725098806424,-0.033813725098806424,-0.033813725098806424,-0.033813725098806424,-0.033813725098806424,-0.033813725098806424,0.033813725098806424,0.033813725098806424,0.033813725098806424,0.033813725098806424
2011-07-12,0.0072405004633919745,0.0072405004633919745,0.0072405004633919745,0.0072405004633919745,0.0072405004633919745,0.0072405004633919745,0.0072405004633919745,0.0072405004633919745,0.0072405004633919745,0.0072405004633919745,0.0072405004633919745,0.0072405004633919745,-0.0072405004633919745,-0.0072405004633919745,-0.0072405004633919745,-0.0072405004633919745
2011-07-13,-0.013575276659470559,-0.013575276659470559,-0.013575276659470559,-0.013575276659470559,-0.013575276659470559,-0.013575276659470559,-0.013575276659470559,-0.013575276659470559,-0.013575276659470559,-0.013575276659470559,-0.013575276659470559,-0.013575276659470559,0.013575276659470559,0.013575276659470559,0.013575276659470559,0.013575276659470559
2011-07-14,-0.015926316799385942,-0.015926316799385942,-0.015926316799385942,-0.015926316799385942,-0.015926316799385942,-0.015926316799385942,-0.015926316799385942,-0.015926316799385942,-0.015926316799385942,-0.015926316799385942,-0.015926316799385942,-0.015926316799385942,0.015926316799385942,0.015926316799385942,0.015926316799385942,0.015926316799385942
2011-07-15,0.015015582207951628,0.015015582207951628,0.015015582207951628,0.015015582207951628,0.015015582207951628,0.015015582207951628,0.015015582207951628,0.015015582207951628,0.015015582207951628,0.015015582207951628,0.015015582207951628,0.015015582207951628,-0.015015582207951628,-0.015015582207951628,-0.015015582207951628,-0.015015582207951628
2011-07-18,-0.010546500479386545,-0.010546500479386545,-0.010546500479386545,-0.010546500479386545,-0.010546500479386545,-0.010546500479386545,-0.010546500479386545,-0.010546500479386545,-0.010546500479386545,-0.010546500479386545,-0.010546500479386545,-0.010546500479386545,0.010546500479386545,0.010546500479386545,0.010546500479386545,0.010546500479386545
2011-07-19,0.0049715370018975635,0.0049715370018975635,0.0049715370018975635,0.0049715370018975635,0.0049715370018975635,0.0049715370018975635,0.0049715370018975635,0.0049715370018975635,0.0049715370018975635,0.0049715370018975635,0.0049715370018975635,0.0049715370018975635,-0.0049715370018975635,-0.0049715370018975635,-0.0049715370018975635,-0.0049715370018975635
2011-07-20,-0.012338380563713391,-0.012338380563713391,-0.012338380563713391,-0.0,-0.012338380563713391,-0.012338380563713391,-0.012338380563713391,-0.012338380563713391,-0.012338380563713391,-0.012338380563713391,-0.012338380563713391,-0.012338380563713391,0.012338380563713391,0.012338380563713391,-0.0,-0.0
2011-07-21,0.008401620043326674,0.008401620043326674,0.008401620043326674,0.0,0.008401620043326674,0.008401620043326674,0.008401620043326674,0.008401620043326674,0.008401620043326674,0.008401620043326674,0.008401620043326674,0.008401620043326674,0.0,0.0,0.0,0.0
2011-07-22,-0.0006649062482189105,-0.0006649062482189105,-0.0006649062482189105,-0.0,-0.0006649062482189105,-0.0006649062482189105,-0.0006649062482189105,-0.0006649062482189105,-0.0006649062482189105,-0.0006649062482189105,-0.0006649062482189105,-0.0006649062482189105,0.0006649062482189105,0.0006649062482189105,-0.0,-0.0
2011-07-25,-0.030014808064699805,0.0,0.0,0.0,0.030014808064699805,0.030014808064699805,0.030014808064699805,0.030014808064699805,0.030014808064699805,0.030014808064699805,0.030014808064699805,0.030014808064699805,-0.030014808064699805,-0.030014808064699805,-0.030014808064699805,0.0
2011-07-26,0.006145655960699159,0.006145655960699159,0.0,0.0,0.006145655960699159,0.006145655960699159,0.006145655960699159,0.006145655960699159,0.006145655960699159,0.006145655960699159,0.006145655960699159,0.006145655960699159,-0.006145655960699159,-0.006145655960699159,-0.006145655960699159,-0.006145655960699159
2011-07-27,-0.021839736899111895,-0.021839736899111895,-0.021839736899111895,-0.021839736899111895,-0.021839736899111895,-0.021839736899111895,0.0,0.0,0.021839736899111895,0.021839736899111895,0.021839736899111895,0.021839736899111895,-0.021839736899111895,-0.021839736899111895,-0.021839736899111895,-0.021839736899111895
2011-07-28,0.009140326152607292,0.009140326152607292,0.009140326152607292,0.009140326152607292,0.009140326152607292,0.009140326152607292,-0.0,-0.0,-0.009140326152607292,-0.009140326152607292,-0.009140326152607292,-0.009140326152607292,-0.0,-0.0,-0.0,-0.0
2011-07-29,0.018374431410102865,0.018374431410102865,0.018374431410102865,0.018374431410102865,0.018374431410102865,0.018374431410102865,0.018374431410102865,0.018374431410102865,-0.018374431410102865,-0.018374431410102865,-0.018374431410102865,-0.018374431410102865,0.018374431410102865,0.018374431410102865,0.018374431410102865,0.018374431410102865
2011-08-01,0.012929767851895368,0.012929767851895368,0.012929767851895368,0.012929767851895368,0.012929767851895368,0.012929767851895368,0.012929767851895368,0.012929767851895368,-0.012929767851895368,-0.012929767851895368,-0.012929767851895368,-0.012929767851895368,-0.012929767851895368,-0.012929767851895368,-0.012929767851895368,-0.012929767851895368
2011-08-02,-0.056087419011701,-0.056087419011701,-0.056087419011701,-0.056087419011701,-0.056087419011701,-0.056087419011701,-0.056087419011701,-0.056087419011701,0.056087419011701,0.056087419011701,0.056087419011701,0.056087419011701,0.056087419011701,0.056087419011701,0.056087419011701,0.056087419011701
2011-08-03,0.008400778608748993,0.008400778608748993,0.0,0.0,-0.008400778608748993,-0.008400778608748993,-0.008400778608748993,0.0,0.008400778608748993,0.008400778608748993,0.008400778608748993,0.008400778608748993,0.008400778608748993,0.008400778608748993,0.008400778608748993,0.008400778608748993
2011-08-04,-0.0007232152081827481,-0.0007232152081827481,-0.0007232152081827481,-0.0007232152081827481,-0.0007232152081827481,-0.0007232152081827481,-0.0007232152081827481,-0.0007232152081827481,-0.0007232152081827481,0.0,0.0,0.0,-0.0007232152081827481,-0.0007232152081827481,-0.0007232152081827481,0.0
2011-08-05,0.042431761786600575,0.042431761786600575,0.042431761786600575,0.042431761786600575,0.042431761786600575,0.042431761786600575,0.042431761786600575,0.042431761786600575,0.042431761786600575,0.042431761786600575,0.042431761786600575,-0.0,-0.042431761786600575,-0.0,-0.0,-0.0
2011-08-08,0.03161945568515434,0.03161945568515434,0.03161945568515434,0.03161945568515434,0.03161945568515434,0.03161945568515434,0.03161945568515434,0.03161945568515434,-0.0,-0.0,-0.0,-0.0,-0.03161945568515434,-0.03161945568515434,-0.0,-0.0
2011-08-09,0.005460908356728078,0.005460908356728078,-0.0,-0.0,0.005460908356728078,0.005460908356728078,0.005460908356728078,0.005460908356728078,-0.005460908356728078,-0.0,-0.0,-0.0,-0.005460908356728078,-0.005460908356728078,-0.005460908356728078,-0.005460908356728078
2011-08-10,0.010518263530311711,0.0,0.0,0.0,0.010518263530311711,0.010518263530311711,0.010518263530311711,0.0,0.0,0.0,0.0,0.0,0.010518263530311711,0.010518263530311711,0.010518263530311711,0.010518263530311711
2011-08-11,-0.02802473908001546,-0.02802473908001546,-0.02802473908001546,-0.02802473908001546,-0.02802473908001546,-0.02802473908001546,-0.02802473908001546,-0.02802473908001546,-0.02802473908001546,-0.02802473908001546,-0.02802473908001546,-0.0,-0.02802473908001546,-0.02802473908001546,-0.02802473908001546,-0.02802473908001546
2011-08-12,0.0106786990035721,0.0106786990035721,0.0106786990035721,0.0106786990035721,0.0106786990035721,0.0106786990035721,0.0106786990035721,0.0106786990035721,-0.0106786990035721,0.0,0.0,0.0,0.0106786990035721,0.0106786990035721,0.0106786990035721,0.0106786990035721
2011-08-15,-0.008456539090114346,-0.008456539090114346,-0.008456539090114346,-0.008456539090114346,-0.008456539090114346,-0.008456539090114346,-0.008456539090114346,-0.008456539090114346,-0.0,-0.0,-0.0,-0.0,-0.008456539090114346,-0.008456539090114346,-0.008456539090114346,-0.008456539090114346
2011-08-16,0.016940848361505334,0.016940848361505334,0.016940848361505334,0.016940848361505334,0.016940848361505334,0.016940848361505334,0.016940848361505334,0.016940848361505334,0.016940848361505334,0.0,0.0,0.0,0.016940848361505334,0.016940848361505334,0.016940848361505334,0.016940848361505334
2011-08-17,-0.025283698819199563,-0.025283698819199563,-0.025283698819199563,-0.025283698819199563,-0.025283698819199563,-0.025283698819199563,-0.025283698819199563,-0.025283698819199563,-0.025283698819199563,-0.0,-0.0,-0.0,-0.025283698819199563,-0.025283698819199563,-0.025283698819199563,-0.025283698819199563
2011-08-18,-0.0,-0.0,-0.0,-0.0,-0.03967319161665461,-0.03967319161665461,-0.03967319161665461,-0.03967319161665461,0.03967319161665461,-0.0,-0.0,-0.0,-0.03967319161665461,-0.03967319161665461,-0.03967319161665461,-0.03967319161665461
2011-08-19,0.03470661223902605,0.03470661223902605,0.03470661223902605,0.03470661223902605,0.03470661223902605,0.03470661223902605,0.03470661223902605,0.03470661223902605,0.03470661223902605,0.0,0.0,0.0,0.03470661223902605,0.03470661223902605,0.03470661223902605,0.03470661223902605
2011-08-22,0.02505635350882096,0.02505635350882096,0.02505635350882096,0.02505635350882096,0.02505635350882096,0.02505635350882096,0.02505635350882096,0.02505635350882096,0.02505635350882096,0.02505635350882096,0.02505635350882096,0.02505635350882096,0.02505635350882096,0.02505635350882096,0.02505635350882096,0.02505635350882096
2011-08-23,-0.019184468987656134,-0.019184468987656134,-0.019184468987656134,-0.019184468987656134,-0.019184468987656134,-0.019184468987656134,-0.019184468987656134,-0.019184468987656134,-0.019184468987656134,-0.019184468987656134,-0.019184468987656134,-0.0,-0.019184468987656134,-0.019184468987656134,-0.019184468987656134,-0.019184468987656134
2011-08-24,0.023247965802992265,0.023247965802992265,-0.0,-0.0,-0.023247965802992265,-0.0,-0.0,-0.0,-0.023247965802992265,-0.023247965802992265,-0.023247965802992265,-0.023247965802992265,-0.023247965802992265,-0.023247965802992265,-0.023247965802992265,-0.023247965802992265
2011-08-25,0.00879475246436301,0.00879475246436301,0.00879475246436301,0.00879475246436301,0.00879475246436301,0.00879475246436301,0.00879475246436301,0.00879475246436301,0.00879475246436301,0.00879475246436301,0.00879475246436301,0.00879475246436301,0.00879475246436301,0.00879475246436301,0.00879475246436301,0.00879475246436301
2011-08-26,-0.016784354319937966,-0.016784354319937966,-0.016784354319937966,-0.016784354319937966,-0.016784354319937966,-0.016784354319937966,-0.016784354319937966,-0.016784354319937966,-0.016784354319937966,-0.016784354319937966,-0.016784354319937966,-0.016784354319937966,-0.016784354319937966,-0.016784354319937966,-0.016784354319937966,-0.016784354319937966
2011-08-29,-0.002854234083554563,-0.002854234083554563,-0.002854234083554563,-0.002854234083554563,0.002854234083554563,0.002854234083554563,0.002854234083554563,0.0,0.002854234083554563,0.002854234083554563,0.002854234083554563,0.002854234083554563,0.002854234083554563,0.002854234083554563,0.002854234083554563,0.002854234083554563
2011-08-30,-0.010027530128170037,-0.010027530128170037,-0.010027530128170037,-0.010027530128170037,-0.010027530128170037,-0.010027530128170037,-0.010027530128170037,-0.010027530128170037,-0.010027530128170037,-0.010027530128170037,-0.010027530128170037,-0.010027530128170037,-0.010027530128170037,-0.010027530128170037,-0.010027530128170037,-0.010027530128170037
2011-08-31,-0.024134009639163123,-0.024134009639163123,-0.024134009639163123,-0.024134009639163123,-0.024134009639163123,-0.024134009639163123,-0.024134009639163123,-0.024134009639163123,-0.024134009639163123,-0.024134009639163123,-0.024134009639163123,-0.024134009639163123,-0.024134009639163123,-0.024134009639163123,-0.024134009639163123,-0.024134009639163123
2011-09-01,-0.005375775521714532,-0.005375775521714532,-0.005375775521714532,-0.005375775521714532,-0.005375775521714532,-0.005375775521714532,-0.005375775521714532,-0.005375775521714532,-0.005375775521714532,-0.005375775521714532,-0.005375775521714532,-0.005375775521714532,-0.005375775521714532,-0.005375775521714532,-0.005375775521714532,-0.005375775521714532
2011-09-02,-0.0021563436826144144,-0.0021563436826144144,-0.0021563436826144144,-0.0021563436826144144,-0.0021563436826144144,-0.0021563436826144144,-0.0021563436826144144,-0.0021563436826144144,-0.0021563436826144144,-0.0021563436826144144,-0.0021563436826144144,-0.0021563436826144144,-0.0021563436826144144,-0.0021563436826144144,-0.0021563436826144144,-0.0021563436826144144
2011-09-06,-0.018333216709817357,-0.018333216709817357,-0.018333216709817357,-0.018333216709817357,-0.018333216709817357,-0.018333216709817357,-0.018333216709817357,-0.018333216709817357,-0.018333216709817357,-0.018333216709817357,-0.018333216709817357,-0.018333216709817357,-0.018333216709817357,-0.018333216709817357,-0.018333216709817357,-0.018333216709817357
2011-09-07,0.012454476740191067,0.012454476740191067,0.012454476740191067,0.012454476740191067,0.012454476740191067,0.012454476740191067,0.012454476740191067,0.012454476740191067,0.012454476740191067,0.012454476740191067,0.012454476740191067,0.012454476740191067,0.012454476740191067,0.012454476740191067,0.012454476740191067,0.012454476740191067
2011-09-08,0.02842381755875245,0.02842381755875245,0.02842381755875245,0.02842381755875245,0.02842381755875245,0.02842381755875245,0.02842381755875245,0.02842381755875245,0.02842381755875245,0.02842381755875245,0.02842381755875245,0.02842381755875245,0.02842381755875245,0.02842381755875245,0.02842381755875245,0.02842381755875245
2011-09-09,-0.007358602044652995,-0.007358602044652995,-0.007358602044652995,-0.007358602044652995,-0.007358602044652995,-0.007358602044652995,-0.007358602044652995,-0.007358602044652995,-0.007358602044652995,-0.007358602044652995,-0.007358602044652995,-0.007358602044652995,-0.007358602044652995,-0.007358602044652995,-0.007358602044652995,-0.007358602044652995
2011-09-12,-0.01956846296032999,-0.01956846296032999,-0.01956846296032999,0.0,0.01956846296032999,0.01956846296032999,0.01956846296032999,0.01956846296032999,0.01956846296032999,0.01956846296032999,0.01956846296032999,0.01956846296032999,0.01956846296032999,0.01956846296032999,0.01956846296032999,0.01956846296032999
2011-09-13,-0.005529068397295278,-0.005529068397295278,0.0,0.0,0.005529068397295278,0.005529068397295278,0.005529068397295278,0.005529068397295278,0.005529068397295278,0.005529068397295278,0.005529068397295278,0.005529068397295278,0.005529068397295278,0.005529068397295278,0.005529068397295278,0.005529068397295278
2011-09-14,0.01775493091253799,0.01775493091253799,0.01775493091253799,0.01775493091253799,-0.0,-0.0,-0.0,-0.0,-0.01775493091253799,-0.01775493091253799,-0.01775493091253799,-0.01775493091253799,-0.01775493091253799,-0.01775493091253799,-0.01775493091253799,-0.01775493091253799
2011-09-15,-0.00680613268376562,-0.00680613268376562,-0.00680613268376562,-0.00680613268376562,0.0,0.0,0.0,0.0,0.00680613268376562,0.00680613268376562,0.00680613268376562,0.00680613268376562,0.00680613268376562,0.00680613268376562,0.00680613268376562,0.00680613268376562
2011-09-16,0.0332359518141816,0.0332359518141816,0.0332359518141816,0.0332359518141816,-0.0332359518141816,-0.0,-0.0,-0.0,-0.0332359518141816,-0.0332359518141816,-0.0332359518141816,-0.0332359518141816,-0.0332359518141816,-0.0332359518141816,-0.0332359518141816,-0.0332359518141816
2011-09-19,-0.019984291823021305,0.0,0.0,0.0,-0.019984291823021305,-0.019984291823021305,-0.019984291823021305,-0.019984291823021305,0.019984291823021305,0.019984291823021305,0.019984291823021305,0.019984291823021305,0.019984291823021305,0.019984291823021305,0.019984291823021305,0.019984291823021305
2011-09-20,0.07666963490650047,0.07666963490650047,0.07666963490650047,0.0,0.0,0.0,0.0,0.0,0.07666963490650047,0.07666963490650047,0.07666963490650047,0.07666963490650047,0.07666963490650047,0.07666963490650047,0.07666963490650047,0.07666963490650047
2011-09-21,0.05038094319606523,0.05038094319606523,0.05038094319606523,0.0,-0.05038094319606523,-0.05038094319606523,-0.05038094319606523,0.0,0.05038094319606523,0.05038094319606523,0.05038094319606523,0.05038094319606523,0.05038094319606523,0.05038094319606523,0.05038094319606523,0.05038094319606523
2011-09-22,0.01704141531086889,0.01704141531086889,0.01704141531086889,0.01704141531086889,0.01704141531086889,0.01704141531086889,0.01704141531086889,0.01704141531086889,0.01704141531086889,-0.0,-0.0,-0.0,-0.01704141531086889,-0.01704141531086889,-0.01704141531086889,-0.01704141531086889
2011-09-23,-0.004193960696596943,-0.004193960696596943,-0.004193960696596943,-0.004193960696596943,-0.004193960696596943,-0.004193960696596943,-0.004193960696596943,-0.004193960696596943,-0.004193960696596943,-0.004193960696596943,-0.004193960696596943,-0.004193960696596943,0.004193960696596943,0.004193960696596943,0.004193960696596943,0.004193960696596943
2011-09-26,-0.04518470979904532,-0.04518470979904532,-0.04518470979904532,-0.04518470979904532,-0.04518470979904532,-0.04518470979904532,-0.04518470979904532,-0.04518470979904532,-0.04518470979904532,-0.04518470979904532,-0.04518470979904532,-0.04518470979904532,0.04518470979904532,0.04518470979904532,0.04518470979904532,0.04518470979904532
2011-09-27,0.0073305467453632644,0.0073305467453632644,0.0073305467453632644,0.0073305467453632644,0.0073305467453632644,0.0073305467453632644,0.0073305467453632644,0.0073305467453632644,0.0073305467453632644,0.0073305467453632644,0.0073305467453632644,0.0073305467453632644,-0.0073305467453632644,-0.0073305467453632644,-0.0073305467453632644,-0.0073305467453632644
2011-09-28,0.0043788314775428105,0.0043788314775428105,0.0043788314775428105,0.0043788314775428105,0.0043788314775428105,0.0043788314775428105,0.0043788314775428105,0.0043788314775428105,0.0043788314775428105,0.0043788314775428105,0.0043788314775428105,0.0043788314775428105,0.0043788314775428105,0.0043788314775428105,0.0043788314775428105,-0.0
2011-09-29,-0.013432154127221319,-0.013432154127221319,-0.013432154127221319,-0.013432154127221319,-0.013432154127221319,-0.013432154127221319,-0.013432154127221319,-0.013432154127221319,-0.013432154127221319,-0.013432154127221319,-0.013432154127221319,-0.013432154127221319,-0.013432154127221319,-0.013432154127221319,-0.013432154127221319,-0.013432154127221319
2011-09-30,-0.03455314492540151,-0.03455314492540151,-0.03455314492540151,-0.03455314492540151,-0.03455314492540151,-0.03455314492540151,-0.03455314492540151,-0.03455314492540151,-0.03455314492540151,-0.03455314492540151,-0.03455314492540151,-0.03455314492540151,-0.03455314492540151,-0.03455314492540151,-0.03455314492540151,0.0
2011-10-03,0.04494431003291277,0.04494431003291277,0.04494431003291277,0.04494431003291277,0.04494431003291277,0.04494431003291277,0.04494431003291277,0.04494431003291277,0.04494431003291277,0.04494431003291277,0.04494431003291277,0.04494431003291277,0.04494431003291277,0.04494431003291277,0.04494431003291277,0.04494431003291277
2011-10-04,0.024947331094470337,0.024947331094470337,0.024947331094470337,0.024947331094470337,0.024947331094470337,0.024947331094470337,0.024947331094470337,0.024947331094470337,0.024947331094470337,0.024947331094470337,0.024947331094470337,0.024947331094470337,0.024947331094470337,0.024947331094470337,0.024947331094470337,0.024947331094470337
2011-10-05,0.02452327166900703,0.0,0.0,0.0,-0.02452327166900703,-0.02452327166900703,-0.02452327166900703,-0.02452327166900703,-0.02452327166900703,-0.02452327166900703,-0.02452327166900703,-0.02452327166900703,-0.02452327166900703,-0.02452327166900703,-0.02452327166900703,-0.02452327166900703
2011-10-06,-0.035341734123341295,-0.035341734123341295,-0.035341734123341295,-0.035341734123341295,0.035341734123341295,0.035341734123341295,0.035341734123341295,0.035341734123341295,0.035341734123341295,0.035341734123341295,0.035341734123341295,0.035341734123341295,0.035341734123341295,0.035341734123341295,0.035341734123341295,0.035341734123341295
2011-10-07,-0.0,-0.0,-0.0,-0.0,0.0012291943739168865,0.0012291943739168865,0.0012291943739168865,0.0012291943739168865,0.0012291943739168865,0.0012291943739168865,0.0012291943739168865,0.0012291943739168865,0.0012291943739168865,0.0012291943739168865,0.0012291943739168865,0.0012291943739168865
2011-10-10,-0.008613923158975245,-0.008613923158975245,-0.008613923158975245,-0.008613923158975245,0.008613923158975245,-0.0,-0.0,-0.0,0.008613923158975245,0.008613923158975245,0.008613923158975245,0.008613923158975245,0.008613923158975245,0.008613923158975245,0.008613923158975245,0.008613923158975245
2011-10-11,0.019155941334929705,0.019155941334929705,0.019155941334929705,0.019155941334929705,0.0,0.0,0.0,0.0,-0.019155941334929705,-0.019155941334929705,-0.019155941334929705,-0.019155941334929705,-0.019155941334929705,-0.019155941334929705,-0.019155941334929705,-0.019155941334929705
2011-10-12,-0.030393652731156573,-0.030393652731156573,-0.030393652731156573,-0.030393652731156573,-0.030393652731156573,-0.030393652731156573,-0.030393652731156573,-0.030393652731156573,0.030393652731156573,0.030393652731156573,0.030393652731156573,0.030393652731156573,0.030393652731156573,0.030393652731156573,0.030393652731156573,0.030393652731156573
2011-10-13,0.0,0.0,0.0,0.0,0.02416632115145423,0.02416632115145423,0.02416632115145423,0.02416632115145423,-0.02416632115145423,-0.02416632115145423,-0.02416632115145423,-0.02416632115145423,-0.02416632115145423,-0.02416632115145423,-0.02416632115145423,-0.02416632115145423
2011-10-14,-0.006009104704097101,-0.006009104704097101,-0.006009104704097101,-0.006009104704097101,-0.006009104704097101,-0.006009104704097101,-0.006009104704097101,-0.006009104704097101,0.006009104704097101,0.006009104704097101,0.006009104704097101,0.006009104704097101,0.006009104704097101,0.006009104704097101,0.006009104704097101,0.006009104704097101
2011-10-17,0.0,0.0,0.0,0.0,0.05955110413901288,0.05955110413901288,0.05955110413901288,0.05955110413901288,-0.05955110413901288,-0.05955110413901288,-0.05955110413901288,-0.05955110413901288,-0.05955110413901288,-0.05955110413901288,-0.05955110413901288,-0.05955110413901288
2011-10-18,0.0,0.0,0.0,0.0,0.008019503432347475,0.008019503432347475,0.008019503432347475,0.008019503432347475,-0.008019503432347475,-0.008019503432347475,-0.008019503432347475,-0.008019503432347475,-0.008019503432347475,-0.008019503432347475,-0.008019503432347475,-0.008019503432347475
2011-10-19,0.01562971586254469,0.01562971586254469,0.01562971586254469,0.01562971586254469,0.01562971586254469,0.01562971586254469,0.01562971586254469,0.01562971586254469,0.01562971586254469,0.01562971586254469,0.01562971586254469,0.01562971586254469,0.01562971586254469,0.01562971586254469,0.01562971586254469,0.01562971586254469
2011-10-20,0.03967226337797958,0.03967226337797958,0.03967226337797958,0.03967226337797958,0.03967226337797958,0.03967226337797958,0.03967226337797958,0.03967226337797958,0.03967226337797958,0.03967226337797958,0.03967226337797958,0.03967226337797958,0.03967226337797958,0.03967226337797958,0.03967226337797958,0.03967226337797958
2011-10-21,0.024254797876684497,0.024254797876684497,0.024254797876684497,0.024254797876684497,0.024254797876684497,0.024254797876684497,0.024254797876684497,-0.0,0.024254797876684497,0.024254797876684497,0.024254797876684497,0.024254797876684497,0.024254797876684497,0.024254797876684497,0.024254797876684497,0.024254797876684497
2011-10-24,0.009747249242544997,-0.0,-0.0,-0.0,0.009747249242544997,0.009747249242544997,-0.0,-0.0,0.009747249242544997,0.009747249242544997,0.009747249242544997,0.009747249242544997,0.009747249242544997,0.009747249242544997,-0.0,-0.0
2011-10-25,-0.01912864954497895,-0.0,-0.0,-0.0,-0.01912864954497895,-0.0,-0.0,-0.0,-0.01912864954497895,-0.0,-0.0,-0.0,-0.0,-0.0,-0.0,-0.0
2011-10-26,-0.024018905202804808,-0.024018905202804808,-0.024018905202804808,-0.024018905202804808,-0.024018905202804808,-0.024018905202804808,-0.0,-0.0,-0.024018905202804808,-0.024018905202804808,-0.024018905202804808,-0.024018905202804808,0.024018905202804808,-0.0,-0.0,-0.0
2011-10-27,0.029224832595619143,0.029224832595619143,0.029224832595619143,0.029224832595619143,0.029224832595619143,0.029224832595619143,0.029224832595619143,0.029224832595619143,0.029224832595619143,0.029224832595619143,0.029224832595619143,0.029224832595619143,0.0,0.0,0.0,0.0
2011-10-28,0.0020459461039340487,0.0020459461039340487,0.0020459461039340487,0.0020459461039340487,0.0020459461039340487,0.0020459461039340487,0.0020459461039340487,0.0020459461039340487,0.0020459461039340487,0.0020459461039340487,0.0020459461039340487,0.0020459461039340487,0.0020459461039340487,0.0020459461039340487,0.0020459461039340487,0.0020459461039340487
2011-10-31,-0.021829115901280893,-0.021829115901280893,-0.021829115901280893,-0.021829115901280893,-0.021829115901280893,-0.021829115901280893,-0.021829115901280893,-0.021829115901280893,-0.021829115901280893,-0.021829115901280893,-0.021829115901280893,-0.021829115901280893,-0.021829115901280893,-0.021829115901280893,-0.021829115901280893,-0.021829115901280893
2011-11-01,-0.03103145182863898,-0.03103145182863898,-0.03103145182863898,-0.03103145182863898,-0.03103145182863898,-0.03103145182863898,-0.03103145182863898,-0.03103145182863898,-0.03103145182863898,-0.03103145182863898,-0.03103145182863898,-0.03103145182863898,-0.03103145182863898,-0.03103145182863898,-0.03103145182863898,-0.03103145182863898
2011-11-02,0.007042514548352363,0.007042514548352363,0.007042514548352363,0.007042514548352363,0.007042514548352363,0.007042514548352363,0.007042514548352363,0.007042514548352363,0.007042514548352363,0.007042514548352363,0.007042514548352363,0.007042514548352363,0.007042514548352363,0.007042514548352363,0.007042514548352363,0.007042514548352363
2011-11-03,-0.03219605061779074,-0.03219605061779074,-0.03219605061779074,-0.03219605061779074,-0.03219605061779074,-0.03219605061779074,-0.03219605061779074,-0.03219605061779074,-0.03219605061779074,-0.03219605061779074,-0.03219605061779074,-0.03219605061779074,-0.03219605061779074,-0.03219605061779074,-0.03219605061779074,-0.03219605061779074
2011-11-04,0.012386308156881132,0.012386308156881132,0.0,0.0,0.012386308156881132,0.012386308156881132,0.012386308156881132,0.012386308156881132,0.012386308156881132,0.012386308156881132,0.012386308156881132,0.012386308156881132,0.012386308156881132,0.012386308156881132,0.012386308156881132,0.012386308156881132
2011-11-07,0.029038046065399836,0.029038046065399836,0.029038046065399836,0.029038046065399836,0.029038046065399836,0.029038046065399836,0.029038046065399836,0.029038046065399836,0.029038046065399836,0.029038046065399836,0.029038046065399836,0.029038046065399836,0.029038046065399836,0.029038046065399836,0.029038046065399836,0.029038046065399836
2011-11-08,0.00888143007995168,0.00888143007995168,0.00888143007995168,0.00888143007995168,0.00888143007995168,0.00888143007995168,0.00888143007995168,0.00888143007995168,0.00888143007995168,0.00888143007995168,0.00888143007995168,0.00888143007995168,0.00888143007995168,0.00888143007995168,0.00888143007995168,0.00888143007995168
2011-11-09,-0.03622457715796901,-0.03622457715796901,-0.0,-0.0,-0.03622457715796901,-0.03622457715796901,-0.03622457715796901,-0.03622457715796901,-0.03622457715796901,-0.03622457715796901,-0.03622457715796901,-0.03622457715796901,-0.03622457715796901,-0.0,-0.0,-0.0
2011-11-10,-0.01845221702010469,-0.01845221702010469,-0.01845221702010469,-0.01845221702010469,0.01845221702010469,0.01845221702010469,0.01845221702010469,0.0,0.01845221702010469,0.01845221702010469,0.01845221702010469,0.01845221702010469,-0.01845221702010469,0.0,0.0,0.0
2011-11-11,-0.0026187803965582734,-0.0026187803965582734,-0.0026187803965582734,-0.0,-0.0026187803965582734,-0.0026187803965582734,-0.0026187803965582734,-0.0026187803965582734,-0.0026187803965582734,-0.0026187803965582734,-0.0026187803965582734,-0.0026187803965582734,-0.0026187803965582734,-0.0026187803965582734,-0.0026187803965582734,-0.0026187803965582734
2011-11-14,-0.016623134328358158,-0.016623134328358158,-0.016623134328358158,-0.016623134328358158,0.016623134328358158,0.016623134328358158,0.016623134328358158,0.016623134328358158,0.016623134328358158,0.016623134328358158,0.016623134328358158,0.016623134328358158,0.0,0.0,0.0,0.0
2011-11-15,-0.04075205372896473,-0.04075205372896473,-0.04075205372896473,0.0,0.04075205372896473,0.04075205372896473,0.04075205372896473,0.04075205372896473,0.04075205372896473,0.04075205372896473,0.04075205372896473,0.04075205372896473,-0.04075205372896473,-0.04075205372896473,-0.04075205372896473,-0.04075205372896473
2011-11-16,-0.013646881984137882,0.0,0.0,0.0,0.013646881984137882,0.0,0.0,0.0,0.013646881984137882,0.013646881984137882,0.013646881984137882,0.013646881984137882,-0.013646881984137882,-0.013646881984137882,-0.013646881984137882,0.0
2011-11-17,-0.018126767059012283,-0.018126767059012283,-0.018126767059012283,-0.018126767059012283,-0.018126767059012283,-0.018126767059012283,-0.018126767059012283,-0.018126767059012283,0.018126767059012283,0.018126767059012283,0.018126767059012283,0.018126767059012283,-0.018126767059012283,-0.018126767059012283,-0.018126767059012283,-0.018126767059012283
2011-11-18,0.01737905119774541,0.01737905119774541,0.01737905119774541,0.01737905119774541,0.01737905119774541,0.01737905119774541,0.01737905119774541,0.01737905119774541,-0.01737905119774541,-0.01737905119774541,-0.01737905119774541,-0.01737905119774541,0.01737905119774541,0.01737905119774541,0.01737905119774541,0.01737905119774541
2011-11-21,-0.02733951583764893,-0.02733951583764893,-0.02733951583764893,-0.02733951583764893,-0.02733951583764893,-0.02733951583764893,-0.02733951583764893,-0.02733951583764893,0.0,0.0,0.0,0.0,-0.02733951583764893,-0.02733951583764893,-0.02733951583764893,-0.02733951583764893
2011-11-22,-0.012258543833581048,-0.012258543833581048,-0.012258543833581048,-0.012258543833581048,-0.012258543833581048,-0.012258543833581048,-0.012258543833581048,-0.012258543833581048,-0.012258543833581048,0.0,0.0,0.0,-0.012258543833581048,-0.012258543833581048,-0.012258543833581048,-0.012258543833581048
2011-11-23,0.025364589862521436,0.025364589862521436,0.025364589862521436,0.025364589862521436,0.025364589862521436,0.025364589862521436,0.025364589862521436,0.025364589862521436,0.025364589862521436,0.025364589862521436,0.025364589862521436,0.025364589862521436,0.025364589862521436,0.025364589862521436,0.025364589862521436,0.025364589862521436
2011-11-25,0.005338658407368246,0.005338658407368246,0.005338658407368246,0.005338658407368246,0.005338658407368246,0.005338658407368246,0.005338658407368246,0.005338658407368246,0.005338658407368246,0.005338658407368246,0.005338658407368246,0.005338658407368246,0.005338658407368246,0.005338658407368246,0.005338658407368246,0.005338658407368246
2011-11-28,0.07063521018282048,0.07063521018282048,0.07063521018282048,-0.0,0.07063521018282048,0.07063521018282048,0.07063521018282048,0.07063521018282048,0.07063521018282048,0.07063521018282048,0.07063521018282048,0.07063521018282048,0.07063521018282048,0.07063521018282048,0.07063521018282048,0.07063521018282048
2011-11-29,0.0028964655547772944,0.0,0.0,0.0,-0.0028964655547772944,-0.0028964655547772944,-0.0028964655547772944,-0.0028964655547772944,-0.0028964655547772944,-0.0028964655547772944,-0.0028964655547772944,-0.0028964655547772944,-0.0028964655547772944,-0.0028964655547772944,-0.0028964655547772944,-0.0028964655547772944
2011-11-30,0.033434592747294545,0.033434592747294545,0.033434592747294545,0.033434592747294545,-0.033434592747294545,-0.033434592747294545,0.0,0.0,0.033434592747294545,0.033434592747294545,0.033434592747294545,0.033434592747294545,-0.033434592747294545,-0.033434592747294545,-0.033434592747294545,-0.033434592747294545
2011-12-01,0.0077000137500244925,0.0077000137500244925,0.0077000137500244925,0.0077000137500244925,0.0,0.0,0.0,0.0,0.0077000137500244925,0.0,0.0,0.0,-0.0077000137500244925,-0.0077000137500244925,-0.0077000137500244925,-0.0077000137500244925
2011-12-02,-0.020052655541698883,-0.020052655541698883,-0.020052655541698883,-0.020052655541698883,-0.020052655541698883,-0.0,-0.0,-0.0,0.020052655541698883,0.020052655541698883,0.020052655541698883,0.020052655541698883,0.020052655541698883,0.020052655541698883,0.020052655541698883,0.020052655541698883
2011-12-05,0.00013584319813697565,0.00013584319813697565,0.00013584319813697565,0.00013584319813697565,0.00013584319813697565,0.00013584319813697565,0.0,0.0,-0.00013584319813697565,-0.00013584319813697565,-0.00013584319813697565,-0.00013584319813697565,-0.00013584319813697565,-0.00013584319813697565,-0.00013584319813697565,-0.00013584319813697565
2011-12-06,0.02901616753682834,0.02901616753682834,0.02901616753682834,0.02901616753682834,0.02901616753682834,0.02901616753682834,0.02901616753682834,0.02901616753682834,-0.02901616753682834,-0.02901616753682834,-0.02901616753682834,-0.02901616753682834,-0.02901616753682834,-0.02901616753682834,-0.02901616753682834,-0.02901616753682834
2011-12-07,0.009954425521707888,0.009954425521707888,0.009954425521707888,0.009954425521707888,-0.009954425521707888,-0.009954425521707888,-0.009954425521707888,-0.009954425521707888,0.009954425521707888,0.009954425521707888,0.009954425521707888,0.009954425521707888,0.009954425521707888,0.009954425521707888,0.009954425521707888,0.009954425521707888
2011-12-08,-0.03578355698056446,-0.03578355698056446,-0.03578355698056446,-0.03578355698056446,0.03578355698056446,0.03578355698056446,0.03578355698056446,0.03578355698056446,-0.03578355698056446,-0.03578355698056446,-0.03578355698056446,-0.03578355698056446,-0.03578355698056446,-0.03578355698056446,-0.03578355698056446,-0.03578355698056446
2011-12-09,-0.031015230510283764,0.0,0.0,0.0,0.031015230510283764,0.031015230510283764,0.031015230510283764,0.031015230510283764,-0.031015230510283764,-0.031015230510283764,-0.031015230510283764,-0.031015230510283764,-0.031015230510283764,-0.031015230510283764,-0.031015230510283764,-0.031015230510283764
2011-12-12,-0.0307157836761498,-0.0307157836761498,-0.0307157836761498,-0.0307157836761498,-0.0307157836761498,0.0,0.0,0.0,-0.0307157836761498,-0.0307157836761498,-0.0307157836761498,-0.0307157836761498,-0.0307157836761498,-0.0307157836761498,-0.0307157836761498,-0.0307157836761498
2011-12-13,-0.013549839368839689,-0.013549839368839689,-0.013549839368839689,-0.013549839368839689,-0.013549839368839689,-0.013549839368839689,-0.013549839368839689,-0.013549839368839689,-0.013549839368839689,-0.013549839368839689,-0.013549839368839689,-0.013549839368839689,-0.013549839368839689,-0.013549839368839689,-0.013549839368839689,-0.013549839368839689
2011-12-14,0.01896448589848676,0.01896448589848676,0.01896448589848676,0.01896448589848676,0.01896448589848676,0.01896448589848676,0.01896448589848676,0.01896448589848676,0.01896448589848676,0.01896448589848676,0.01896448589848676,0.01896448589848676,0.01896448589848676,0.01896448589848676,0.01896448589848676,0.01896448589848676
2011-12-15,-0.02830865566499252,-0.02830865566499252,-0.02830865566499252,-0.02830865566499252,-0.02830865566499252,-0.02830865566499252,-0.02830865566499252,-0.02830865566499252,-0.02830865566499252,-0.02830865566499252,-0.02830865566499252,-0.02830865566499252,-0.02830865566499252,-0.02830865566499252,-0.02830865566499252,-0.02830865566499252
2011-12-16,0.03674117831330692,0.03674117831330692,0.03674117831330692,0.03674117831330692,0.03674117831330692,0.03674117831330692,0.03674117831330692,0.03674117831330692,0.03674117831330692,0.03674117831330692,0.03674117831330692,0.03674117831330692,0.03674117831330692,0.03674117831330692,0.03674117831330692,0.03674117831330692
2011-12-19,-0.0018777113504412357,-0.0018777113504412357,-0.0018777113504412357,-0.0018777113504412357,-0.0018777113504412357,-0.0018777113504412357,-0.0018777113504412357,-0.0018777113504412357,-0.0018777113504412357,-0.0018777113504412357,-0.0018777113504412357,-0.0018777113504412357,-0.0018777113504412357,-0.0018777113504412357,-0.0018777113504412357,-0.0018777113504412357
2011-12-20,-0.011503697617091246,-0.011503697617091246,-0.011503697617091246,0.0,-0.011503697617091246,-0.011503697617091246,-0.011503697617091246,-0.011503697617091246,-0.011503697617091246,-0.011503697617091246,-0.011503697617091246,-0.011503697617091246,-0.011503697617091246,-0.011503697617091246,-0.011503697617091246,-0.011503697617091246
2011-12-21,-0.011484446777792368,-0.011484446777792368,-0.0,-0.0,0.011484446777792368,0.011484446777792368,0.011484446777792368,0.011484446777792368,0.011484446777792368,0.011484446777792368,0.011484446777792368,0.011484446777792368,0.011484446777792368,0.011484446777792368,0.011484446777792368,0.011484446777792368
2011-12-22,0.017063517809641104,0.017063517809641104,0.0,0.0,-0.017063517809641104,-0.017063517809641104,-0.017063517809641104,-0.017063517809641104,-0.017063517809641104,-0.017063517809641104,-0.017063517809641104,-0.017063517809641104,-0.017063517809641104,-0.017063517809641104,-0.017063517809641104,-0.017063517809641104
2011-12-23,0.03544554455445559,0.0,0.0,0.0,-0.03544554455445559,-0.03544554455445559,-0.03544554455445559,-0.03544554455445559,-0.03544554455445559,-0.03544554455445559,-0.03544554455445559,-0.03544554455445559,-0.03544554455445559,-0.03544554455445559,-0.03544554455445559,-0.03544554455445559
2011-12-27,-0.022765117817468594,-0.022765117817468594,-0.022765117817468594,-0.0,0.022765117817468594,0.022765117817468594,0.022765117817468594,0.022765117817468594,0.022765117817468594,0.022765117817468594,0.022765117817468594,0.022765117817468594,0.022765117817468594,0.022765117817468594,0.022765117817468594,0.022765117817468594
2011-12-28,0.005085085978098425,0.005085085978098425,0.005085085978098425,0.005085085978098425,0.005085085978098425,0.005085085978098425,0.005085085978098425,0.005085085978098425,0.005085085978098425,0.005085085978098425,0.005085085978098425,0.005085085978098425,0.005085085978098425,0.005085085978098425,0.005085085978098425,0.005085085978098425
2011-12-29,0.04586708088316871,0.04586708088316871,0.04586708088316871,0.04586708088316871,0.04586708088316871,0.04586708088316871,0.04586708088316871,0.04586708088316871,0.04586708088316871,0.04586708088316871,0.04586708088316871,0.04586708088316871,0.04586708088316871,0.04586708088316871,0.04586708088316871,0.04586708088316871
2011-12-30,-0.0016761435967070915,-0.0016761435967070915,0.0,0.0,0.0,0.0,0.0,0.0,-0.0016761435967070915,-0.0016761435967070915,-0.0016761435967070915,-0.0016761435967070915,-0.0016761435967070915,-0.0016761435967070915,-0.0016761435967070915,-0.0016761435967070915
2012-01-03,-0.0024227998214780833,-0.0024227998214780833,-0.0024227998214780833,-0.0,-0.0024227998214780833,-0.0024227998214780833,-0.0024227998214780833,-0.0024227998214780833,0.0024227998214780833,0.0024227998214780833,0.0024227998214780833,0.0024227998214780833,0.0024227998214780833,0.0024227998214780833,0.0024227998214780833,0.0024227998214780833
2012-01-04,0.00937095850912717,0.00937095850912717,0.00937095850912717,0.00937095850912717,0.00937095850912717,0.00937095850912717,0.00937095850912717,0.00937095850912717,-0.00937095850912717,-0.00937095850912717,-0.00937095850912717,-0.00937095850912717,-0.00937095850912717,-0.00937095850912717,-0.00937095850912717,0.0
2012-01-05,-0.005714285714285561,-0.005714285714285561,-0.005714285714285561,-0.005714285714285561,-0.005714285714285561,-0.005714285714285561,-0.005714285714285561,-0.0,0.005714285714285561,0.005714285714285561,0.005714285714285561,0.005714285714285561,0.005714285714285561,0.005714285714285561,0.005714285714285561,0.005714285714285561
2012-01-06,-0.015470718420156793,-0.015470718420156793,-0.015470718420156793,-0.015470718420156793,-0.015470718420156793,-0.015470718420156793,-0.0,-0.0,0.015470718420156793,0.015470718420156793,0.015470718420156793,0.015470718420156793,0.015470718420156793,0.015470718420156793,0.015470718420156793,0.015470718420156793
2012-01-09,0.003311050105827884,0.003311050105827884,0.003311050105827884,0.003311050105827884,0.003311050105827884,0.003311050105827884,0.003311050105827884,0.003311050105827884,-0.003311050105827884,-0.003311050105827884,-0.003311050105827884,-0.003311050105827884,-0.003311050105827884,-0.003311050105827884,-0.003311050105827884,-0.003311050105827884
2012-01-10,-0.007926662601711598,-0.007926662601711598,-0.0,-0.0,-0.007926662601711598,-0.007926662601711598,-0.007926662601711598,-0.007926662601711598,0.007926662601711598,0.007926662601711598,0.007926662601711598,0.007926662601711598,0.007926662601711598,0.007926662601711598,0.007926662601711598,0.007926662601711598
2012-01-11,0.012599607826776271,0.012599607826776271,0.0,0.0,0.012599607826776271,0.012599607826776271,0.012599607826776271,0.012599607826776271,-0.012599607826776271,-0.012599607826776271,-0.012599607826776271,-0.012599607826776271,-0.012599607826776271,-0.012599607826776271,-0.012599607826776271,-0.012599607826776271
2012-01-12,0.016816664554020533,0.016816664554020533,0.016816664554020533,0.0,0.016816664554020533,0.016816664554020533,0.016816664554020533,0.016816664554020533,0.016816664554020533,0.016816664554020533,0.016816664554020533,0.0,-0.016816664554020533,-0.016816664554020533,-0.016816664554020533,-0.016816664554020533
2012-01-13,-0.0022347329064422716,-0.0022347329064422716,-0.0,-0.0,-0.0022347329064422716,-0.0022347329064422716,-0.0022347329064422716,-0.0022347329064422716,-0.0022347329064422716,-0.0022347329064422716,-0.0022347329064422716,-0.0022347329064422716,0.0022347329064422716,0.0022347329064422716,0.0022347329064422716,0.0022347329064422716
2012-01-17,-0.020668067407058177,0.0,0.0,0.0,0.020668067407058177,0.020668067407058177,0.020668067407058177,0.020668067407058177,0.020668067407058177,0.020668067407058177,0.020668067407058177,0.020668067407058177,0.0,0.0,0.0,0.0
2012-01-18,0.000963264591269386,0.000963264591269386,0.000963264591269386,0.000963264591269386,0.000963264591269386,0.000963264591269386,-0.0,-0.0,-0.000963264591269386,-0.000963264591269386,-0.0,-0.0,-0.000963264591269386,-0.0,-0.0,-0.0
2012-01-19,0.015506758234547835,0.015506758234547835,0.015506758234547835,0.015506758234547835,0.015506758234547835,0.015506758234547835,0.015506758234547835,0.015506758234547835,-0.015506758234547835,-0.015506758234547835,-0.015506758234547835,-0.015506758234547835,0.015506758234547835,0.015506758234547835,0.015506758234547835,0.015506758234547835
2012-01-20,-0.023195709762873884,-0.023195709762873884,-0.023195709762873884,-0.023195709762873884,-0.023195709762873884,-0.023195709762873884,-0.023195709762873884,-0.023195709762873884,-0.023195709762873884,-0.023195709762873884,0.0,0.0,-0.023195709762873884,-0.023195709762873884,-0.023195709762873884,-0.023195709762873884
2012-01-23,0.06546280372183277,0.06546280372183277,0.06546280372183277,-0.0,0.06546280372183277,-0.0,-0.0,-0.0,-0.0,-0.0,-0.0,-0.0,0.06546280372183277,0.06546280372183277,0.06546280372183277,0.06546280372183277
2012-01-24,0.010512592347329486,0.010512592347329486,0.010512592347329486,0.010512592347329486,0.010512592347329486,0.010512592347329486,0.010512592347329486,0.010512592347329486,0.010512592347329486,-0.0,-0.0,-0.0,0.010512592347329486,0.010512592347329486,0.010512592347329486,0.010512592347329486
2012-01-25,-0.02441072269664768,-0.02441072269664768,-0.02441072269664768,-0.02441072269664768,-0.02441072269664768,-0.02441072269664768,-0.0,-0.0,-0.02441072269664768,-0.02441072269664768,-0.02441072269664768,-0.02441072269664768,0.02441072269664768,0.02441072269664768,0.02441072269664768,0.02441072269664768
2012-01-26,0.01173460208304189,0.01173460208304189,0.01173460208304189,0.01173460208304189,0.01173460208304189,0.01173460208304189,0.01173460208304189,0.01173460208304189,0.01173460208304189,0.01173460208304189,0.01173460208304189,0.01173460208304189,-0.01173460208304189,-0.01173460208304189,-0.01173460208304189,-0.01173460208304189
2012-01-27,-0.00018205356420430974,-0.00018205356420430974,-0.00018205356420430974,-0.00018205356420430974,-0.00018205356420430974,-0.00018205356420430974,-0.00018205356420430974,-0.00018205356420430974,-0.00018205356420430974,-0.00018205356420430974,-0.00018205356420430974,-0.00018205356420430974,0.00018205356420430974,0.00018205356420430974,0.00018205356420430974,0.00018205356420430974
2012-01-30,-0.00228536758013953,-0.00228536758013953,-0.00228536758013953,-0.00228536758013953,-0.00228536758013953,-0.00228536758013953,-0.00228536758013953,-0.00228536758013953,-0.00228536758013953,-0.00228536758013953,-0.00228536758013953,-0.00228536758013953,0.00228536758013953,0.00228536758013953,0.00228536758013953,0.00228536758013953
2012-01-31,-0.015557528552403221,-0.015557528552403221,-0.015557528552403221,-0.015557528552403221,-0.015557528552403221,-0.015557528552403221,-0.015557528552403221,-0.015557528552403221,-0.015557528552403221,-0.015557528552403221,-0.015557528552403221,-0.015557528552403221,0.015557528552403221,0.015557528552403221,0.015557528552403221,0.015557528552403221
2012-02-01,0.018100896103638076,0.018100896103638076,0.018100896103638076,0.018100896103638076,0.018100896103638076,0.018100896103638076,0.018100896103638076,0.018100896103638076,0.018100896103638076,0.018100896103638076,0.018100896103638076,0.018100896103638076,-0.018100896103638076,-0.018100896103638076,-0.018100896103638076,-0.018100896103638076
2012-02-02,0.0037233396738030056,0.0037233396738030056,0.0037233396738030056,0.0037233396738030056,0.0037233396738030056,0.0037233396738030056,0.0037233396738030056,0.0037233396738030056,0.0037233396738030056,0.0037233396738030056,0.0037233396738030056,0.0037233396738030056,-0.0037233396738030056,-0.0037233396738030056,-0.0037233396738030056,-0.0037233396738030056
2012-02-03,-0.005687126782304985,-0.005687126782304985,0.0,0.0,0.005687126782304985,0.005687126782304985,0.005687126782304985,0.005687126782304985,0.005687126782304985,0.005687126782304985,0.005687126782304985,0.005687126782304985,-0.005687126782304985,-0.005687126782304985,-0.005687126782304985,-0.005687126782304985
2012-02-06,0.0,0.0,0.0,0.0,0.006434612084814217,0.006434612084814217,0.006434612084814217,0.006434612084814217,0.006434612084814217,0.006434612084814217,0.006434612084814217,0.006434612084814217,-0.006434612084814217,-0.006434612084814217,-0.006434612084814217,-0.006434612084814217
2012-02-07,-0.0035979358128251926,0.0,0.0,0.0,0.0035979358128251926,0.0035979358128251926,0.0035979358128251926,0.0035979358128251926,0.0035979358128251926,0.0035979358128251926,0.0035979358128251926,0.0035979358128251926,-0.0035979358128251926,-0.0035979358128251926,-0.0035979358128251926,-0.0035979358128251926
2012-02-08,-0.015000825354902547,-0.015000825354902547,-0.015000825354902547,0.0,0.015000825354902547,0.0,0.0,0.0,0.015000825354902547,0.015000825354902547,0.015000825354902547,0.0,-0.015000825354902547,-0.015000825354902547,-0.015000825354902547,-0.015000825354902547
2012-02-09,-0.0034983346251336034,-0.0034983346251336034,-0.0034983346251336034,-0.0034983346251336034,-0.0034983346251336034,0.0,0.0,0.0,0.0034983346251336034,0.0034983346251336034,0.0034983346251336034,0.0,-0.0034983346251336034,-0.0034983346251336034,-0.0034983346251336034,-0.0034983346251336034
2012-02-10,-0.009754046668068117,-0.009754046668068117,-0.009754046668068117,-0.009754046668068117,-0.009754046668068117,-0.009754046668068117,-0.009754046668068117,-0.009754046668068117,0.0,0.0,0.0,0.0,-0.009754046668068117,-0.009754046668068117,-0.009754046668068117,-0.009754046668068117
2012-02-13,-0.003715025686749085,-0.003715025686749085,-0.003715025686749085,-0.003715025686749085,-0.003715025686749085,-0.003715025686749085,-0.003715025686749085,-0.003715025686749085,0.0,0.0,0.0,0.0,-0.003715025686749085,-0.003715025686749085,-0.003715025686749085,-0.003715025686749085
2012-02-14,0.02556945302678404,0.02556945302678404,0.02556945302678404,0.02556945302678404,0.02556945302678404,0.02556945302678404,0.02556945302678404,0.02556945302678404,-0.02556945302678404,-0.02556945302678404,-0.0,-0.0,0.02556945302678404,0.02556945302678404,0.02556945302678404,0.02556945302678404
2012-02-15,-0.014024225551100056,-0.014024225551100056,-0.014024225551100056,-0.014024225551100056,-0.014024225551100056,-0.014024225551100056,-0.014024225551100056,-0.014024225551100056,0.014024225551100056,0.0,0.0,0.0,-0.014024225551100056,-0.014024225551100056,-0.014024225551100056,-0.014024225551100056
2012-02-16,0.030449258260283107,-0.0,-0.0,-0.0,0.030449258260283107,0.030449258260283107,0.030449258260283107,0.030449258260283107,-0.030449258260283107,-0.030449258260283107,-0.030449258260283107,-0.030449258260283107,0.030449258260283107,0.030449258260283107,0.030449258260283107,0.030449258260283107
2012-02-17,0.017566102942679906,-0.0,-0.0,-0.0,0.017566102942679906,0.017566102942679906,0.017566102942679906,0.017566102942679906,-0.017566102942679906,-0.017566102942679906,-0.017566102942679906,-0.017566102942679906,0.017566102942679906,0.017566102942679906,0.017566102942679906,0.017566102942679906
2012-02-21,-0.00739549839228304,-0.00739549839228304,-0.00739549839228304,-0.00739549839228304,0.00739549839228304,-0.0,-0.0,-0.0,-0.00739549839228304,-0.00739549839228304,-0.00739549839228304,-0.00739549839228304,0.00739549839228304,0.00739549839228304,0.00739549839228304,-0.0
2012-02-22,0.012926907117778552,0.012926907117778552,0.012926907117778552,0.012926907117778552,0.012926907117778552,0.012926907117778552,0.012926907117778552,0.0,0.012926907117778552,0.012926907117778552,0.012926907117778552,0.012926907117778552,0.012926907117778552,0.012926907117778552,0.012926907117778552,0.012926907117778552
2012-02-23,0.0076192400970087615,0.0076192400970087615,0.0076192400970087615,0.0076192400970087615,0.0076192400970087615,0.0076192400970087615,0.0076192400970087615,0.0076192400970087615,0.0076192400970087615,0.0076192400970087615,0.0076192400970087615,0.0076192400970087615,0.0076192400970087615,0.0076192400970087615,0.0076192400970087615,0.0076192400970087615
2012-02-24,-0.022829562348532617,-0.022829562348532617,-0.022829562348532617,-0.022829562348532617,-0.022829562348532617,-0.022829562348532617,-0.022829562348532617,-0.022829562348532617,-0.022829562348532617,-0.022829562348532617,-0.0,-0.0,-0.022829562348532617,-0.0,-0.0,-0.0
2012-02-27,0.0345253265371136,0.0345253265371136,0.0345253265371136,0.0345253265371136,0.0345253265371136,0.0345253265371136,0.0345253265371136,0.0345253265371136,-0.0345253265371136,-0.0345253265371136,-0.0345253265371136,0.0,0.0,0.0,0.0,0.0
2012-02-28,-0.009837079810270044,-0.009837079810270044,-0.009837079810270044,-0.009837079810270044,-0.009837079810270044,-0.009837079810270044,-0.009837079810270044,-0.009837079810270044,-0.009837079810270044,-0.009837079810270044,-0.009837079810270044,-0.0,0.009837079810270044,0.009837079810270044,0.009837079810270044,0.009837079810270044
2012-02-29,-0.01993179079788432,-0.01993179079788432,-0.01993179079788432,-0.01993179079788432,0.01993179079788432,0.01993179079788432,0.01993179079788432,0.01993179079788432,-0.01993179079788432,-0.01993179079788432,-0.01993179079788432,0.0,-0.01993179079788432,-0.01993179079788432,-0.01993179079788432,-0.01993179079788432
2012-03-01,-0.021003938238419728,-0.021003938238419728,-0.021003938238419728,-0.021003938238419728,0.021003938238419728,0.021003938238419728,0.021003938238419728,0.021003938238419728,-0.021003938238419728,-0.021003938238419728,0.0,0.0,-0.021003938238419728,-0.021003938238419728,-0.021003938238419728,-0.021003938238419728
2012-03-02,-0.021816401677202335,-0.021816401677202335,-0.021816401677202335,-0.021816401677202335,0.0,0.0,0.0,0.0,-0.021816401677202335,-0.021816401677202335,-0.021816401677202335,-0.021816401677202335,-0.021816401677202335,-0.021816401677202335,-0.021816401677202335,-0.021816401677202335
2012-03-05,0.0041994864876626625,0.0041994864876626625,0.0041994864876626625,0.0041994864876626625,0.0041994864876626625,-0.0,-0.0,-0.0,0.0041994864876626625,0.0041994864876626625,0.0041994864876626625,0.0041994864876626625,0.0041994864876626625,0.0041994864876626625,0.0041994864876626625,0.0041994864876626625
2012-03-06,0.011202357478711011,0.011202357478711011,0.011202357478711011,0.011202357478711011,0.011202357478711011,0.011202357478711011,0.011202357478711011,0.011202357478711011,0.011202357478711011,0.011202357478711011,0.011202357478711011,0.011202357478711011,0.011202357478711011,0.011202357478711011,0.011202357478711011,0.011202357478711011
2012-03-07,-0.0007499785720407326,-0.0007499785720407326,-0.0007499785720407326,-0.0007499785720407326,-0.0007499785720407326,-0.0007499785720407326,-0.0007499785720407326,-0.0007499785720407326,-0.0007499785720407326,-0.0007499785720407326,-0.0007499785720407326,-0.0007499785720407326,-0.0007499785720407326,-0.0007499785720407326,-0.0007499785720407326,-0.0007499785720407326
2012-03-08,-0.015589818368966224,-0.015589818368966224,-0.015589818368966224,-0.015589818368966224,-0.015589818368966224,-0.015589818368966224,-0.015589818368966224,-0.015589818368966224,-0.015589818368966224,-0.015589818368966224,-0.015589818368966224,-0.015589818368966224,-0.015589818368966224,-0.015589818368966224,-0.015589818368966224,-0.015589818368966224
2012-03-09,-0.0059251513963316516,-0.0059251513963316516,-0.0059251513963316516,-0.0059251513963316516,-0.0059251513963316516,-0.0059251513963316516,-0.0059251513963316516,-0.0059251513963316516,-0.0059251513963316516,-0.0059251513963316516,-0.0059251513963316516,-0.0059251513963316516,-0.0059251513963316516,-0.0059251513963316516,-0.0059251513963316516,-0.0059251513963316516
2012-03-12,-0.03933470657842841,-0.03933470657842841,-0.03933470657842841,-0.03933470657842841,-0.03933470657842841,-0.03933470657842841,-0.03933470657842841,-0.03933470657842841,-0.03933470657842841,-0.03933470657842841,-0.03933470657842841,-0.03933470657842841,-0.03933470657842841,-0.03933470657842841,-0.03933470657842841,-0.03933470657842841
2012-03-13,0.001596751750724268,-0.0,-0.0,-0.0,0.001596751750724268,0.001596751750724268,0.001596751750724268,0.001596751750724268,0.001596751750724268,0.001596751750724268,0.001596751750724268,0.001596751750724268,-0.0,-0.0,-0.0,-0.0
2012-03-14,-0.003803320503769192,-0.003803320503769192,-0.003803320503769192,-0.003803320503769192,-0.003803320503769192,-0.003803320503769192,-0.003803320503769192,-0.003803320503769192,-0.003803320503769192,-0.003803320503769192,-0.003803320503769192,-0.003803320503769192,-0.003803320503769192,-0.003803320503769192,-0.003803320503769192,-0.003803320503769192
2012-03-15,-0.006789812994376088,-0.006789812994376088,-0.006789812994376088,-0.006789812994376088,-0.006789812994376088,-0.006789812994376088,-0.006789812994376088,-0.006789812994376088,-0.006789812994376088,-0.006789812994376088,-0.006789812994376088,-0.006789812994376088,-0.006789812994376088,-0.006789812994376088,-0.006789812994376088,-0.006789812994376088
2012-03-16,0.005432155599033095,0.005432155599033095,0.005432155599033095,0.005432155599033095,0.005432155599033095,0.005432155599033095,0.005432155599033095,0.005432155599033095,0.005432155599033095,0.005432155599033095,0.005432155599033095,0.005432155599033095,0.005432155599033095,0.005432155599033095,0.005432155599033095,0.005432155599033095
2012-03-19,-0.0028158696000548655,-0.0028158696000548655,-0.0028158696000548655,-0.0028158696000548655,-0.0028158696000548655,-0.0028158696000548655,-0.0028158696000548655,-0.0028158696000548655,-0.0028158696000548655,-0.0028158696000548655,-0.0028158696000548655,-0.0028158696000548655,-0.0028158696000548655,-0.0028158696000548655,-0.0028158696000548655,-0.0028158696000548655
2012-03-20,-0.018894347766196806,-0.018894347766196806,-0.018894347766196806,-0.018894347766196806,-0.018894347766196806,-0.018894347766196806,-0.018894347766196806,-0.018894347766196806,-0.018894347766196806,-0.018894347766196806,-0.018894347766196806,-0.018894347766196806,-0.018894347766196806,-0.018894347766196806,-0.018894347766196806,-0.018894347766196806
2012-03-21,0.019679419679419663,-0.0,-0.0,-0.0,0.019679419679419663,0.019679419679419663,0.019679419679419663,0.019679419679419663,0.019679419679419663,0.019679419679419663,0.019679419679419663,0.019679419679419663,0.019679419679419663,0.019679419679419663,0.019679419679419663,0.019679419679419663
2012-03-22,0.018083348632274676,0.018083348632274676,0.018083348632274676,0.018083348632274676,0.018083348632274676,0.018083348632274676,0.018083348632274676,0.018083348632274676,0.018083348632274676,0.018083348632274676,0.018083348632274676,0.018083348632274676,0.018083348632274676,0.018083348632274676,0.018083348632274676,0.018083348632274676
2012-03-23,0.0,0.0,0.0,0.0,-0.014606437652150306,-0.014606437652150306,-0.014606437652150306,-0.014606437652150306,-0.014606437652150306,-0.014606437652150306,-0.014606437652150306,-0.014606437652150306,-0.014606437652150306,-0.014606437652150306,-0.014606437652150306,-0.014606437652150306
2012-03-26,0.019420807027175524,0.019420807027175524,0.019420807027175524,0.019420807027175524,-0.019420807027175524,-0.019420807027175524,-0.019420807027175524,-0.019420807027175524,-0.019420807027175524,-0.019420807027175524,-0.019420807027175524,-0.019420807027175524,0.019420807027175524,0.019420807027175524,0.0,0.0
2012-03-27,-0.0,-0.0,-0.0,-0.0,0.0028460120838873504,0.0028460120838873504,0.0028460120838873504,0.0028460120838873504,0.0028460120838873504,0.0028460120838873504,0.0028460120838873504,0.0028460120838873504,0.0028460120838873504,0.0028460120838873504,0.0028460120838873504,0.0028460120838873504
2012-03-28,0.009165135267161562,0.009165135267161562,0.009165135267161562,-0.0,0.009165135267161562,0.009165135267161562,0.009165135267161562,0.009165135267161562,0.009165135267161562,0.009165135267161562,0.009165135267161562,0.009165135267161562,0.009165135267161562,0.009165135267161562,0.009165135267161562,0.009165135267161562
2012-03-29,-0.01738007975474254,-0.0,-0.0,-0.0,0.01738007975474254,0.01738007975474254,0.01738007975474254,0.01738007975474254,0.01738007975474254,0.01738007975474254,0.01738007975474254,0.01738007975474254,0.01738007975474254,0.01738007975474254,0.01738007975474254,0.01738007975474254
2012-03-30,0.0,0.0,0.0,0.0,-0.03273897183768726,0.0,0.0,0.0,-0.03273897183768726,-0.03273897183768726,-0.03273897183768726,-0.03273897183768726,-0.03273897183768726,-0.03273897183768726,-0.03273897183768726,-0.03273897183768726
2012-04-02,-0.042279583997001824,0.0,0.0,0.0,0.042279583997001824,0.042279583997001824,0.042279583997001824,0.0,-0.042279583997001824,-0.042279583997001824,-0.042279583997001824,-0.042279583997001824,-0.042279583997001824,-0.042279583997001824,-0.042279583997001824,-0.042279583997001824
2012-04-03,-0.009856433585247126,-0.009856433585247126,-0.009856433585247126,-0.009856433585247126,-0.009856433585247126,-0.009856433585247126,-0.009856433585247126,-0.009856433585247126,-0.009856433585247126,-0.009856433585247126,-0.009856433585247126,-0.009856433585247126,-0.009856433585247126,-0.009856433585247126,-0.009856433585247126,-0.009856433585247126
2012-04-04,0.005631854559826177,0.005631854559826177,0.005631854559826177,0.005631854559826177,0.005631854559826177,0.005631854559826177,0.005631854559826177,0.005631854559826177,0.005631854559826177,0.005631854559826177,0.005631854559826177,0.005631854559826177,0.005631854559826177,0.005631854559826177,0.005631854559826177,0.005631854559826177
2012-04-05,0.011839261151503244,0.011839261151503244,0.011839261151503244,0.011839261151503244,0.011839261151503244,0.011839261151503244,0.011839261151503244,0.011839261151503244,0.011839261151503244,0.011839261151503244,0.011839261151503244,0.011839261151503244,0.011839261151503244,0.011839261151503244,0.011839261151503244,0.011839261151503244
2012-04-09,-0.011700733116473239,-0.011700733116473239,-0.011700733116473239,-0.011700733116473239,-0.011700733116473239,-0.011700733116473239,-0.011700733116473239,-0.011700733116473239,-0.011700733116473239,-0.011700733116473239,-0.011700733116473239,-0.011700733116473239,-0.011700733116473239,-0.011700733116473239,-0.011700733116473239,-0.011700733116473239
2012-04-10,0.0361318530163095,0.0361318530163095,0.0361318530163095,0.0361318530163095,0.0361318530163095,0.0361318530163095,0.0361318530163095,0.0361318530163095,0.0361318530163095,0.0361318530163095,0.0361318530163095,0.0361318530163095,0.0361318530163095,0.0361318530163095,0.0361318530163095,0.0361318530163095
2012-04-11,-0.01370220230898711,-0.01370220230898711,-0.01370220230898711,-0.01370220230898711,-0.01370220230898711,-0.01370220230898711,-0.01370220230898711,-0.01370220230898711,-0.01370220230898711,-0.01370220230898711,-0.01370220230898711,-0.01370220230898711,-0.01370220230898711,-0.01370220230898711,-0.01370220230898711,-0.01370220230898711
2012-04-12,0.017690181468573374,0.017690181468573374,0.017690181468573374,0.017690181468573374,-0.017690181468573374,-0.017690181468573374,-0.017690181468573374,0.0,-0.017690181468573374,-0.017690181468573374,-0.017690181468573374,-0.017690181468573374,-0.017690181468573374,-0.017690181468573374,-0.017690181468573374,-0.017690181468573374
2012-04-13,-0.009860774670287897,-0.009860774670287897,-0.009860774670287897,-0.009860774670287897,0.009860774670287897,0.009860774670287897,0.009860774670287897,0.009860774670287897,0.009860774670287897,0.009860774670287897,0.009860774670287897,0.009860774670287897,0.009860774670287897,0.009860774670287897,0.009860774670287897,0.009860774670287897
2012-04-16,0.0,0.0,0.0,0.0,-0.009958325256832712,-0.009958325256832712,-0.009958325256832712,-0.009958325256832712,-0.009958325256832712,-0.009958325256832712,-0.009958325256832712,-0.009958325256832712,-0.009958325256832712,-0.009958325256832712,-0.009958325256832712,-0.009958325256832712
2012-04-17,0.0,0.0,0.0,0.0,-0.0010768214189569303,-0.0010768214189569303,-0.0010768214189569303,-0.0010768214189569303,-0.0010768214189569303,-0.0010768214189569303,-0.0010768214189569303,-0.0010768214189569303,-0.0010768214189569303,-0.0010768214189569303,-0.0010768214189569303,-0.0010768214189569303
2012-04-18,0.0,0.0,0.0,0.0,-0.010510326579611484,-0.010510326579611484,-0.010510326579611484,-0.010510326579611484,-0.010510326579611484,-0.010510326579611484,-0.010510326579611484,-0.010510326579611484,-0.010510326579611484,-0.010510326579611484,-0.010510326579611484,-0.010510326579611484
2012-04-19,-0.022556204813310887,-0.022556204813310887,-0.022556204813310887,-0.022556204813310887,0.0,0.0,0.0,0.0,-0.022556204813310887,-0.022556204813310887,-0.022556204813310887,-0.022556204813310887,-0.022556204813310887,-0.022556204813310887,-0.022556204813310887,-0.022556204813310887
2012-04-20,0.0008865921929226417,0.0008865921929226417,0.0008865921929226417,0.0008865921929226417,-0.0,-0.0,-0.0,-0.0,0.0008865921929226417,0.0008865921929226417,0.0008865921929226417,0.0008865921929226417,0.0008865921929226417,0.0008865921929226417,0.0008865921929226417,0.0008865921929226417
2012-04-23,0.02594148613079561,0.02594148613079561,0.02594148613079561,0.02594148613079561,0.02594148613079561,0.02594148613079561,0.02594148613079561,0.02594148613079561,0.02594148613079561,0.02594148613079561,0.02594148613079561,0.02594148613079561,0.02594148613079561,0.02594148613079561,0.02594148613079561,0.02594148613079561
2012-04-24,-0.0002220193896933509,-0.0002220193896933509,-0.0002220193896933509,-0.0002220193896933509,-0.0002220193896933509,-0.0002220193896933509,-0.0002220193896933509,-0.0002220193896933509,-0.0002220193896933509,-0.0002220193896933509,-0.0002220193896933509,-0.0002220193896933509,-0.0002220193896933509,-0.0002220193896933509,-0.0002220193896933509,-0.0002220193896933509
2012-04-25,0.011893012238452405,-0.0,-0.0,-0.0,-0.0,-0.0,-0.0,-0.0,0.011893012238452405,0.011893012238452405,0.011893012238452405,0.011893012238452405,0.011893012238452405,0.011893012238452405,0.011893012238452405,0.011893012238452405
2012-04-26,-0.009192879785418051,0.0,0.0,0.0,-0.009192879785418051,-0.009192879785418051,-0.009192879785418051,-0.009192879785418051,-0.009192879785418051,-0.009192879785418051,-0.009192879785418051,-0.009192879785418051,-0.009192879785418051,-0.009192879785418051,-0.009192879785418051,-0.009192879785418051
2012-04-27,-0.0015012428321807825,-0.0015012428321807825,-0.0015012428321807825,-0.0,0.0015012428321807825,0.0015012428321807825,-0.0,-0.0,0.0015012428321807825,0.0015012428321807825,0.0015012428321807825,0.0015012428321807825,0.0015012428321807825,0.0015012428321807825,0.0015012428321807825,0.0015012428321807825
2012-04-30,0.017865041529463888,0.017865041529463888,0.017865041529463888,0.017865041529463888,-0.017865041529463888,0.0,0.0,0.0,-0.017865041529463888,-0.017865041529463888,-0.017865041529463888,-0.017865041529463888,-0.017865041529463888,-0.017865041529463888,-0.017865041529463888,-0.017865041529463888
2012-05-01,0.037455901118422674,0.037455901118422674,0.037455901118422674,0.037455901118422674,-0.037455901118422674,-0.037455901118422674,0.0,0.0,-0.037455901118422674,-0.037455901118422674,-0.037455901118422674,-0.037455901118422674,-0.037455901118422674,-0.037455901118422674,-0.037455901118422674,-0.037455901118422674
2012-05-02,0.0027293995321029385,0.0027293995321029385,-0.0,-0.0,0.0027293995321029385,0.0027293995321029385,0.0027293995321029385,0.0027293995321029385,0.0027293995321029385,0.0027293995321029385,0.0027293995321029385,0.0027293995321029385,0.0027293995321029385,0.0027293995321029385,0.0027293995321029385,0.0027293995321029385
2012-05-03,-0.008632534024627492,-0.008632534024627492,-0.008632534024627492,-0.008632534024627492,-0.008632534024627492,-0.008632534024627492,-0.008632534024627492,-0.008632534024627492,-0.008632534024627492,-0.008632534024627492,-0.008632534024627492,-0.008632534024627492,-0.008632534024627492,-0.008632534024627492,-0.008632534024627492,-0.008632534024627492
2012-05-04,-0.03391559018879753,-0.03391559018879753,-0.03391559018879753,-0.03391559018879753,-0.03391559018879753,-0.03391559018879753,-0.03391559018879753,-0.03391559018879753,-0.03391559018879753,-0.03391559018879753,-0.03391559018879753,-0.03391559018879753,-0.03391559018879753,-0.03391559018879753,-0.03391559018879753,-0.03391559018879753
2012-05-07,0.019217756123968144,0.019217756123968144,0.019217756123968144,0.019217756123968144,0.019217756123968144,0.019217756123968144,0.019217756123968144,0.019217756123968144,0.019217756123968144,0.019217756123968144,0.019217756123968144,0.019217756123968144,0.019217756123968144,0.019217756123968144,0.019217756123968144,0.019217756123968144
2012-05-08,0.002097994954189275,0.002097994954189275,0.002097994954189275,0.002097994954189275,0.002097994954189275,0.002097994954189275,0.002097994954189275,0.002097994954189275,0.002097994954189275,0.002097994954189275,0.002097994954189275,0.002097994954189275,0.002097994954189275,0.002097994954189275,0.002097994954189275,0.002097994954189275
2012-05-09,-0.01672231939365032,-0.01672231939365032,-0.01672231939365032,-0.01672231939365032,-0.01672231939365032,-0.01672231939365032,-0.01672231939365032,-0.01672231939365032,-0.01672231939365032,-0.01672231939365032,-0.01672231939365032,-0.01672231939365032,-0.01672231939365032,-0.01672231939365032,-0.01672231939365032,-0.01672231939365032
2012-05-10,-0.03258496617524198,-0.03258496617524198,-0.03258496617524198,0.0,-0.03258496617524198,-0.03258496617524198,-0.03258496617524198,-0.03258496617524198,-0.03258496617524198,-0.03258496617524198,-0.03258496617524198,-0.03258496617524198,-0.03258496617524198,-0.03258496617524198,-0.03258496617524198,-0.03258496617524198
2012-05-11,-0.039282331308853724,-0.039282331308853724,-0.039282331308853724,-0.039282331308853724,-0.039282331308853724,-0.039282331308853724,-0.039282331308853724,-0.039282331308853724,-0.039282331308853724,-0.039282331308853724,-0.039282331308853724,-0.039282331308853724,-0.039282331308853724,-0.039282331308853724,-0.039282331308853724,-0.039282331308853724
2012-05-14,0.0038278621969607407,0.0038278621969607407,0.0038278621969607407,0.0038278621969607407,0.0038278621969607407,0.0038278621969607407,0.0038278621969607407,0.0038278621969607407,0.0038278621969607407,0.0038278621969607407,0.0038278621969607407,0.0038278621969607407,0.0038278621969607407,0.0038278621969607407,0.0038278621969607407,0.0038278621969607407
2012-05-15,0.04578807487866876,0.04578807487866876,0.04578807487866876,0.04578807487866876,0.04578807487866876,0.04578807487866876,0.04578807487866876,0.04578807487866876,0.04578807487866876,0.04578807487866876,0.04578807487866876,0.04578807487866876,0.04578807487866876,0.04578807487866876,0.04578807487866876,0.04578807487866876
2012-05-16,0.0073754868650037775,0.0073754868650037775,0.0073754868650037775,0.0073754868650037775,0.0073754868650037775,0.0073754868650037775,0.0073754868650037775,0.0073754868650037775,0.0073754868650037775,0.0073754868650037775,0.0073754868650037775,0.0073754868650037775,0.0073754868650037775,0.0073754868650037775,0.0073754868650037775,0.0073754868650037775
2012-05-17,0.0335088296588788,0.0335088296588788,0.0335088296588788,0.0335088296588788,0.0335088296588788,0.0335088296588788,0.0335088296588788,0.0335088296588788,0.0335088296588788,0.0335088296588788,0.0335088296588788,0.0335088296588788,0.0335088296588788,0.0335088296588788,0.0335088296588788,0.0335088296588788
2012-05-18,-0.01117007163703898,-0.01117007163703898,-0.01117007163703898,0.0,-0.01117007163703898,-0.01117007163703898,-0.01117007163703898,-0.01117007163703898,-0.01117007163703898,-0.01117007163703898,-0.01117007163703898,-0.01117007163703898,-0.01117007163703898,-0.01117007163703898,-0.01117007163703898,-0.01117007163703898
2012-05-21,-0.04301161823499422,-0.04301161823499422,-0.04301161823499422,-0.04301161823499422,0.04301161823499422,0.04301161823499422,-0.0,-0.0,0.04301161823499422,0.04301161823499422,0.04301161823499422,0.04301161823499422,0.04301161823499422,0.04301161823499422,0.04301161823499422,0.04301161823499422
2012-05-22,-0.005633875282980094,-0.005633875282980094,-0.005633875282980094,-0.005633875282980094,-0.005633875282980094,-0.0,-0.0,-0.0,0.005633875282980094,0.005633875282980094,0.005633875282980094,0.005633875282980094,0.005633875282980094,0.005633875282980094,0.005633875282980094,0.005633875282980094
2012-05-23,-0.006293008620910312,-0.006293008620910312,-0.006293008620910312,-0.006293008620910312,-0.006293008620910312,-0.006293008620910312,-0.006293008620910312,-0.006293008620910312,0.006293008620910312,0.006293008620910312,0.006293008620910312,0.006293008620910312,0.006293008620910312,0.006293008620910312,0.006293008620910312,0.006293008620910312
2012-05-24,0.01738820957368392,0.01738820957368392,0.01738820957368392,0.01738820957368392,0.01738820957368392,0.01738820957368392,0.01738820957368392,0.01738820957368392,-0.01738820957368392,-0.01738820957368392,-0.01738820957368392,-0.01738820957368392,-0.01738820957368392,-0.01738820957368392,-0.01738820957368392,-0.01738820957368392
2012-05-25,-0.0025095076708148145,-0.0025095076708148145,-0.0025095076708148145,-0.0025095076708148145,-0.0025095076708148145,-0.0025095076708148145,-0.0025095076708148145,-0.0025095076708148145,0.0025095076708148145,0.0025095076708148145,0.0025095076708148145,0.0025095076708148145,0.0025095076708148145,0.0025095076708148145,0.0025095076708148145,0.0025095076708148145
2012-05-29,0.010632258064516065,0.010632258064516065,0.010632258064516065,0.010632258064516065,0.010632258064516065,0.010632258064516065,0.010632258064516065,0.010632258064516065,-0.010632258064516065,-0.010632258064516065,-0.010632258064516065,-0.010632258064516065,-0.010632258064516065,-0.010632258064516065,-0.010632258064516065,-0.010632258064516065
2012-05-30,-0.06466169335906935,-0.06466169335906935,-0.06466169335906935,-0.06466169335906935,-0.06466169335906935,-0.06466169335906935,-0.06466169335906935,-0.06466169335906935,0.06466169335906935,0.06466169335906935,0.06466169335906935,0.06466169335906935,0.06466169335906935,0.06466169335906935,0.06466169335906935,0.06466169335906935
2012-05-31,0.01565524168851229,0.01565524168851229,-0.0,-0.0,-0.01565524168851229,-0.01565524168851229,-0.01565524168851229,-0.01565524168851229,0.01565524168851229,0.01565524168851229,0.01565524168851229,0.01565524168851229,0.01565524168851229,0.01565524168851229,0.01565524168851229,0.01565524168851229
2012-06-01,-0.004655538402161374,-0.004655538402161374,-0.004655538402161374,-0.004655538402161374,-0.004655538402161374,-0.004655538402161374,-0.004655538402161374,-0.004655538402161374,-0.004655538402161374,-0.004655538402161374,-0.004655538402161374,-0.004655538402161374,0.004655538402161374,0.004655538402161374,0.004655538402161374,0.004655538402161374
2012-06-04,-0.0006242646882277381,-0.0006242646882277381,-0.0006242646882277381,-0.0006242646882277381,-0.0006242646882277381,-0.0006242646882277381,-0.0006242646882277381,-0.0006242646882277381,-0.0006242646882277381,-0.0006242646882277381,-0.0006242646882277381,-0.0006242646882277381,0.0006242646882277381,0.0006242646882277381,0.0006242646882277381,0.0006242646882277381
2012-06-05,0.03253749250149962,0.03253749250149962,0.03253749250149962,0.03253749250149962,0.03253749250149962,0.03253749250149962,0.03253749250149962,0.03253749250149962,0.03253749250149962,0.03253749250149962,0.03253749250149962,0.03253749250149962,-0.03253749250149962,-0.03253749250149962,-0.03253749250149962,-0.03253749250149962
2012-06-06,-0.006696594657605415,-0.006696594657605415,-0.006696594657605415,-0.006696594657605415,-0.006696594657605415,-0.006696594657605415,-0.006696594657605415,-0.006696594657605415,-0.006696594657605415,-0.006696594657605415,-0.006696594657605415,-0.006696594657605415,0.006696594657605415,0.006696594657605415,0.006696594657605415,0.006696594657605415
2012-06-07,0.014659144103082111,0.014659144103082111,0.014659144103082111,0.014659144103082111,0.014659144103082111,0.014659144103082111,0.014659144103082111,0.014659144103082111,0.014659144103082111,0.014659144103082111,0.014659144103082111,0.014659144103082111,-0.014659144103082111,-0.014659144103082111,-0.014659144103082111,-0.014659144103082111
2012-06-08,0.024528679301895284,-0.0,-0.0,-0.0,-0.024528679301895284,-0.024528679301895284,-0.024528679301895284,-0.024528679301895284,-0.024528679301895284,-0.024528679301895284,-0.024528679301895284,-0.024528679301895284,0.024528679301895284,0.024528679301895284,0.024528679301895284,0.024528679301895284
2012-06-11,0.0,0.0,0.0,0.0,-0.0,-0.0,-0.0,-0.0,-0.0,-0.0,-0.0,-0.0,0.0,0.0,0.0,0.0
2012-06-12,0.003611958511287261,0.003611958511287261,0.003611958511287261,-0.0,-0.003611958511287261,-0.003611958511287261,-0.003611958511287261,-0.003611958511287261,-0.003611958511287261,-0.003611958511287261,-0.003611958511287261,-0.003611958511287261,0.003611958511287261,0.003611958511287261,0.003611958511287261,0.003611958511287261
2012-06-13,-0.0004133939644480611,-0.0004133939644480611,-0.0004133939644480611,0.0,0.0004133939644480611,0.0004133939644480611,0.0004133939644480611,0.0004133939644480611,0.0004133939644480611,0.0004133939644480611,0.0004133939644480611,0.0004133939644480611,-0.0004133939644480611,-0.0004133939644480611,-0.0004133939644480611,-0.0004133939644480611
2012-06-14,-0.017467036442368356,-0.017467036442368356,-0.017467036442368356,-0.0,-0.017467036442368356,-0.017467036442368356,-0.017467036442368356,-0.017467036442368356,-0.017467036442368356,-0.017467036442368356,-0.017467036442368356,-0.017467036442368356,0.017467036442368356,0.017467036442368356,0.017467036442368356,0.017467036442368356
2012-06-15,0.0014584927314460483,0.0014584927314460483,0.0,0.0,0.0014584927314460483,0.0,0.0,0.0,0.0014584927314460483,0.0014584927314460483,0.0014584927314460483,0.0014584927314460483,-0.0014584927314460483,-0.0014584927314460483,-0.0014584927314460483,-0.0014584927314460483
2012-06-18,0.008596125757249107,0.008596125757249107,0.008596125757249107,0.008596125757249107,0.008596125757249107,0.0,0.0,0.0,0.008596125757249107,0.008596125757249107,0.008596125757249107,0.008596125757249107,-0.008596125757249107,-0.008596125757249107,-0.008596125757249107,-0.008596125757249107
2012-06-19,0.05204811129359488,0.05204811129359488,0.05204811129359488,0.0,0.0,0.0,0.0,0.0,0.05204811129359488,0.05204811129359488,0.05204811129359488,0.05204811129359488,-0.05204811129359488,-0.05204811129359488,-0.05204811129359488,-0.05204811129359488
2012-06-20,0.00468801752910919,0.00468801752910919,0.0,0.0,-0.00468801752910919,0.0,0.0,0.0,0.00468801752910919,0.00468801752910919,0.00468801752910919,0.00468801752910919,-0.00468801752910919,-0.00468801752910919,-0.00468801752910919,-0.00468801752910919
2012-06-21,0.013464738256751652,0.013464738256751652,0.013464738256751652,0.013464738256751652,0.013464738256751652,0.013464738256751652,0.013464738256751652,0.013464738256751652,-0.013464738256751652,-0.0,-0.0,-0.0,0.013464738256751652,0.013464738256751652,0.013464738256751652,0.013464738256751652
2012-06-22,-0.016367356217322215,-0.016367356217322215,-0.016367356217322215,-0.016367356217322215,-0.016367356217322215,-0.016367356217322215,-0.016367356217322215,-0.016367356217322215,0.0,0.0,0.0,0.0,-0.016367356217322215,-0.016367356217322215,-0.016367356217322215,-0.016367356217322215
2012-06-25,-0.003826104819865006,-0.003826104819865006,-0.003826104819865006,-0.003826104819865006,-0.003826104819865006,-0.003826104819865006,0.0,0.0,0.003826104819865006,0.0,0.0,0.0,-0.003826104819865006,-0.003826104819865006,-0.003826104819865006,-0.003826104819865006
2012-06-26,-0.021472392638036797,-0.021472392638036797,-0.021472392638036797,-0.021472392638036797,-0.021472392638036797,-0.021472392638036797,-0.021472392638036797,-0.021472392638036797,0.021472392638036797,0.0,0.0,0.0,-0.021472392638036797,-0.021472392638036797,-0.021472392638036797,-0.021472392638036797
2012-06-27,0.03277047496114438,0.03277047496114438,0.03277047496114438,0.03277047496114438,0.03277047496114438,0.03277047496114438,0.03277047496114438,0.03277047496114438,-0.0,-0.0,-0.0,-0.0,0.03277047496114438,0.03277047496114438,0.03277047496114438,0.03277047496114438
2012-06-28,0.00022956255579642537,0.00022956255579642537,0.00022956255579642537,0.00022956255579642537,0.00022956255579642537,0.00022956255579642537,0.00022956255579642537,0.00022956255579642537,0.00022956255579642537,-0.0,-0.0,-0.0,0.00022956255579642537,0.00022956255579642537,0.00022956255579642537,0.00022956255579642537
2012-06-29,-0.0,-0.0,-0.0,-0.0,0.038863671137858935,0.038863671137858935,0.038863671137858935,0.038863671137858935,0.038863671137858935,0.038863671137858935,0.038863671137858935,0.038863671137858935,0.038863671137858935,0.038863671137858935,0.038863671137858935,0.038863671137858935
2012-07-02,-0.0152682998674456,0.0,0.0,0.0,-0.0152682998674456,-0.0152682998674456,-0.0152682998674456,-0.0152682998674456,-0.0152682998674456,-0.0152682998674456,-0.0152682998674456,-0.0152682998674456,-0.0152682998674456,-0.0152682998674456,-0.0152682998674456,-0.0152682998674456
2012-07-03,0.029688902183667376,0.029688902183667376,0.029688902183667376,0.029688902183667376,-0.029688902183667376,-0.029688902183667376,-0.029688902183667376,-0.029688902183667376,-0.029688902183667376,-0.029688902183667376,-0.029688902183667376,-0.029688902183667376,0.0,0.0,0.0,0.0
2012-07-05,0.004495825305073753,0.004495825305073753,0.004495825305073753,0.004495825305073753,-0.004495825305073753,-0.004495825305073753,-0.004495825305073753,-0.004495825305073753,-0.004495825305073753,-0.004495825305073753,-0.004495825305073753,-0.004495825305073753,-0.004495825305073753,-0.004495825305073753,-0.004495825305073753,-0.004495825305073753
2012-07-06,0.0336774193548387,0.0336774193548387,0.0336774193548387,0.0336774193548387,-0.0336774193548387,0.0,0.0,0.0,-0.0336774193548387,-0.0336774193548387,-0.0336774193548387,-0.0336774193548387,-0.0336774193548387,-0.0336774193548387,-0.0336774193548387,-0.0336774193548387
2012-07-09,-0.01848043797569765,-0.01848043797569765,0.0,0.0,-0.01848043797569765,0.0,0.0,0.0,-0.01848043797569765,-0.01848043797569765,-0.01848043797569765,-0.01848043797569765,-0.01848043797569765,-0.01848043797569765,-0.01848043797569765,-0.01848043797569765
2012-07-10,-0.005713819280058763,-0.005713819280058763,-0.005713819280058763,-0.005713819280058763,-0.005713819280058763,-0.005713819280058763,-0.005713819280058763,-0.005713819280058763,-0.005713819280058763,-0.005713819280058763,-0.005713819280058763,-0.005713819280058763,-0.005713819280058763,-0.005713819280058763,-0.005713819280058763,-0.005713819280058763
2012-07-11,0.014612921763401898,0.014612921763401898,0.014612921763401898,0.014612921763401898,0.014612921763401898,0.014612921763401898,0.014612921763401898,0.014612921763401898,0.014612921763401898,0.014612921763401898,0.014612921763401898,0.014612921763401898,0.014612921763401898,0.014612921763401898,0.014612921763401898,0.014612921763401898
2012-07-12,-0.0030746824176712817,-0.0030746824176712817,-0.0030746824176712817,-0.0030746824176712817,-0.0030746824176712817,-0.0030746824176712817,-0.0030746824176712817,-0.0030746824176712817,-0.0030746824176712817,-0.0030746824176712817,-0.0030746824176712817,-0.0030746824176712817,-0.0030746824176712817,-0.0030746824176712817,-0.0030746824176712817,-0.0030746824176712817
2012-07-13,-0.011146281416551607,-0.011146281416551607,-0.011146281416551607,-0.011146281416551607,-0.011146281416551607,-0.011146281416551607,-0.011146281416551607,-0.011146281416551607,-0.011146281416551607,-0.011146281416551607,-0.011146281416551607,-0.011146281416551607,-0.011146281416551607,-0.011146281416551607,-0.011146281416551607,-0.011146281416551607
2012-07-16,-0.013405925966457843,-0.013405925966457843,-0.013405925966457843,-0.013405925966457843,-0.013405925966457843,-0.013405925966457843,-0.013405925966457843,-0.013405925966457843,-0.013405925966457843,-0.013405925966457843,-0.013405925966457843,-0.013405925966457843,-0.013405925966457843,-0.013405925966457843,-0.013405925966457843,-0.013405925966457843
2012-07-17,0.009955353428912073,0.009955353428912073,0.009955353428912073,0.009955353428912073,0.009955353428912073,0.009955353428912073,0.009955353428912073,0.009955353428912073,0.009955353428912073,0.009955353428912073,0.009955353428912073,0.009955353428912073,0.009955353428912073,0.009955353428912073,0.009955353428912073,0.009955353428912073
2012-07-18,0.003130148270181099,0.003130148270181099,0.003130148270181099,-0.0,0.003130148270181099,0.003130148270181099,0.003130148270181099,0.003130148270181099,0.003130148270181099,0.003130148270181099,0.003130148270181099,0.003130148270181099,0.003130148270181099,0.003130148270181099,0.003130148270181099,0.003130148270181099
2012-07-19,0.0,0.0,0.0,0.0,-0.023512344665243434,-0.023512344665243434,-0.023512344665243434,-0.023512344665243434,-0.023512344665243434,-0.023512344665243434,-0.023512344665243434,-0.023512344665243434,-0.023512344665243434,-0.023512344665243434,-0.023512344665243434,-0.023512344665243434
2012-07-20,0.0,0.0,-0.0,-0.0,0.0,0.0,0.0,0.0,0.0,0.0,0.0,0.0,0.0,0.0,0.0,0.0
2012-07-23,0.03046951646811502,0.03046951646811502,0.03046951646811502,0.03046951646811502,0.03046951646811502,0.03046951646811502,0.03046951646811502,0.03046951646811502,0.03046951646811502,0.03046951646811502,0.03046951646811502,0.03046951646811502,0.03046951646811502,0.03046951646811502,0.03046951646811502,0.03046951646811502
2012-07-24,0.019993471519503814,0.019993471519503814,0.019993471519503814,0.019993471519503814,0.019993471519503814,0.019993471519503814,0.019993471519503814,0.019993471519503814,0.019993471519503814,0.019993471519503814,0.019993471519503814,0.019993471519503814,0.019993471519503814,0.019993471519503814,0.019993471519503814,0.019993471519503814
2012-07-25,-0.007493932847961071,-0.007493932847961071,-0.007493932847961071,-0.0,-0.0,-0.0,-0.0,-0.0,0.007493932847961071,0.007493932847961071,0.007493932847961071,0.007493932847961071,0.007493932847961071,0.007493932847961071,0.007493932847961071,0.007493932847961071
2012-07-26,-0.01320874583090692,-0.01320874583090692,-0.01320874583090692,-0.01320874583090692,-0.01320874583090692,-0.01320874583090692,-0.01320874583090692,-0.01320874583090692,0.01320874583090692,0.01320874583090692,0.01320874583090692,0.01320874583090692,0.01320874583090692,0.01320874583090692,0.01320874583090692,0.01320874583090692
2012-07-27,0.020377772552707896,0.020377772552707896,0.020377772552707896,0.020377772552707896,0.020377772552707896,0.020377772552707896,0.020377772552707896,0.0,0.0,0.0,0.0,0.0,-0.020377772552707896,-0.020377772552707896,-0.020377772552707896,-0.020377772552707896
2012-07-30,0.012827692882097286,0.012827692882097286,0.012827692882097286,0.012827692882097286,0.012827692882097286,0.012827692882097286,0.012827692882097286,0.012827692882097286,-0.012827692882097286,-0.012827692882097286,-0.012827692882097286,-0.012827692882097286,-0.012827692882097286,0.0,0.0,0.0
2012-07-31,0.006402636697644071,0.006402636697644071,0.006402636697644071,0.006402636697644071,0.006402636697644071,0.006402636697644071,0.006402636697644071,0.006402636697644071,-0.006402636697644071,-0.006402636697644071,-0.006402636697644071,-0.006402636697644071,-0.006402636697644071,-0.006402636697644071,-0.006402636697644071,-0.006402636697644071
2012-08-01,-0.018108159547567837,-0.0,-0.0,-0.0,-0.018108159547567837,-0.018108159547567837,-0.018108159547567837,-0.018108159547567837,0.018108159547567837,0.018108159547567837,0.018108159547567837,0.018108159547567837,0.018108159547567837,0.018108159547567837,0.018108159547567837,0.018108159547567837
2012-08-02,0.021978902390172195,0.021978902390172195,0.021978902390172195,-0.0,-0.021978902390172195,-0.0,-0.0,-0.0,0.021978902390172195,0.021978902390172195,0.021978902390172195,0.021978902390172195,-0.0,-0.0,-0.0,-0.0
2012-08-03,0.011759172154280462,-0.0,-0.0,-0.0,-0.011759172154280462,-0.011759172154280462,-0.011759172154280462,-0.011759172154280462,0.011759172154280462,0.011759172154280462,0.011759172154280462,0.011759172154280462,0.011759172154280462,-0.0,-0.0,-0.0
2012-08-06,0.0,0.0,0.0,0.0,0.005501317216798363,0.005501317216798363,0.005501317216798363,0.005501317216798363,-0.005501317216798363,-0.005501317216798363,0.0,0.0,0.005501317216798363,0.005501317216798363,0.0,0.0
2012-08-07,-0.012725620049344188,-0.012725620049344188,-0.012725620049344188,-0.012725620049344188,-0.012725620049344188,-0.012725620049344188,-0.012725620049344188,-0.012725620049344188,-0.012725620049344188,-0.012725620049344188,-0.012725620049344188,-0.012725620049344188,-0.012725620049344188,-0.012725620049344188,-0.012725620049344188,-0.012725620049344188
2012-08-08,-0.007411206564944317,-0.007411206564944317,-0.007411206564944317,-0.007411206564944317,-0.007411206564944317,-0.007411206564944317,-0.007411206564944317,-0.007411206564944317,-0.007411206564944317,-0.007411206564944317,-0.007411206564944317,-0.007411206564944317,-0.007411206564944317,-0.007411206564944317,-0.007411206564944317,-0.007411206564944317
2012-08-09,0.01316057427960482,0.01316057427960482,0.01316057427960482,0.01316057427960482,0.01316057427960482,0.01316057427960482,0.01316057427960482,0.01316057427960482,0.01316057427960482,0.01316057427960482,0.01316057427960482,0.01316057427960482,0.01316057427960482,0.01316057427960482,0.01316057427960482,0.01316057427960482
2012-08-10,0.0069904815951711274,0.0069904815951711274,0.0069904815951711274,0.0069904815951711274,0.0069904815951711274,0.0069904815951711274,0.0069904815951711274,0.0069904815951711274,0.0069904815951711274,0.0069904815951711274,0.0069904815951711274,0.0069904815951711274,0.0069904815951711274,0.0069904815951711274,0.0069904815951711274,0.0069904815951711274
2012-08-13,-0.004078345802161154,-0.004078345802161154,-0.0,-0.0,-0.004078345802161154,-0.004078345802161154,-0.0,-0.0,-0.004078345802161154,-0.004078345802161154,-0.004078345802161154,-0.004078345802161154,-0.004078345802161154,-0.004078345802161154,-0.004078345802161154,-0.004078345802161154
2012-08-14,0.033994774014953544,-0.0,-0.0,-0.0,-0.033994774014953544,-0.033994774014953544,-0.033994774014953544,-0.033994774014953544,-0.033994774014953544,-0.033994774014953544,-0.033994774014953544,-0.033994774014953544,-0.033994774014953544,-0.033994774014953544,-0.033994774014953544,-0.033994774014953544
2012-08-15,0.0,0.0,0.0,0.0,0.006555408211774694,0.006555408211774694,0.006555408211774694,0.006555408211774694,0.006555408211774694,0.006555408211774694,0.006555408211774694,0.006555408211774694,0.006555408211774694,0.006555408211774694,0.006555408211774694,0.006555408211774694
2012-08-16,-0.006598665155521877,-0.006598665155521877,-0.006598665155521877,-0.006598665155521877,-0.006598665155521877,-0.006598665155521877,-0.006598665155521877,-0.006598665155521877,-0.006598665155521877,-0.006598665155521877,-0.006598665155521877,-0.006598665155521877,-0.006598665155521877,-0.006598665155521877,-0.006598665155521877,-0.006598665155521877
2012-08-17,-0.017114119148297524,-0.017114119148297524,-0.0,-0.0,-0.017114119148297524,-0.017114119148297524,-0.017114119148297524,-0.017114119148297524,-0.017114119148297524,-0.017114119148297524,-0.017114119148297524,-0.017114119148297524,-0.017114119148297524,-0.017114119148297524,-0.017114119148297524,-0.017114119148297524
2012-08-20,-0.022828466704386097,-0.022828466704386097,-0.022828466704386097,-0.022828466704386097,-0.022828466704386097,-0.022828466704386097,-0.022828466704386097,-0.022828466704386097,-0.022828466704386097,-0.022828466704386097,-0.022828466704386097,-0.022828466704386097,-0.022828466704386097,-0.022828466704386097,-0.022828466704386097,-0.022828466704386097
2012-08-21,0.0006253156641574664,0.0006253156641574664,0.0006253156641574664,0.0006253156641574664,0.0006253156641574664,0.0006253156641574664,0.0006253156641574664,0.0006253156641574664,0.0006253156641574664,0.0006253156641574664,0.0006253156641574664,0.0006253156641574664,0.0006253156641574664,0.0006253156641574664,0.0006253156641574664,0.0006253156641574664
2012-08-22,-0.0023343681563305907,-0.0023343681563305907,-0.0023343681563305907,-0.0023343681563305907,-0.0023343681563305907,-0.0023343681563305907,-0.0023343681563305907,-0.0023343681563305907,-0.0023343681563305907,-0.0023343681563305907,-0.0023343681563305907,-0.0023343681563305907,-0.0023343681563305907,-0.0023343681563305907,-0.0023343681563305907,-0.0023343681563305907
2012-08-23,0.013277310924369679,0.013277310924369679,0.013277310924369679,0.013277310924369679,0.013277310924369679,0.013277310924369679,0.013277310924369679,0.013277310924369679,0.013277310924369679,0.013277310924369679,0.013277310924369679,0.013277310924369679,0.013277310924369679,0.013277310924369679,0.013277310924369679,0.013277310924369679
2012-08-24,0.000413655497968346,0.000413655497968346,0.000413655497968346,0.000413655497968346,0.000413655497968346,0.000413655497968346,0.000413655497968346,0.000413655497968346,0.000413655497968346,0.000413655497968346,0.000413655497968346,0.000413655497968346,0.000413655497968346,0.000413655497968346,0.000413655497968346,0.000413655497968346
2012-08-27,0.011100292112950272,0.011100292112950272,0.011100292112950272,0.011100292112950272,0.011100292112950272,0.011100292112950272,0.011100292112950272,0.011100292112950272,0.011100292112950272,0.011100292112950272,0.011100292112950272,0.011100292112950272,0.011100292112950272,0.0,0.0,0.0
2012-08-28,0.00721248523040563,0.00721248523040563,0.0,0.0,0.00721248523040563,0.00721248523040563,0.00721248523040563,0.00721248523040563,0.00721248523040563,0.00721248523040563,0.00721248523040563,0.00721248523040563,-0.00721248523040563,0.0,0.0,0.0
2012-08-29,0.040936252510475724,0.040936252510475724,0.040936252510475724,0.040936252510475724,-0.040936252510475724,-0.040936252510475724,-0.040936252510475724,-0.040936252510475724,-0.040936252510475724,-0.040936252510475724,-0.040936252510475724,-0.040936252510475724,0.040936252510475724,0.040936252510475724,0.040936252510475724,0.040936252510475724
2012-08-30,-0.00314420465913956,-0.00314420465913956,-0.00314420465913956,-0.00314420465913956,0.00314420465913956,0.0,0.0,0.0,0.00314420465913956,0.00314420465913956,0.00314420465913956,0.00314420465913956,-0.00314420465913956,-0.00314420465913956,-0.00314420465913956,-0.00314420465913956
2012-08-31,-0.002962962962962834,-0.0,-0.0,-0.0,-0.002962962962962834,-0.002962962962962834,-0.002962962962962834,-0.002962962962962834,-0.002962962962962834,-0.002962962962962834,-0.002962962962962834,-0.002962962962962834,-0.002962962962962834,-0.002962962962962834,-0.002962962962962834,-0.002962962962962834
2012-09-04,-0.025444322675942432,-0.025444322675942432,-0.025444322675942432,-0.0,-0.025444322675942432,-0.025444322675942432,-0.025444322675942432,-0.025444322675942432,-0.025444322675942432,-0.025444322675942432,-0.025444322675942432,-0.025444322675942432,-0.025444322675942432,-0.025444322675942432,-0.025444322675942432,-0.025444322675942432
2012-09-05,-0.026439291854467584,-0.026439291854467584,-0.026439291854467584,-0.026439291854467584,-0.026439291854467584,-0.026439291854467584,-0.026439291854467584,-0.026439291854467584,-0.026439291854467584,-0.026439291854467584,-0.026439291854467584,-0.026439291854467584,-0.026439291854467584,-0.026439291854467584,-0.026439291854467584,-0.026439291854467584
2012-09-06,0.018922589406971446,0.018922589406971446,0.018922589406971446,0.018922589406971446,0.018922589406971446,0.018922589406971446,0.018922589406971446,0.018922589406971446,0.018922589406971446,0.018922589406971446,0.018922589406971446,0.018922589406971446,0.018922589406971446,0.018922589406971446,0.018922589406971446,0.018922589406971446
2012-09-07,-0.006367663344407415,-0.006367663344407415,-0.006367663344407415,-0.006367663344407415,-0.006367663344407415,-0.006367663344407415,-0.006367663344407415,-0.006367663344407415,-0.006367663344407415,-0.006367663344407415,-0.006367663344407415,-0.006367663344407415,-0.006367663344407415,-0.006367663344407415,-0.006367663344407415,-0.006367663344407415
2012-09-10,-0.004011921137093255,-0.004011921137093255,-0.004011921137093255,-0.004011921137093255,-0.004011921137093255,-0.004011921137093255,-0.004011921137093255,-0.004011921137093255,-0.004011921137093255,-0.004011921137093255,-0.004011921137093255,-0.004011921137093255,-0.004011921137093255,-0.004011921137093255,-0.004011921137093255,-0.004011921137093255
2012-09-11,-0.049434866993949056,-0.049434866993949056,-0.049434866993949056,-0.049434866993949056,-0.049434866993949056,-0.049434866993949056,-0.049434866993949056,-0.049434866993949056,-0.049434866993949056,-0.049434866993949056,-0.049434866993949056,-0.049434866993949056,-0.049434866993949056,-0.049434866993949056,-0.049434866993949056,-0.049434866993949056
2012-09-12,-0.026066144473455122,-0.026066144473455122,-0.026066144473455122,-0.026066144473455122,-0.026066144473455122,-0.026066144473455122,-0.026066144473455122,-0.026066144473455122,-0.026066144473455122,-0.026066144473455122,-0.026066144473455122,-0.026066144473455122,-0.026066144473455122,-0.026066144473455122,-0.026066144473455122,-0.026066144473455122
2012-09-13,-0.0010390601806691269,-0.0010390601806691269,-0.0010390601806691269,-0.0010390601806691269,-0.0010390601806691269,-0.0010390601806691269,-0.0010390601806691269,-0.0010390601806691269,-0.0010390601806691269,-0.0010390601806691269,-0.0010390601806691269,-0.0010390601806691269,-0.0010390601806691269,-0.0010390601806691269,-0.0010390601806691269,-0.0010390601806691269
2012-09-14,-0.007689537568580818,-0.007689537568580818,-0.007689537568580818,-0.007689537568580818,-0.007689537568580818,-0.007689537568580818,-0.007689537568580818,-0.007689537568580818,-0.007689537568580818,-0.007689537568580818,-0.007689537568580818,-0.007689537568580818,-0.007689537568580818,-0.007689537568580818,-0.007689537568580818,-0.007689537568580818
2012-09-17,-0.00847172587765388,-0.00847172587765388,-0.00847172587765388,-0.00847172587765388,-0.00847172587765388,-0.00847172587765388,-0.00847172587765388,-0.00847172587765388,-0.00847172587765388,-0.00847172587765388,-0.00847172587765388,-0.00847172587765388,-0.00847172587765388,-0.00847172587765388,-0.00847172587765388,-0.00847172587765388
2012-09-18,0.007483376065703706,0.007483376065703706,0.007483376065703706,0.007483376065703706,0.007483376065703706,0.007483376065703706,0.007483376065703706,0.007483376065703706,0.007483376065703706,0.007483376065703706,0.007483376065703706,0.007483376065703706,0.007483376065703706,0.007483376065703706,0.007483376065703706,0.007483376065703706
2012-09-19,-0.007728819254841035,-0.007728819254841035,-0.007728819254841035,-0.007728819254841035,-0.007728819254841035,-0.007728819254841035,-0.007728819254841035,-0.007728819254841035,-0.007728819254841035,-0.007728819254841035,-0.007728819254841035,-0.007728819254841035,-0.007728819254841035,-0.007728819254841035,-0.007728819254841035,-0.007728819254841035
2012-09-20,0.031949481055395745,0.031949481055395745,0.031949481055395745,0.031949481055395745,0.031949481055395745,0.031949481055395745,0.031949481055395745,0.031949481055395745,0.031949481055395745,0.031949481055395745,0.031949481055395745,0.031949481055395745,0.031949481055395745,0.031949481055395745,0.031949481055395745,0.031949481055395745
2012-09-21,0.016039096643630568,0.016039096643630568,0.016039096643630568,0.0,0.016039096643630568,0.016039096643630568,0.016039096643630568,0.016039096643630568,0.016039096643630568,0.016039096643630568,0.016039096643630568,0.016039096643630568,0.016039096643630568,0.016039096643630568,0.016039096643630568,0.016039096643630568
2012-09-24,0.0046166637493436635,0.0046166637493436635,0.0046166637493436635,-0.0,-0.0046166637493436635,-0.0046166637493436635,-0.0046166637493436635,-0.0046166637493436635,-0.0046166637493436635,-0.0046166637493436635,-0.0046166637493436635,-0.0046166637493436635,-0.0046166637493436635,-0.0046166637493436635,-0.0046166637493436635,-0.0046166637493436635
2012-09-25,0.029184362408798847,0.029184362408798847,0.029184362408798847,0.029184362408798847,-0.029184362408798847,-0.029184362408798847,-0.029184362408798847,-0.029184362408798847,-0.029184362408798847,-0.029184362408798847,-0.029184362408798847,-0.029184362408798847,-0.029184362408798847,-0.029184362408798847,-0.029184362408798847,-0.029184362408798847
2012-09-26,-0.005565548619193894,-0.005565548619193894,-0.005565548619193894,-0.005565548619193894,0.005565548619193894,0.005565548619193894,0.005565548619193894,0.005565548619193894,0.005565548619193894,0.005565548619193894,0.005565548619193894,0.005565548619193894,0.005565548619193894,0.005565548619193894,0.005565548619193894,0.005565548619193894
2012-09-27,0.005043411644535256,-0.0,-0.0,-0.0,-0.005043411644535256,-0.005043411644535256,-0.005043411644535256,-0.005043411644535256,-0.005043411644535256,-0.005043411644535256,-0.005043411644535256,-0.005043411644535256,-0.005043411644535256,-0.005043411644535256,-0.005043411644535256,-0.005043411644535256
2012-09-28,-0.006500243494463209,-0.006500243494463209,-0.006500243494463209,-0.006500243494463209,0.0,0.0,0.0,0.0,0.006500243494463209,0.006500243494463209,0.006500243494463209,0.006500243494463209,0.006500243494463209,0.006500243494463209,0.006500243494463209,0.006500243494463209
2012-10-01,0.015110182856655663,0.015110182856655663,0.015110182856655663,0.0,0.0,0.0,0.0,0.0,0.015110182856655663,0.015110182856655663,0.015110182856655663,0.015110182856655663,0.015110182856655663,0.015110182856655663,0.015110182856655663,0.015110182856655663
2012-10-02,-0.02765455607729428,-0.02765455607729428,-0.02765455607729428,-0.02765455607729428,0.02765455607729428,0.02765455607729428,-0.0,-0.0,-0.02765455607729428,-0.02765455607729428,-0.02765455607729428,-0.02765455607729428,-0.02765455607729428,-0.02765455607729428,-0.02765455607729428,-0.02765455607729428
2012-10-03,0.009959781853403737,0.0,0.0,0.0,-0.009959781853403737,-0.009959781853403737,-0.009959781853403737,-0.009959781853403737,0.009959781853403737,0.009959781853403737,0.009959781853403737,0.009959781853403737,0.009959781853403737,0.009959781853403737,0.009959781853403737,0.009959781853403737
2012-10-04,0.0,0.0,0.0,0.0,0.0,0.0,0.0,0.0,0.007911863541622322,0.007911863541622322,0.007911863541622322,0.007911863541622322,0.007911863541622322,0.007911863541622322,0.007911863541622322,0.007911863541622322
2012-10-05,0.0,0.0,0.0,0.0,-0.022059769326416068,-0.022059769326416068,-0.022059769326416068,-0.022059769326416068,0.022059769326416068,0.022059769326416068,0.022059769326416068,0.022059769326416068,0.022059769326416068,0.022059769326416068,0.022059769326416068,0.022059769326416068
2012-10-08,0.006532652300677455,0.006532652300677455,-0.0,-0.0,-0.0,-0.0,-0.0,-0.0,-0.006532652300677455,-0.006532652300677455,-0.006532652300677455,-0.006532652300677455,-0.006532652300677455,-0.006532652300677455,-0.006532652300677455,-0.006532652300677455
2012-10-09,0.0018948056190788432,0.0018948056190788432,0.0018948056190788432,0.0018948056190788432,-0.0,-0.0,-0.0,-0.0,-0.0018948056190788432,-0.0018948056190788432,-0.0018948056190788432,-0.0018948056190788432,-0.0018948056190788432,-0.0018948056190788432,-0.0018948056190788432,-0.0018948056190788432
2012-10-10,-0.01656449719577413,0.0,0.0,0.0,0.0,0.0,0.0,0.0,0.01656449719577413,0.01656449719577413,0.01656449719577413,0.01656449719577413,0.01656449719577413,0.01656449719577413,0.01656449719577413,0.01656449719577413
2012-10-11,0.0005747126436781436,0.0005747126436781436,0.0005747126436781436,0.0005747126436781436,0.0005747126436781436,0.0005747126436781436,0.0005747126436781436,0.0005747126436781436,-0.0,-0.0,-0.0,-0.0,-0.0005747126436781436,-0.0005747126436781436,-0.0005747126436781436,-0.0005747126436781436
2012-10-12,0.01857906596562553,0.01857906596562553,0.01857906596562553,0.01857906596562553,0.01857906596562553,0.01857906596562553,0.01857906596562553,0.01857906596562553,0.01857906596562553,0.01857906596562553,0.01857906596562553,0.01857906596562553,-0.01857906596562553,-0.01857906596562553,-0.01857906596562553,-0.01857906596562553
2012-10-15,0.009326132691348299,0.009326132691348299,0.009326132691348299,0.009326132691348299,0.009326132691348299,0.009326132691348299,0.009326132691348299,0.009326132691348299,0.009326132691348299,0.009326132691348299,0.009326132691348299,0.009326132691348299,-0.009326132691348299,-0.009326132691348299,-0.009326132691348299,-0.009326132691348299
2012-10-16,0.02993317145497132,0.02993317145497132,0.0,0.0,-0.02993317145497132,-0.02993317145497132,-0.02993317145497132,0.0,-0.02993317145497132,-0.02993317145497132,-0.02993317145497132,-0.02993317145497132,0.02993317145497132,0.02993317145497132,0.02993317145497132,0.02993317145497132
2012-10-17,-0.0034999113946483362,-0.0034999113946483362,-0.0,-0.0,-0.0034999113946483362,-0.0,-0.0,-0.0,0.0034999113946483362,0.0034999113946483362,0.0034999113946483362,0.0034999113946483362,-0.0034999113946483362,-0.0034999113946483362,-0.0034999113946483362,-0.0034999113946483362
2012-10-18,0.014105337512692717,0.014105337512692717,0.014105337512692717,-0.0,0.014105337512692717,0.014105337512692717,0.014105337512692717,0.014105337512692717,0.014105337512692717,0.014105337512692717,0.014105337512692717,0.014105337512692717,-0.014105337512692717,-0.014105337512692717,-0.014105337512692717,-0.014105337512692717
2012-10-19,0.0,0.0,0.0,0.0,-0.029167845715156515,-0.029167845715156515,-0.029167845715156515,-0.029167845715156515,-0.029167845715156515,-0.029167845715156515,-0.029167845715156515,-0.029167845715156515,0.029167845715156515,0.029167845715156515,0.029167845715156515,0.029167845715156515
2012-10-22,0.01670366135288437,0.01670366135288437,0.0,0.0,-0.01670366135288437,-0.01670366135288437,-0.01670366135288437,0.0,-0.01670366135288437,-0.01670366135288437,0.0,0.0,0.01670366135288437,0.01670366135288437,0.01670366135288437,0.01670366135288437
2012-10-23,0.030166909886902626,0.030166909886902626,0.030166909886902626,0.030166909886902626,0.030166909886902626,0.030166909886902626,0.030166909886902626,0.030166909886902626,0.030166909886902626,0.030166909886902626,0.030166909886902626,0.030166909886902626,-0.030166909886902626,-0.030166909886902626,-0.030166909886902626,-0.030166909886902626
2012-10-24,-0.006795192456672372,-0.006795192456672372,-0.006795192456672372,-0.006795192456672372,-0.006795192456672372,-0.006795192456672372,-0.006795192456672372,-0.006795192456672372,-0.006795192456672372,-0.006795192456672372,-0.006795192456672372,-0.006795192456672372,0.006795192456672372,0.006795192456672372,0.006795192456672372,0.006795192456672372
2012-10-25,-0.0,-0.0,-0.0,-0.0,0.0322249955428775,0.0322249955428775,0.0322249955428775,-0.0,0.0322249955428775,0.0322249955428775,0.0322249955428775,0.0322249955428775,-0.0322249955428775,-0.0322249955428775,-0.0322249955428775,-0.0322249955428775
2012-10-26,-0.016084459605336998,0.0,0.0,0.0,-0.016084459605336998,0.0,0.0,0.0,-0.016084459605336998,-0.016084459605336998,-0.016084459605336998,-0.016084459605336998,0.016084459605336998,0.016084459605336998,0.016084459605336998,0.016084459605336998
2012-10-31,0.04342483488030191,0.0,0.0,0.0,0.04342483488030191,0.04342483488030191,0.04342483488030191,0.04342483488030191,-0.04342483488030191,-0.04342483488030191,-0.04342483488030191,0.0,0.04342483488030191,0.04342483488030191,0.04342483488030191,0.04342483488030191
2012-11-01,0.00665229159976144,0.00665229159976144,0.00665229159976144,0.00665229159976144,-0.00665229159976144,-0.00665229159976144,0.0,0.0,-0.00665229159976144,-0.00665229159976144,-0.00665229159976144,-0.00665229159976144,0.00665229159976144,0.00665229159976144,0.00665229159976144,0.00665229159976144
2012-11-02,0.0186125992979862,-0.0,-0.0,-0.0,0.0186125992979862,0.0186125992979862,0.0186125992979862,0.0186125992979862,0.0186125992979862,0.0186125992979862,0.0186125992979862,0.0186125992979862,-0.0186125992979862,-0.0186125992979862,-0.0186125992979862,-0.0186125992979862
2012-11-05,0.013602357742008575,0.013602357742008575,0.013602357742008575,0.013602357742008575,0.013602357742008575,0.013602357742008575,0.013602357742008575,0.013602357742008575,0.013602357742008575,0.013602357742008575,0.013602357742008575,0.013602357742008575,-0.013602357742008575,-0.013602357742008575,-0.013602357742008575,-0.013602357742008575
2012-11-06,0.006955938268843553,0.006955938268843553,0.006955938268843553,-0.0,0.006955938268843553,0.006955938268843553,0.006955938268843553,0.006955938268843553,0.006955938268843553,0.006955938268843553,0.006955938268843553,0.006955938268843553,-0.006955938268843553,-0.006955938268843553,-0.006955938268843553,-0.006955938268843553
2012-11-07,-0.013615868150418708,-0.013615868150418708,-0.013615868150418708,-0.013615868150418708,-0.013615868150418708,-0.013615868150418708,-0.013615868150418708,-0.013615868150418708,-0.013615868150418708,-0.013615868150418708,-0.013615868150418708,-0.013615868150418708,0.013615868150418708,0.013615868150418708,0.013615868150418708,0.013615868150418708
2012-11-08,-0.012430192758061565,-0.012430192758061565,0.0,0.0,0.012430192758061565,0.0,0.0,0.0,-0.012430192758061565,-0.012430192758061565,0.0,0.0,0.012430192758061565,0.012430192758061565,0.012430192758061565,0.012430192758061565
2012-11-09,0.010967712513681227,0.010967712513681227,0.010967712513681227,0.0,0.010967712513681227,0.010967712513681227,0.0,0.0,-0.010967712513681227,-0.010967712513681227,-0.010967712513681227,-0.010967712513681227,0.010967712513681227,0.010967712513681227,0.010967712513681227,0.010967712513681227
2012-11-12,0.046247838616714665,0.046247838616714665,0.0,0.0,-0.046247838616714665,-0.046247838616714665,-0.046247838616714665,-0.046247838616714665,-0.046247838616714665,-0.046247838616714665,-0.046247838616714665,-0.046247838616714665,0.046247838616714665,0.046247838616714665,0.046247838616714665,0.046247838616714665
2012-11-13,-0.026469095216224647,-0.026469095216224647,-0.026469095216224647,0.0,-0.026469095216224647,-0.026469095216224647,-0.026469095216224647,-0.026469095216224647,-0.026469095216224647,-0.026469095216224647,-0.026469095216224647,-0.026469095216224647,0.026469095216224647,0.026469095216224647,0.026469095216224647,0.026469095216224647
2012-11-14,0.0097829865421859,0.0097829865421859,0.0097829865421859,0.0097829865421859,0.0097829865421859,0.0097829865421859,0.0097829865421859,0.0097829865421859,0.0097829865421859,0.0097829865421859,0.0097829865421859,0.0097829865421859,-0.0097829865421859,-0.0097829865421859,-0.0097829865421859,-0.0097829865421859
2012-11-15,0.028867905970296093,0.028867905970296093,0.028867905970296093,0.028867905970296093,0.028867905970296093,0.028867905970296093,0.028867905970296093,0.028867905970296093,0.028867905970296093,0.028867905970296093,0.028867905970296093,0.028867905970296093,-0.028867905970296093,-0.0,-0.0,-0.0
2012-11-16,-0.009225180440705416,-0.009225180440705416,-0.009225180440705416,-0.009225180440705416,-0.009225180440705416,-0.009225180440705416,-0.009225180440705416,-0.009225180440705416,-0.009225180440705416,-0.009225180440705416,-0.009225180440705416,-0.009225180440705416,0.0,0.0,0.0,0.0
2012-11-19,0.015631030490158127,0.015631030490158127,0.015631030490158127,0.015631030490158127,0.015631030490158127,0.015631030490158127,0.015631030490158127,0.015631030490158127,0.015631030490158127,0.015631030490158127,0.015631030490158127,0.015631030490158127,-0.015631030490158127,-0.0,-0.0,-0.0
2012-11-20,0.014772943188295695,0.014772943188295695,0.014772943188295695,0.014772943188295695,0.014772943188295695,0.014772943188295695,0.014772943188295695,0.014772943188295695,0.014772943188295695,0.014772943188295695,0.014772943188295695,0.014772943188295695,-0.0,-0.0,-0.0,-0.0
2012-11-21,0.0010064129569816727,0.0010064129569816727,0.0010064129569816727,0.0,-0.0010064129569816727,-0.0010064129569816727,-0.0010064129569816727,-0.0010064129569816727,-0.0010064129569816727,-0.0010064129569816727,-0.0010064129569816727,-0.0010064129569816727,0.0010064129569816727,0.0010064129569816727,0.0,0.0
2012-11-23,0.025045099922685887,0.025045099922685887,0.025045099922685887,0.025045099922685887,-0.025045099922685887,-0.025045099922685887,-0.025045099922685887,-0.025045099922685887,-0.025045099922685887,-0.025045099922685887,-0.025045099922685887,-0.025045099922685887,0.025045099922685887,0.025045099922685887,0.025045099922685887,0.025045099922685887
2012-11-26,-0.008002114672946758,-0.008002114672946758,-0.008002114672946758,-0.008002114672946758,0.008002114672946758,0.008002114672946758,0.008002114672946758,0.008002114672946758,0.008002114672946758,0.008002114672946758,0.008002114672946758,0.008002114672946758,-0.008002114672946758,-0.008002114672946758,-0.008002114672946758,-0.008002114672946758
2012-11-27,0.0031229885331489626,-0.0,-0.0,-0.0,0.0031229885331489626,0.0031229885331489626,0.0031229885331489626,0.0031229885331489626,0.0031229885331489626,0.0031229885331489626,0.0031229885331489626,0.0031229885331489626,-0.0031229885331489626,-0.0031229885331489626,-0.0031229885331489626,-0.0031229885331489626
2012-11-28,0.010195351490089877,0.010195351490089877,0.0,0.0,-0.010195351490089877,-0.010195351490089877,-0.010195351490089877,-0.010195351490089877,-0.010195351490089877,-0.010195351490089877,-0.010195351490089877,-0.010195351490089877,0.010195351490089877,0.010195351490089877,0.010195351490089877,0.010195351490089877
2012-11-29,0.0,0.0,0.0,0.0,0.022713630579365596,0.022713630579365596,0.022713630579365596,0.0,-0.022713630579365596,-0.022713630579365596,-0.022713630579365596,-0.022713630579365596,0.0,0.0,0.0,0.0
2012-11-30,0.0036606638331324604,0.0036606638331324604,0.0036606638331324604,0.0036606638331324604,-0.0036606638331324604,-0.0036606638331324604,-0.0036606638331324604,-0.0036606638331324604,0.0036606638331324604,0.0036606638331324604,0.0036606638331324604,0.0036606638331324604,-0.0,-0.0,-0.0,-0.0
2012-12-03,-0.027660824439439846,-0.027660824439439846,-0.027660824439439846,-0.027660824439439846,0.0,0.0,0.0,0.0,-0.027660824439439846,-0.027660824439439846,-0.027660824439439846,-0.027660824439439846,-0.027660824439439846,-0.027660824439439846,-0.027660824439439846,-0.027660824439439846
2012-12-04,0.0039776446301798,0.0039776446301798,0.0039776446301798,-0.0,0.0039776446301798,0.0039776446301798,0.0039776446301798,0.0039776446301798,0.0039776446301798,0.0039776446301798,0.0039776446301798,0.0039776446301798,0.0039776446301798,0.0039776446301798,0.0039776446301798,0.0039776446301798
2012-12-05,0.00900200601805401,0.00900200601805401,0.00900200601805401,0.00900200601805401,0.00900200601805401,0.00900200601805401,0.00900200601805401,0.00900200601805401,0.00900200601805401,0.00900200601805401,0.00900200601805401,0.00900200601805401,0.00900200601805401,0.00900200601805401,0.00900200601805401,0.00900200601805401
2012-12-06,0.012848231814905908,0.012848231814905908,0.012848231814905908,0.012848231814905908,0.012848231814905908,0.012848231814905908,0.012848231814905908,0.012848231814905908,0.012848231814905908,0.012848231814905908,0.012848231814905908,0.012848231814905908,0.012848231814905908,0.012848231814905908,0.012848231814905908,0.012848231814905908
2012-12-07,-0.00473549906762194,-0.00473549906762194,-0.00473549906762194,-0.00473549906762194,-0.00473549906762194,-0.00473549906762194,-0.00473549906762194,-0.00473549906762194,-0.00473549906762194,-0.00473549906762194,-0.00473549906762194,-0.00473549906762194,-0.00473549906762194,-0.00473549906762194,-0.00473549906762194,-0.00473549906762194
2012-12-10,-0.0,-0.0,-0.0,-0.0,0.028079777136799544,0.028079777136799544,0.028079777136799544,0.028079777136799544,0.028079777136799544,0.028079777136799544,0.028079777136799544,0.028079777136799544,0.028079777136799544,0.028079777136799544,0.028079777136799544,0.028079777136799544
2012-12-11,-0.026257733442041076,0.0,0.0,0.0,-0.026257733442041076,-0.026257733442041076,-0.026257733442041076,-0.026257733442041076,-0.026257733442041076,-0.026257733442041076,-0.026257733442041076,-0.026257733442041076,-0.026257733442041076,-0.026257733442041076,-0.026257733442041076,-0.026257733442041076
2012-12-12,-0.0019208510847883442,-0.0019208510847883442,-0.0019208510847883442,-0.0019208510847883442,0.0019208510847883442,-0.0,-0.0,-0.0,0.0019208510847883442,0.0019208510847883442,0.0019208510847883442,0.0019208510847883442,0.0019208510847883442,0.0019208510847883442,0.0019208510847883442,0.0019208510847883442
2012-12-13,-0.0017451149072138517,-0.0017451149072138517,-0.0017451149072138517,-0.0,0.0017451149072138517,0.0017451149072138517,0.0017451149072138517,0.0017451149072138517,0.0017451149072138517,0.0017451149072138517,0.0017451149072138517,-0.0,0.0017451149072138517,0.0017451149072138517,0.0017451149072138517,0.0017451149072138517
2012-12-14,0.01634115222298549,0.01634115222298549,0.0,0.0,-0.01634115222298549,-0.01634115222298549,-0.01634115222298549,-0.01634115222298549,0.01634115222298549,0.01634115222298549,0.0,0.0,-0.01634115222298549,-0.01634115222298549,-0.01634115222298549,-0.01634115222298549
2012-12-17,0.0,0.0,0.0,0.0,0.0,0.0,0.0,0.0,0.0,0.0,0.0,0.0,-0.00873035669743083,-0.00873035669743083,-0.00873035669743083,-0.00873035669743083
2012-12-18,-0.005510820332159105,-0.005510820332159105,0.0,0.0,-0.005510820332159105,-0.005510820332159105,-0.005510820332159105,0.0,-0.005510820332159105,-0.005510820332159105,-0.005510820332159105,-0.005510820332159105,-0.005510820332159105,-0.005510820332159105,-0.005510820332159105,-0.005510820332159105
2012-12-19,0.0006578780901291825,0.0006578780901291825,0.0006578780901291825,0.0006578780901291825,-0.0,-0.0,-0.0,-0.0,0.0006578780901291825,0.0006578780901291825,0.0006578780901291825,0.0006578780901291825,0.0006578780901291825,0.0006578780901291825,0.0006578780901291825,0.0006578780901291825
2012-12-20,0.0038435279540800504,0.0038435279540800504,0.0038435279540800504,0.0038435279540800504,0.0038435279540800504,-0.0,-0.0,-0.0,0.0038435279540800504,0.0038435279540800504,0.0038435279540800504,0.0038435279540800504,0.0038435279540800504,0.0038435279540800504,0.0038435279540800504,0.0038435279540800504
2012-12-21,0.00468525655558083,0.00468525655558083,0.00468525655558083,0.00468525655558083,0.00468525655558083,0.00468525655558083,0.00468525655558083,-0.0,0.00468525655558083,0.00468525655558083,0.00468525655558083,0.00468525655558083,0.00468525655558083,0.00468525655558083,0.00468525655558083,0.00468525655558083
2012-12-24,0.005866867243324636,0.005866867243324636,0.005866867243324636,0.005866867243324636,0.005866867243324636,0.005866867243324636,0.005866867243324636,0.005866867243324636,0.005866867243324636,0.005866867243324636,0.005866867243324636,0.005866867243324636,0.005866867243324636,0.005866867243324636,0.005866867243324636,0.005866867243324636
2012-12-26,-0.009272414566664167,0.0,0.0,0.0,-0.009272414566664167,-0.009272414566664167,-0.009272414566664167,0.0,-0.009272414566664167,-0.009272414566664167,-0.009272414566664167,-0.009272414566664167,-0.009272414566664167,-0.009272414566664167,-0.009272414566664167,-0.009272414566664167
2012-12-27,-0.032430120512239924,-0.0,-0.0,-0.0,0.032430120512239924,0.032430120512239924,0.032430120512239924,0.032430120512239924,0.032430120512239924,0.032430120512239924,0.032430120512239924,0.032430120512239924,0.032430120512239924,0.032430120512239924,0.032430120512239924,0.032430120512239924
2012-12-28,-0.015937225850472636,-0.0,-0.0,-0.0,0.015937225850472636,0.015937225850472636,0.015937225850472636,0.015937225850472636,0.015937225850472636,0.015937225850472636,0.015937225850472636,0.015937225850472636,0.015937225850472636,0.015937225850472636,0.015937225850472636,0.015937225850472636
2012-12-31,0.041496761813384464,0.041496761813384464,0.041496761813384464,0.041496761813384464,0.041496761813384464,0.0,0.0,0.0,-0.041496761813384464,-0.041496761813384464,0.0,0.0,-0.041496761813384464,-0.041496761813384464,-0.041496761813384464,-0.041496761813384464
2013-01-02,-0.003528528528528474,-0.003528528528528474,-0.003528528528528474,-0.003528528528528474,-0.003528528528528474,-0.003528528528528474,-0.003528528528528474,-0.003528528528528474,-0.003528528528528474,-0.003528528528528474,-0.003528528528528474,-0.003528528528528474,0.003528528528528474,0.003528528528528474,0.003528528528528474,0.003528528528528474
2013-01-03,0.0,0.0,0.0,0.0,0.0,0.0,0.0,0.0,-0.018403531084012825,-0.018403531084012825,-0.018403531084012825,-0.018403531084012825,-0.018403531084012825,-0.018403531084012825,-0.018403531084012825,-0.018403531084012825
2013-01-04,-0.0,-0.0,-0.0,-0.0,-0.0031247618321774695,-0.0,-0.0,-0.0,-0.0031247618321774695,-0.0,-0.0,-0.0,0.0031247618321774695,0.0031247618321774695,0.0031247618321774695,0.0031247618321774695
2013-01-07,-0.005368991541305657,0.0,0.0,0.0,0.0,0.0,0.0,0.0,-0.005368991541305657,-0.005368991541305657,0.0,0.0,-0.005368991541305657,-0.005368991541305657,-0.005368991541305657,-0.005368991541305657
2013-01-08,0.02342516677700268,0.02342516677700268,0.02342516677700268,0.02342516677700268,-0.0,-0.0,-0.0,-0.0,0.02342516677700268,0.02342516677700268,0.02342516677700268,-0.0,0.02342516677700268,0.02342516677700268,0.02342516677700268,0.02342516677700268
2013-01-09,-0.0010946907498632363,-0.0010946907498632363,-0.0010946907498632363,-0.0010946907498632363,-0.0010946907498632363,-0.0010946907498632363,0.0,0.0,-0.0010946907498632363,-0.0010946907498632363,-0.0010946907498632363,-0.0010946907498632363,-0.0010946907498632363,-0.0010946907498632363,-0.0010946907498632363,-0.0010946907498632363
2013-01-10,0.002864259028642624,0.0,0.0,0.0,0.002864259028642624,0.0,0.0,0.0,-0.002864259028642624,0.0,0.0,0.0,-0.002864259028642624,-0.002864259028642624,-0.002864259028642624,-0.002864259028642624
2013-01-11,-0.0,-0.0,-0.0,-0.0,-0.0,-0.0,-0.0,-0.0,0.007518421381291329,0.007518421381291329,0.007518421381291329,0.007518421381291329,0.007518421381291329,0.007518421381291329,0.007518421381291329,0.007518421381291329
2013-01-14,0.007462316541055225,0.007462316541055225,0.007462316541055225,0.0,0.007462316541055225,0.0,0.0,0.0,-0.007462316541055225,-0.007462316541055225,0.0,0.0,-0.007462316541055225,-0.007462316541055225,-0.007462316541055225,-0.007462316541055225
2013-01-15,0.004645934807043783,0.004645934807043783,0.004645934807043783,0.004645934807043783,-0.004645934807043783,-0.004645934807043783,-0.004645934807043783,0.0,-0.004645934807043783,0.0,0.0,0.0,-0.004645934807043783,-0.004645934807043783,-0.004645934807043783,-0.004645934807043783
2013-01-16,-0.0017817260157093617,-0.0017817260157093617,-0.0017817260157093617,-0.0,0.0017817260157093617,0.0017817260157093617,0.0017817260157093617,0.0017817260157093617,0.0017817260157093617,0.0017817260157093617,0.0017817260157093617,-0.0,0.0017817260157093617,0.0017817260157093617,0.0017817260157093617,0.0017817260157093617
2013-01-17,0.015531062124248374,-0.0,-0.0,-0.0,-0.0,-0.0,-0.0,-0.0,0.015531062124248374,-0.0,-0.0,-0.0,0.015531062124248374,0.015531062124248374,0.015531062124248374,0.015531062124248374
2013-01-18,-0.027084361124814937,0.0,0.0,0.0,0.0,0.0,0.0,0.0,0.0,0.0,0.0,0.0,-0.027084361124814937,-0.027084361124814937,-0.027084361124814937,-0.027084361124814937
2013-01-22,0.030956848030018858,0.030956848030018858,0.0,0.0,0.030956848030018858,0.030956848030018858,0.030956848030018858,0.030956848030018858,0.030956848030018858,0.030956848030018858,0.030956848030018858,0.030956848030018858,-0.030956848030018858,-0.030956848030018858,-0.030956848030018858,-0.030956848030018858
2013-01-23,-0.029172444467700842,-0.029172444467700842,-0.029172444467700842,-0.029172444467700842,0.0,0.0,0.0,0.0,0.0,0.0,0.0,0.0,-0.029172444467700842,-0.029172444467700842,-0.029172444467700842,-0.029172444467700842
2013-01-24,-0.01026788120519595,-0.01026788120519595,-0.01026788120519595,-0.01026788120519595,-0.01026788120519595,-0.01026788120519595,-0.01026788120519595,-0.01026788120519595,-0.01026788120519595,-0.01026788120519595,-0.01026788120519595,-0.01026788120519595,-0.01026788120519595,-0.01026788120519595,-0.01026788120519595,-0.01026788120519595
2013-01-25,0.01759019741320622,0.01759019741320622,0.01759019741320622,0.01759019741320622,0.01759019741320622,0.01759019741320622,0.01759019741320622,0.01759019741320622,0.01759019741320622,0.01759019741320622,0.01759019741320622,0.01759019741320622,0.01759019741320622,0.01759019741320622,0.01759019741320622,0.01759019741320622
2013-01-28,-0.006154504829948504,-0.006154504829948504,-0.006154504829948504,-0.006154504829948504,-0.006154504829948504,-0.006154504829948504,-0.006154504829948504,-0.006154504829948504,-0.006154504829948504,-0.006154504829948504,-0.006154504829948504,-0.006154504829948504,-0.006154504829948504,-0.006154504829948504,-0.006154504829948504,-0.006154504829948504
2013-01-29,-0.00928892598476072,-0.00928892598476072,-0.00928892598476072,-0.00928892598476072,-0.00928892598476072,-0.00928892598476072,-0.00928892598476072,-0.00928892598476072,-0.00928892598476072,-0.00928892598476072,-0.00928892598476072,-0.00928892598476072,-0.00928892598476072,-0.00928892598476072,-0.00928892598476072,-0.00928892598476072
2013-01-30,0.015164691814327558,0.015164691814327558,0.015164691814327558,0.015164691814327558,0.015164691814327558,0.015164691814327558,0.015164691814327558,0.015164691814327558,0.015164691814327558,0.015164691814327558,0.015164691814327558,0.015164691814327558,0.015164691814327558,0.015164691814327558,0.015164691814327558,0.015164691814327558
2013-01-31,0.003426674519462436,0.003426674519462436,0.003426674519462436,0.003426674519462436,0.003426674519462436,0.003426674519462436,0.003426674519462436,0.003426674519462436,0.003426674519462436,0.003426674519462436,0.003426674519462436,0.003426674519462436,0.003426674519462436,0.003426674519462436,0.003426674519462436,0.003426674519462436
2013-02-01,0.002000960461021384,0.0,0.0,0.0,-0.002000960461021384,-0.002000960461021384,-0.002000960461021384,-0.002000960461021384,-0.002000960461021384,-0.002000960461021384,-0.002000960461021384,-0.002000960461021384,-0.002000960461021384,-0.002000960461021384,-0.002000960461021384,-0.002000960461021384
2013-02-04,-0.006148581816237675,-0.006148581816237675,-0.006148581816237675,-0.006148581816237675,0.006148581816237675,0.006148581816237675,0.006148581816237675,0.006148581816237675,0.006148581816237675,0.006148581816237675,0.006148581816237675,0.006148581816237675,0.006148581816237675,0.006148581816237675,0.006148581816237675,0.006148581816237675
2013-02-05,-0.0,-0.0,-0.0,-0.0,0.0021255679251799275,0.0021255679251799275,0.0021255679251799275,0.0021255679251799275,0.0021255679251799275,0.0021255679251799275,0.0021255679251799275,0.0021255679251799275,0.0021255679251799275,0.0021255679251799275,0.0021255679251799275,0.0021255679251799275
2013-02-06,0.006363178407614689,0.006363178407614689,0.0,0.0,-0.006363178407614689,-0.006363178407614689,-0.006363178407614689,-0.006363178407614689,-0.006363178407614689,-0.006363178407614689,-0.006363178407614689,-0.006363178407614689,-0.006363178407614689,-0.006363178407614689,-0.006363178407614689,-0.006363178407614689
2013-02-07,0.020279104517437307,0.020279104517437307,0.020279104517437307,0.020279104517437307,-0.020279104517437307,-0.020279104517437307,0.0,0.0,-0.020279104517437307,-0.020279104517437307,-0.020279104517437307,-0.020279104517437307,-0.020279104517437307,-0.020279104517437307,-0.020279104517437307,-0.020279104517437307
2013-02-08,-0.0,-0.0,-0.0,-0.0,-0.009859193289212032,-0.0,-0.0,-0.0,0.009859193289212032,0.009859193289212032,0.009859193289212032,0.009859193289212032,0.009859193289212032,0.009859193289212032,0.009859193289212032,0.009859193289212032
2013-02-11,-0.016208635615847178,-0.016208635615847178,-0.016208635615847178,-0.016208635615847178,0.0,0.0,0.0,0.0,-0.016208635615847178,-0.016208635615847178,-0.016208635615847178,-0.016208635615847178,-0.016208635615847178,-0.016208635615847178,-0.016208635615847178,-0.016208635615847178
2013-02-12,0.004002412412961176,-0.0,-0.0,-0.0,0.004002412412961176,-0.0,-0.0,-0.0,0.004002412412961176,0.004002412412961176,0.004002412412961176,0.004002412412961176,0.004002412412961176,0.004002412412961176,0.004002412412961176,0.004002412412961176
2013-02-13,-0.0356596767147227,-0.0356596767147227,-0.0356596767147227,-0.0356596767147227,-0.0356596767147227,-0.0356596767147227,-0.0356596767147227,0.0,-0.0356596767147227,-0.0356596767147227,-0.0356596767147227,-0.0356596767147227,-0.0356596767147227,-0.0356596767147227,-0.0356596767147227,-0.0356596767147227
2013-02-14,-0.013024520074749413,-0.013024520074749413,-0.013024520074749413,-0.013024520074749413,0.0,0.0,0.0,0.0,-0.013024520074749413,-0.013024520074749413,-0.013024520074749413,-0.013024520074749413,-0.013024520074749413,-0.013024520074749413,-0.013024520074749413,-0.013024520074749413
2013-02-15,-0.04796603362212393,-0.04796603362212393,-0.04796603362212393,-0.04796603362212393,-0.04796603362212393,-0.04796603362212393,-0.04796603362212393,-0.04796603362212393,-0.04796603362212393,-0.04796603362212393,-0.04796603362212393,-0.04796603362212393,-0.04796603362212393,-0.04796603362212393,-0.04796603362212393,-0.04796603362212393
2013-02-19,0.016000723196528677,0.016000723196528677,0.016000723196528677,0.016000723196528677,0.016000723196528677,0.016000723196528677,0.016000723196528677,0.016000723196528677,0.016000723196528677,0.016000723196528677,0.016000723196528677,0.016000723196528677,0.016000723196528677,0.016000723196528677,0.016000723196528677,0.016000723196528677
2013-02-20,-0.0039445976806951055,-0.0039445976806951055,-0.0039445976806951055,-0.0039445976806951055,-0.0039445976806951055,-0.0039445976806951055,-0.0039445976806951055,-0.0039445976806951055,-0.0039445976806951055,-0.0039445976806951055,-0.0039445976806951055,-0.0039445976806951055,-0.0039445976806951055,-0.0039445976806951055,-0.0039445976806951055,-0.0039445976806951055
2013-02-21,0.015275131014768961,0.015275131014768961,0.015275131014768961,0.015275131014768961,0.015275131014768961,0.015275131014768961,0.015275131014768961,0.015275131014768961,0.015275131014768961,0.015275131014768961,0.015275131014768961,0.015275131014768961,0.015275131014768961,0.015275131014768961,0.015275131014768961,0.015275131014768961
2013-02-22,0.013226970114672776,0.013226970114672776,0.013226970114672776,0.013226970114672776,0.013226970114672776,0.013226970114672776,0.013226970114672776,0.013226970114672776,0.013226970114672776,0.013226970114672776,0.013226970114672776,0.013226970114672776,0.013226970114672776,0.013226970114672776,0.013226970114672776,0.013226970114672776
2013-02-25,-0.01971170545328249,-0.01971170545328249,-0.01971170545328249,-0.01971170545328249,-0.01971170545328249,-0.01971170545328249,-0.01971170545328249,-0.01971170545328249,-0.01971170545328249,-0.01971170545328249,-0.01971170545328249,-0.01971170545328249,-0.01971170545328249,-0.01971170545328249,-0.01971170545328249,-0.01971170545328249
2013-02-26,-0.023769451088079818,0.0,0.0,0.0,-0.023769451088079818,-0.023769451088079818,-0.023769451088079818,-0.023769451088079818,-0.023769451088079818,-0.023769451088079818,-0.023769451088079818,-0.023769451088079818,-0.023769451088079818,-0.023769451088079818,-0.023769451088079818,-0.023769451088079818
2013-02-27,0.005898009799770176,0.005898009799770176,0.005898009799770176,0.005898009799770176,-0.005898009799770176,-0.005898009799770176,-0.005898009799770176,-0.005898009799770176,-0.005898009799770176,-0.005898009799770176,-0.005898009799770176,-0.005898009799770176,-0.005898009799770176,-0.005898009799770176,-0.005898009799770176,-0.005898009799770176
2013-02-28,-0.032312045516779686,-0.032312045516779686,-0.032312045516779686,0.0,-0.032312045516779686,-0.032312045516779686,-0.032312045516779686,-0.032312045516779686,-0.032312045516779686,-0.032312045516779686,-0.032312045516779686,-0.032312045516779686,-0.032312045516779686,-0.032312045516779686,-0.032312045516779686,-0.032312045516779686
2013-03-01,-0.0012576638893255776,-0.0012576638893255776,-0.0012576638893255776,-0.0012576638893255776,-0.0012576638893255776,-0.0012576638893255776,-0.0012576638893255776,-0.0012576638893255776,-0.0012576638893255776,-0.0012576638893255776,-0.0012576638893255776,-0.0012576638893255776,-0.0012576638893255776,-0.0012576638893255776,-0.0012576638893255776,-0.0012576638893255776
2013-03-04,0.042499606485125074,0.042499606485125074,0.042499606485125074,0.042499606485125074,0.042499606485125074,0.042499606485125074,0.042499606485125074,0.042499606485125074,0.042499606485125074,0.042499606485125074,0.042499606485125074,0.042499606485125074,0.042499606485125074,0.042499606485125074,0.042499606485125074,0.042499606485125074
2013-03-05,-0.013377623433489472,-0.013377623433489472,-0.013377623433489472,-0.013377623433489472,-0.013377623433489472,-0.013377623433489472,-0.013377623433489472,-0.013377623433489472,-0.013377623433489472,-0.013377623433489472,-0.013377623433489472,-0.013377623433489472,-0.013377623433489472,-0.013377623433489472,-0.013377623433489472,-0.013377623433489472
2013-03-06,0.004070763956905088,0.004070763956905088,0.004070763956905088,0.004070763956905088,-0.0,-0.0,-0.0,-0.0,0.004070763956905088,0.004070763956905088,0.004070763956905088,0.004070763956905088,0.004070763956905088,0.004070763956905088,0.004070763956905088,0.004070763956905088
2013-03-07,-0.003231214753848577,-0.003231214753848577,0.0,0.0,-0.003231214753848577,-0.003231214753848577,-0.003231214753848577,-0.003231214753848577,-0.003231214753848577,-0.003231214753848577,-0.003231214753848577,-0.003231214753848577,-0.003231214753848577,-0.003231214753848577,-0.003231214753848577,-0.003231214753848577
2013-03-08,-0.0,-0.0,-0.0,-0.0,0.025719440961497364,0.025719440961497364,0.025719440961497364,0.025719440961497364,0.025719440961497364,0.025719440961497364,0.025719440961497364,0.025719440961497364,0.025719440961497364,0.025719440961497364,0.025719440961497364,0.025719440961497364
2013-03-11,0.027966607036374547,0.027966607036374547,0.027966607036374547,0.027966607036374547,-0.027966607036374547,-0.027966607036374547,-0.027966607036374547,-0.027966607036374547,-0.027966607036374547,-0.027966607036374547,-0.027966607036374547,-0.027966607036374547,-0.027966607036374547,-0.027966607036374547,-0.027966607036374547,-0.027966607036374547
2013-03-12,-0.010827556591620269,-0.010827556591620269,-0.010827556591620269,-0.010827556591620269,0.010827556591620269,0.010827556591620269,0.010827556591620269,0.010827556591620269,0.010827556591620269,0.010827556591620269,0.010827556591620269,0.010827556591620269,0.010827556591620269,0.010827556591620269,0.010827556591620269,0.010827556591620269
2013-03-13,0.002245486269154995,0.002245486269154995,0.002245486269154995,-0.0,0.002245486269154995,0.002245486269154995,0.002245486269154995,0.002245486269154995,0.002245486269154995,0.002245486269154995,0.002245486269154995,0.002245486269154995,0.002245486269154995,0.002245486269154995,0.002245486269154995,0.002245486269154995
2013-03-14,-0.0036634472736079005,-0.0,-0.0,-0.0,-0.0,-0.0,-0.0,-0.0,0.0036634472736079005,0.0036634472736079005,0.0036634472736079005,0.0036634472736079005,0.0036634472736079005,0.0036634472736079005,0.0036634472736079005,0.0036634472736079005
2013-03-15,-0.002413273001508287,-0.0,-0.0,-0.0,-0.0,-0.0,-0.0,-0.0,0.002413273001508287,0.002413273001508287,0.002413273001508287,0.002413273001508287,0.002413273001508287,0.002413273001508287,0.002413273001508287,0.002413273001508287
2013-03-18,0.002949142341257871,0.002949142341257871,0.0,0.0,0.002949142341257871,0.002949142341257871,0.002949142341257871,0.002949142341257871,-0.002949142341257871,-0.002949142341257871,-0.002949142341257871,-0.002949142341257871,-0.002949142341257871,-0.002949142341257871,-0.002949142341257871,-0.002949142341257871
2013-03-19,0.026469878063503538,-0.0,-0.0,-0.0,-0.026469878063503538,-0.026469878063503538,-0.026469878063503538,-0.026469878063503538,0.026469878063503538,0.026469878063503538,0.026469878063503538,0.026469878063503538,0.026469878063503538,0.026469878063503538,0.026469878063503538,0.026469878063503538
2013-03-20,0.007027551530477183,0.007027551530477183,0.007027551530477183,0.0,0.0,0.0,0.0,0.0,0.0,0.0,0.0,0.0,-0.007027551530477183,-0.007027551530477183,-0.007027551530477183,-0.007027551530477183
2013-03-21,0.012466686408054706,0.012466686408054706,0.012466686408054706,0.012466686408054706,0.012466686408054706,0.012466686408054706,0.012466686408054706,0.012466686408054706,0.012466686408054706,0.0,0.0,0.0,-0.012466686408054706,-0.012466686408054706,-0.012466686408054706,-0.012466686408054706
2013-03-22,0.0075564484692193234,0.0075564484692193234,0.0075564484692193234,0.0075564484692193234,0.0075564484692193234,0.0075564484692193234,0.0075564484692193234,0.0075564484692193234,0.0075564484692193234,0.0,0.0,0.0,-0.0075564484692193234,-0.0075564484692193234,-0.0075564484692193234,-0.0075564484692193234
2013-03-25,-0.016315678158141278,-0.0,-0.0,-0.0,-0.016315678158141278,-0.016315678158141278,-0.016315678158141278,-0.0,0.016315678158141278,0.016315678158141278,0.016315678158141278,0.016315678158141278,0.016315678158141278,0.016315678158141278,0.016315678158141278,0.016315678158141278
2013-03-26,0.0,0.0,0.0,0.0,-0.003953979249041284,-0.003953979249041284,0.0,0.0,-0.003953979249041284,-0.003953979249041284,-0.003953979249041284,-0.003953979249041284,-0.003953979249041284,-0.003953979249041284,-0.003953979249041284,-0.003953979249041284
2013-03-27,0.011610553963705694,0.011610553963705694,0.011610553963705694,0.0,0.011610553963705694,0.011610553963705694,0.011610553963705694,0.011610553963705694,-0.011610553963705694,0.0,0.0,0.0,-0.011610553963705694,-0.011610553963705694,-0.011610553963705694,-0.011610553963705694
2013-03-28,-0.04115959534953961,-0.04115959534953961,0.0,0.0,0.04115959534953961,0.04115959534953961,0.04115959534953961,0.0,0.04115959534953961,0.04115959534953961,0.0,0.0,-0.04115959534953961,-0.04115959534953961,-0.04115959534953961,-0.04115959534953961
2013-04-01,-0.04516250944822364,-0.04516250944822364,-0.04516250944822364,0.0,0.0,0.0,0.0,0.0,0.04516250944822364,0.0,0.0,0.0,-0.04516250944822364,-0.04516250944822364,-0.04516250944822364,-0.04516250944822364
2013-04-02,0.028168084966026852,0.028168084966026852,0.028168084966026852,0.028168084966026852,0.028168084966026852,0.028168084966026852,0.028168084966026852,0.028168084966026852,-0.0,-0.0,-0.0,-0.0,0.028168084966026852,0.028168084966026852,0.028168084966026852,0.028168084966026852
2013-04-03,-0.004170409341716863,-0.004170409341716863,-0.004170409341716863,-0.004170409341716863,-0.004170409341716863,-0.004170409341716863,-0.004170409341716863,-0.004170409341716863,-0.004170409341716863,-0.004170409341716863,-0.004170409341716863,-0.004170409341716863,-0.004170409341716863,-0.004170409341716863,-0.004170409341716863,-0.004170409341716863
2013-04-04,-0.01191933509438825,-0.01191933509438825,-0.01191933509438825,-0.01191933509438825,-0.01191933509438825,-0.01191933509438825,-0.01191933509438825,-0.01191933509438825,-0.01191933509438825,-0.01191933509438825,-0.01191933509438825,-0.01191933509438825,-0.01191933509438825,-0.01191933509438825,-0.01191933509438825,-0.01191933509438825
2013-04-05,0.038960615545122534,0.038960615545122534,0.038960615545122534,0.038960615545122534,0.038960615545122534,0.038960615545122534,0.038960615545122534,0.038960615545122534,0.038960615545122534,0.038960615545122534,0.038960615545122534,0.038960615545122534,0.038960615545122534,0.038960615545122534,0.038960615545122534,0.038960615545122534
2013-04-08,-0.03762512944425267,-0.03762512944425267,-0.03762512944425267,-0.03762512944425267,-0.03762512944425267,-0.03762512944425267,-0.03762512944425267,-0.03762512944425267,-0.03762512944425267,-0.03762512944425267,-0.03762512944425267,-0.03762512944425267,-0.03762512944425267,-0.03762512944425267,-0.03762512944425267,-0.03762512944425267
2013-04-09,0.0,0.0,0.0,0.0,-0.012325551062997264,-0.012325551062997264,-0.012325551062997264,-0.012325551062997264,-0.012325551062997264,-0.012325551062997264,-0.012325551062997264,-0.012325551062997264,-0.012325551062997264,-0.012325551062997264,-0.012325551062997264,-0.012325551062997264
2013-04-10,0.05926048200726308,0.05926048200726308,0.0,0.0,-0.05926048200726308,-0.05926048200726308,-0.05926048200726308,-0.05926048200726308,-0.05926048200726308,-0.05926048200726308,-0.05926048200726308,-0.05926048200726308,-0.05926048200726308,-0.05926048200726308,-0.05926048200726308,-0.05926048200726308
2013-04-11,-0.09721003684856988,-0.09721003684856988,-0.09721003684856988,-0.09721003684856988,-0.09721003684856988,-0.09721003684856988,-0.09721003684856988,-0.09721003684856988,-0.09721003684856988,-0.09721003684856988,-0.09721003684856988,-0.09721003684856988,-0.09721003684856988,-0.09721003684856988,-0.09721003684856988,-0.09721003684856988
2013-04-12,-0.007541302235179903,-0.007541302235179903,-0.007541302235179903,-0.007541302235179903,-0.007541302235179903,-0.007541302235179903,-0.007541302235179903,-0.007541302235179903,-0.007541302235179903,-0.007541302235179903,-0.007541302235179903,-0.007541302235179903,-0.007541302235179903,-0.007541302235179903,-0.007541302235179903,-0.007541302235179903
2013-04-15,-0.051310171947828054,-0.051310171947828054,-0.051310171947828054,-0.051310171947828054,-0.051310171947828054,-0.051310171947828054,-0.051310171947828054,-0.051310171947828054,-0.051310171947828054,-0.051310171947828054,-0.051310171947828054,-0.051310171947828054,-0.051310171947828054,-0.051310171947828054,-0.051310171947828054,-0.051310171947828054
2013-04-16,0.030675859791090332,0.030675859791090332,0.030675859791090332,0.030675859791090332,0.030675859791090332,0.030675859791090332,0.030675859791090332,0.030675859791090332,0.030675859791090332,0.030675859791090332,0.030675859791090332,0.030675859791090332,0.030675859791090332,0.030675859791090332,0.030675859791090332,0.030675859791090332
2013-04-17,0.013859958340009637,0.013859958340009637,0.013859958340009637,0.013859958340009637,0.013859958340009637,0.013859958340009637,0.013859958340009637,0.013859958340009637,0.013859958340009637,0.013859958340009637,0.013859958340009637,0.013859958340009637,0.013859958340009637,0.013859958340009637,0.013859958340009637,0.013859958340009637
2013-04-18,0.0139865665744765,0.0139865665744765,0.0139865665744765,0.0139865665744765,0.0139865665744765,0.0139865665744765,0.0139865665744765,0.0139865665744765,0.0139865665744765,0.0139865665744765,0.0139865665744765,0.0139865665744765,0.0139865665744765,0.0139865665744765,0.0139865665744765,0.0139865665744765
2013-04-19,-0.02244389027431426,-0.02244389027431426,-0.02244389027431426,-0.02244389027431426,-0.02244389027431426,-0.02244389027431426,-0.02244389027431426,-0.02244389027431426,-0.02244389027431426,-0.02244389027431426,-0.02244389027431426,-0.02244389027431426,-0.02244389027431426,-0.02244389027431426,-0.02244389027431426,-0.02244389027431426
2013-04-22,-0.0,-0.0,-0.0,-0.0,0.06596779336734682,0.06596779336734682,0.06596779336734682,0.06596779336734682,0.06596779336734682,0.06596779336734682,0.06596779336734682,0.06596779336734682,0.06596779336734682,0.06596779336734682,0.06596779336734682,0.06596779336734682
2013-04-23,0.011255281755973678,0.011255281755973678,0.011255281755973678,-0.0,0.011255281755973678,0.011255281755973678,0.011255281755973678,0.011255281755973678,0.011255281755973678,0.011255281755973678,0.011255281755973678,0.011255281755973678,0.011255281755973678,0.011255281755973678,0.011255281755973678,0.011255281755973678
2013-04-24,0.03501700931814822,0.03501700931814822,0.03501700931814822,0.03501700931814822,-0.03501700931814822,-0.03501700931814822,-0.03501700931814822,-0.03501700931814822,-0.03501700931814822,-0.03501700931814822,-0.03501700931814822,-0.03501700931814822,-0.03501700931814822,-0.03501700931814822,-0.03501700931814822,-0.03501700931814822
2013-04-25,-0.013909644786757047,-0.013909644786757047,-0.013909644786757047,-0.013909644786757047,0.013909644786757047,0.013909644786757047,0.013909644786757047,0.013909644786757047,0.013909644786757047,0.013909644786757047,0.013909644786757047,0.013909644786757047,0.013909644786757047,0.013909644786757047,0.013909644786757047,0.013909644786757047
2013-04-26,-0.015041572184429253,-0.015041572184429253,-0.015041572184429253,-0.015041572184429253,0.015041572184429253,0.015041572184429253,0.015041572184429253,0.015041572184429253,0.015041572184429253,0.015041572184429253,0.015041572184429253,0.015041572184429253,0.015041572184429253,0.015041572184429253,0.015041572184429253,0.015041572184429253
2013-04-29,0.022414178270906304,0.022414178270906304,0.022414178270906304,0.022414178270906304,0.022414178270906304,0.022414178270906304,0.022414178270906304,0.022414178270906304,-0.022414178270906304,-0.022414178270906304,-0.022414178270906304,-0.022414178270906304,-0.022414178270906304,-0.022414178270906304,-0.022414178270906304,-0.022414178270906304
2013-04-30,0.0026660572821450845,0.0026660572821450845,0.0026660572821450845,0.0026660572821450845,0.0026660572821450845,0.0026660572821450845,0.0026660572821450845,0.0026660572821450845,-0.0026660572821450845,-0.0026660572821450845,-0.0026660572821450845,-0.0026660572821450845,-0.0026660572821450845,-0.0026660572821450845,-0.0026660572821450845,-0.0026660572821450845
2013-05-01,0.001680287176353712,0.001680287176353712,0.001680287176353712,-0.0,-0.001680287176353712,-0.001680287176353712,-0.001680287176353712,-0.001680287176353712,0.001680287176353712,0.001680287176353712,0.001680287176353712,0.001680287176353712,0.001680287176353712,0.001680287176353712,0.001680287176353712,0.001680287176353712
2013-05-02,0.0020205871139915565,0.0020205871139915565,0.0020205871139915565,0.0020205871139915565,-0.0020205871139915565,-0.0020205871139915565,-0.0020205871139915565,-0.0020205871139915565,0.0020205871139915565,0.0020205871139915565,0.0020205871139915565,0.0020205871139915565,0.0020205871139915565,0.0020205871139915565,0.0020205871139915565,0.0020205871139915565
2013-05-03,0.028611650116044718,0.0,0.0,0.0,0.028611650116044718,0.028611650116044718,0.028611650116044718,0.028611650116044718,-0.028611650116044718,-0.028611650116044718,-0.028611650116044718,-0.028611650116044718,-0.028611650116044718,-0.028611650116044718,-0.028611650116044718,-0.028611650116044718
2013-05-06,0.054051936861071015,-0.0,-0.0,-0.0,-0.054051936861071015,-0.054051936861071015,-0.054051936861071015,-0.054051936861071015,0.054051936861071015,0.054051936861071015,0.054051936861071015,0.054051936861071015,0.054051936861071015,0.054051936861071015,0.054051936861071015,0.054051936861071015
2013-05-07,-0.017093381888447112,-0.017093381888447112,-0.017093381888447112,-0.017093381888447112,0.017093381888447112,0.017093381888447112,0.017093381888447112,0.0,-0.017093381888447112,-0.017093381888447112,-0.017093381888447112,-0.017093381888447112,-0.017093381888447112,-0.017093381888447112,-0.017093381888447112,-0.017093381888447112
2013-05-08,0.0026842085365392787,0.0026842085365392787,0.0026842085365392787,0.0026842085365392787,0.0026842085365392787,0.0,0.0,0.0,-0.0026842085365392787,-0.0026842085365392787,-0.0026842085365392787,-0.0026842085365392787,-0.0026842085365392787,-0.0026842085365392787,-0.0026842085365392787,-0.0026842085365392787
2013-05-09,0.025815011372251617,0.025815011372251617,0.0,0.0,-0.025815011372251617,-0.025815011372251617,-0.025815011372251617,-0.025815011372251617,-0.025815011372251617,-0.025815011372251617,-0.025815011372251617,-0.025815011372251617,-0.025815011372251617,-0.025815011372251617,-0.025815011372251617,-0.025815011372251617
2013-05-10,0.01066189345888946,0.0,0.0,0.0,0.01066189345888946,0.01066189345888946,0.0,0.0,-0.01066189345888946,-0.01066189345888946,-0.01066189345888946,-0.01066189345888946,-0.01066189345888946,-0.01066189345888946,-0.01066189345888946,-0.01066189345888946
2013-05-13,-0.045978367748279236,-0.045978367748279236,-0.045978367748279236,-0.045978367748279236,-0.045978367748279236,-0.045978367748279236,-0.045978367748279236,-0.045978367748279236,0.0,0.0,0.0,0.0,-0.045978367748279236,-0.045978367748279236,-0.045978367748279236,-0.045978367748279236
2013-05-14,-0.0,-0.0,-0.0,-0.0,0.0036691952506595626,0.0036691952506595626,0.0036691952506595626,0.0036691952506595626,-0.0,-0.0,-0.0,-0.0,0.0036691952506595626,0.0036691952506595626,0.0036691952506595626,0.0036691952506595626
2013-05-15,-0.0414458821113165,-0.0414458821113165,-0.0414458821113165,-0.0414458821113165,-0.0414458821113165,-0.0414458821113165,-0.0414458821113165,-0.0414458821113165,0.0,0.0,0.0,0.0,-0.0414458821113165,-0.0414458821113165,-0.0414458821113165,-0.0414458821113165
2013-05-16,0.062178608159067617,0.062178608159067617,0.062178608159067617,0.062178608159067617,0.062178608159067617,0.062178608159067617,0.062178608159067617,0.062178608159067617,0.062178608159067617,0.062178608159067617,0.062178608159067617,0.062178608159067617,0.062178608159067617,0.062178608159067617,0.062178608159067617,0.062178608159067617
2013-05-17,-0.025335861540323523,-0.025335861540323523,-0.025335861540323523,-0.025335861540323523,-0.025335861540323523,-0.025335861540323523,-0.025335861540323523,-0.025335861540323523,-0.025335861540323523,-0.025335861540323523,-0.025335861540323523,-0.025335861540323523,-0.025335861540323523,-0.025335861540323523,-0.025335861540323523,-0.025335861540323523
2013-05-20,0.014280392400347841,0.014280392400347841,0.014280392400347841,0.014280392400347841,0.014280392400347841,0.014280392400347841,0.014280392400347841,0.014280392400347841,0.014280392400347841,0.014280392400347841,0.014280392400347841,0.014280392400347841,0.014280392400347841,0.014280392400347841,0.014280392400347841,0.014280392400347841
2013-05-21,0.006856023506366382,0.006856023506366382,0.006856023506366382,0.006856023506366382,0.006856023506366382,0.006856023506366382,0.006856023506366382,0.006856023506366382,0.006856023506366382,0.006856023506366382,0.006856023506366382,0.006856023506366382,0.006856023506366382,0.006856023506366382,0.006856023506366382,0.006856023506366382
2013-05-22,0.013983463035019406,0.013983463035019406,0.0,0.0,-0.013983463035019406,-0.013983463035019406,-0.013983463035019406,-0.013983463035019406,-0.013983463035019406,-0.013983463035019406,-0.013983463035019406,-0.013983463035019406,-0.013983463035019406,-0.013983463035019406,-0.013983463035019406,-0.013983463035019406
2013-05-23,0.009454515558844134,0.009454515558844134,0.0,0.0,-0.009454515558844134,-0.009454515558844134,-0.009454515558844134,-0.009454515558844134,-0.009454515558844134,-0.009454515558844134,-0.009454515558844134,-0.009454515558844134,-0.009454515558844134,-0.009454515558844134,-0.009454515558844134,-0.009454515558844134
2013-05-24,-0.04627132008133783,-0.04627132008133783,-0.04627132008133783,-0.04627132008133783,0.04627132008133783,0.04627132008133783,0.04627132008133783,0.04627132008133783,0.04627132008133783,0.04627132008133783,0.04627132008133783,0.04627132008133783,0.04627132008133783,0.04627132008133783,0.04627132008133783,0.04627132008133783
2013-05-28,0.054775503728383246,0.054775503728383246,0.054775503728383246,0.054775503728383246,0.054775503728383246,0.054775503728383246,0.054775503728383246,0.054775503728383246,0.054775503728383246,0.054775503728383246,0.054775503728383246,0.054775503728383246,0.054775503728383246,0.054775503728383246,0.054775503728383246,0.054775503728383246
2013-05-29,0.01865152483736321,0.01865152483736321,0.01865152483736321,0.01865152483736321,-0.01865152483736321,0.0,0.0,0.0,-0.01865152483736321,-0.01865152483736321,-0.01865152483736321,-0.01865152483736321,-0.01865152483736321,-0.01865152483736321,-0.01865152483736321,-0.01865152483736321
2013-05-30,-0.02985017434954207,-0.02985017434954207,-0.02985017434954207,-0.02985017434954207,-0.02985017434954207,-0.02985017434954207,-0.02985017434954207,-0.02985017434954207,-0.02985017434954207,-0.02985017434954207,-0.0,-0.0,0.02985017434954207,0.02985017434954207,0.02985017434954207,0.02985017434954207
2013-05-31,0.01908766185444266,0.01908766185444266,0.01908766185444266,0.01908766185444266,0.01908766185444266,0.01908766185444266,0.01908766185444266,0.01908766185444266,0.0,0.0,0.0,0.0,-0.01908766185444266,-0.01908766185444266,-0.01908766185444266,-0.01908766185444266
2013-06-03,-0.004362174259378682,-0.004362174259378682,-0.004362174259378682,-0.004362174259378682,-0.004362174259378682,-0.004362174259378682,-0.004362174259378682,-0.004362174259378682,-0.004362174259378682,-0.004362174259378682,-0.004362174259378682,-0.004362174259378682,0.004362174259378682,0.004362174259378682,0.004362174259378682,0.004362174259378682
2013-06-04,-0.013029685021527238,-0.013029685021527238,-0.013029685021527238,-0.013029685021527238,-0.013029685021527238,-0.013029685021527238,-0.013029685021527238,-0.013029685021527238,-0.0,-0.0,-0.0,-0.0,0.013029685021527238,0.013029685021527238,0.013029685021527238,0.013029685021527238
2013-06-05,0.04257540170748986,0.04257540170748986,0.04257540170748986,0.04257540170748986,0.04257540170748986,0.04257540170748986,0.04257540170748986,0.04257540170748986,0.04257540170748986,0.04257540170748986,0.04257540170748986,0.04257540170748986,-0.04257540170748986,-0.04257540170748986,-0.04257540170748986,-0.04257540170748986
2013-06-06,-0.001713328920213364,-0.0,-0.0,-0.0,-0.001713328920213364,-0.001713328920213364,-0.001713328920213364,-0.001713328920213364,-0.0,-0.0,-0.0,-0.0,0.001713328920213364,0.001713328920213364,0.001713328920213364,0.001713328920213364
2013-06-07,-0.03164237123420799,-0.03164237123420799,-0.03164237123420799,0.0,0.03164237123420799,0.03164237123420799,0.03164237123420799,0.03164237123420799,-0.03164237123420799,-0.03164237123420799,-0.03164237123420799,-0.03164237123420799,-0.03164237123420799,-0.03164237123420799,-0.03164237123420799,-0.03164237123420799
2013-06-10,0.006422865400826927,0.006422865400826927,0.006422865400826927,0.006422865400826927,-0.006422865400826927,-0.006422865400826927,-0.006422865400826927,-0.006422865400826927,0.006422865400826927,0.006422865400826927,0.006422865400826927,0.006422865400826927,0.006422865400826927,0.006422865400826927,0.006422865400826927,0.006422865400826927
2013-06-11,0.010211000757847755,0.010211000757847755,0.010211000757847755,0.010211000757847755,-0.010211000757847755,-0.010211000757847755,-0.010211000757847755,-0.010211000757847755,0.010211000757847755,0.010211000757847755,0.010211000757847755,0.010211000757847755,0.010211000757847755,0.010211000757847755,0.010211000757847755,0.010211000757847755
2013-06-12,-0.016780510917203006,-0.016780510917203006,-0.016780510917203006,-0.016780510917203006,-0.016780510917203006,0.0,0.0,0.0,-0.016780510917203006,-0.016780510917203006,0.0,0.0,-0.016780510917203006,-0.016780510917203006,-0.016780510917203006,-0.016780510917203006
2013-06-13,0.002329130190346085,0.002329130190346085,0.002329130190346085,0.002329130190346085,0.002329130190346085,0.002329130190346085,0.002329130190346085,0.002329130190346085,-0.002329130190346085,-0.002329130190346085,-0.002329130190346085,-0.002329130190346085,0.002329130190346085,0.002329130190346085,0.002329130190346085,0.002329130190346085
2013-06-14,-0.028525641025641035,-0.028525641025641035,-0.028525641025641035,-0.028525641025641035,-0.028525641025641035,-0.028525641025641035,-0.028525641025641035,-0.028525641025641035,0.028525641025641035,0.028525641025641035,0.028525641025641035,0.028525641025641035,-0.028525641025641035,-0.028525641025641035,-0.028525641025641035,-0.028525641025641035
2013-06-17,-0.031054107555262278,-0.031054107555262278,-0.031054107555262278,-0.031054107555262278,-0.031054107555262278,-0.031054107555262278,-0.031054107555262278,-0.031054107555262278,0.031054107555262278,0.031054107555262278,0.031054107555262278,0.031054107555262278,-0.031054107555262278,-0.031054107555262278,-0.031054107555262278,-0.031054107555262278
2013-06-18,-0.07495211747180253,-0.07495211747180253,-0.07495211747180253,-0.07495211747180253,-0.07495211747180253,-0.07495211747180253,-0.07495211747180253,-0.07495211747180253,-0.07495211747180253,-0.07495211747180253,-0.07495211747180253,-0.07495211747180253,-0.07495211747180253,-0.07495211747180253,-0.07495211747180253,-0.07495211747180253
2013-06-19,0.012652986104720654,0.012652986104720654,0.012652986104720654,0.012652986104720654,0.012652986104720654,0.012652986104720654,0.012652986104720654,0.012652986104720654,0.012652986104720654,0.012652986104720654,0.012652986104720654,0.012652986104720654,0.012652986104720654,0.012652986104720654,0.012652986104720654,0.012652986104720654
2013-06-20,-0.0446635467308828,-0.0446635467308828,-0.0446635467308828,-0.0446635467308828,-0.0446635467308828,-0.0446635467308828,-0.0446635467308828,-0.0446635467308828,-0.0446635467308828,-0.0446635467308828,-0.0446635467308828,-0.0446635467308828,-0.0446635467308828,-0.0446635467308828,-0.0446635467308828,-0.0446635467308828
2013-06-21,-0.005469418814800675,-0.005469418814800675,-0.005469418814800675,-0.005469418814800675,-0.005469418814800675,-0.005469418814800675,-0.005469418814800675,-0.005469418814800675,-0.005469418814800675,-0.005469418814800675,-0.005469418814800675,-0.005469418814800675,-0.005469418814800675,-0.005469418814800675,-0.005469418814800675,-0.005469418814800675
2013-06-24,-0.058806369853187324,-0.058806369853187324,-0.058806369853187324,-0.058806369853187324,-0.058806369853187324,-0.058806369853187324,-0.058806369853187324,-0.058806369853187324,-0.058806369853187324,-0.058806369853187324,-0.058806369853187324,-0.058806369853187324,-0.058806369853187324,-0.058806369853187324,-0.058806369853187324,-0.058806369853187324
2013-06-25,0.024729057531768683,0.024729057531768683,0.024729057531768683,0.024729057531768683,0.024729057531768683,0.024729057531768683,0.024729057531768683,0.024729057531768683,0.024729057531768683,0.024729057531768683,0.024729057531768683,0.024729057531768683,0.024729057531768683,0.024729057531768683,0.024729057531768683,0.024729057531768683
2013-06-26,0.07457358191193975,0.07457358191193975,0.07457358191193975,0.07457358191193975,0.07457358191193975,0.07457358191193975,0.07457358191193975,0.07457358191193975,0.07457358191193975,0.07457358191193975,0.07457358191193975,0.07457358191193975,0.07457358191193975,0.07457358191193975,0.07457358191193975,0.07457358191193975
2013-06-27,0.015965300849021702,0.015965300849021702,0.015965300849021702,0.015965300849021702,0.015965300849021702,0.015965300849021702,0.015965300849021702,0.015965300849021702,0.015965300849021702,0.015965300849021702,0.015965300849021702,0.015965300849021702,0.015965300849021702,0.015965300849021702,0.015965300849021702,0.015965300849021702
2013-06-28,-0.047052411663184746,-0.047052411663184746,-0.047052411663184746,0.0,-0.047052411663184746,-0.047052411663184746,-0.047052411663184746,-0.047052411663184746,-0.047052411663184746,-0.047052411663184746,-0.047052411663184746,-0.047052411663184746,-0.047052411663184746,-0.047052411663184746,-0.047052411663184746,-0.047052411663184746
2013-07-01,-0.01939757887713278,-0.01939757887713278,-0.01939757887713278,-0.01939757887713278,0.01939757887713278,0.01939757887713278,0.01939757887713278,0.01939757887713278,0.01939757887713278,0.01939757887713278,0.01939757887713278,0.01939757887713278,0.01939757887713278,0.01939757887713278,0.01939757887713278,0.01939757887713278
2013-07-02,0.0,0.0,0.0,0.0,-0.032259572677544424,-0.032259572677544424,-0.032259572677544424,-0.032259572677544424,-0.032259572677544424,-0.032259572677544424,-0.032259572677544424,-0.032259572677544424,-0.032259572677544424,-0.032259572677544424,-0.032259572677544424,-0.032259572677544424
2013-07-03,0.020532392869220817,0.020532392869220817,0.020532392869220817,0.020532392869220817,-0.020532392869220817,-0.020532392869220817,-0.020532392869220817,-0.020532392869220817,-0.020532392869220817,-0.020532392869220817,-0.020532392869220817,-0.020532392869220817,-0.020532392869220817,-0.020532392869220817,-0.020532392869220817,-0.020532392869220817
2013-07-05,-0.013317549570878828,-0.013317549570878828,-0.013317549570878828,-0.013317549570878828,0.013317549570878828,0.013317549570878828,0.013317549570878828,0.013317549570878828,0.013317549570878828,0.013317549570878828,0.013317549570878828,0.013317549570878828,0.013317549570878828,0.013317549570878828,0.013317549570878828,0.013317549570878828
2013-07-08,-0.0010708722741433752,-0.0010708722741433752,-0.0010708722741433752,-0.0010708722741433752,-0.0010708722741433752,-0.0010708722741433752,-0.0010708722741433752,-0.0010708722741433752,-0.0010708722741433752,-0.0010708722741433752,-0.0010708722741433752,-0.0010708722741433752,-0.0010708722741433752,-0.0010708722741433752,-0.0010708722741433752,-0.0010708722741433752
2013-07-09,0.07630835201247455,0.07630835201247455,0.07630835201247455,0.07630835201247455,0.07630835201247455,0.07630835201247455,0.07630835201247455,0.07630835201247455,0.07630835201247455,0.07630835201247455,0.07630835201247455,0.07630835201247455,0.07630835201247455,0.07630835201247455,0.07630835201247455,0.07630835201247455
2013-07-10,-0.024040202825063473,-0.024040202825063473,-0.024040202825063473,-0.024040202825063473,-0.024040202825063473,-0.024040202825063473,-0.024040202825063473,0.0,-0.024040202825063473,-0.024040202825063473,-0.024040202825063473,-0.024040202825063473,-0.024040202825063473,-0.024040202825063473,-0.024040202825063473,-0.024040202825063473
2013-07-11,0.0016236025420977018,0.0016236025420977018,0.0016236025420977018,0.0016236025420977018,0.0016236025420977018,0.0016236025420977018,0.0016236025420977018,0.0016236025420977018,-0.0016236025420977018,-0.0016236025420977018,-0.0016236025420977018,-0.0016236025420977018,-0.0016236025420977018,-0.0016236025420977018,-0.0016236025420977018,-0.0016236025420977018
2013-07-12,-0.05385187250255563,-0.05385187250255563,-0.05385187250255563,-0.05385187250255563,-0.05385187250255563,-0.05385187250255563,-0.05385187250255563,-0.05385187250255563,0.05385187250255563,0.05385187250255563,0.05385187250255563,0.05385187250255563,0.05385187250255563,0.05385187250255563,0.05385187250255563,0.05385187250255563
2013-07-15,0.02887879723116271,0.02887879723116271,0.02887879723116271,0.02887879723116271,-0.02887879723116271,0.0,0.0,0.0,-0.02887879723116271,-0.02887879723116271,-0.02887879723116271,-0.02887879723116271,-0.02887879723116271,-0.02887879723116271,-0.02887879723116271,-0.02887879723116271
2013-07-16,0.00399527830745483,0.00399527830745483,0.00399527830745483,0.00399527830745483,0.00399527830745483,0.00399527830745483,0.00399527830745483,0.00399527830745483,-0.00399527830745483,-0.00399527830745483,-0.00399527830745483,-0.00399527830745483,-0.00399527830745483,-0.00399527830745483,-0.00399527830745483,-0.00399527830745483
2013-07-17,-0.04275686024250169,-0.04275686024250169,-0.04275686024250169,-0.04275686024250169,-0.04275686024250169,-0.04275686024250169,-0.04275686024250169,-0.04275686024250169,0.04275686024250169,0.04275686024250169,0.04275686024250169,0.04275686024250169,0.04275686024250169,0.04275686024250169,0.04275686024250169,0.04275686024250169
2013-07-18,0.06111208253191114,-0.0,-0.0,-0.0,-0.06111208253191114,-0.06111208253191114,-0.06111208253191114,-0.06111208253191114,0.06111208253191114,0.06111208253191114,0.06111208253191114,0.06111208253191114,0.06111208253191114,0.06111208253191114,0.06111208253191114,0.06111208253191114
2013-07-19,-0.03283348438658651,-0.03283348438658651,-0.03283348438658651,-0.03283348438658651,-0.03283348438658651,-0.03283348438658651,-0.03283348438658651,-0.03283348438658651,-0.03283348438658651,-0.03283348438658651,-0.03283348438658651,-0.03283348438658651,0.03283348438658651,0.03283348438658651,0.03283348438658651,0.03283348438658651
2013-07-22,0.04874157393003875,0.04874157393003875,0.04874157393003875,0.04874157393003875,0.04874157393003875,0.04874157393003875,0.04874157393003875,0.04874157393003875,0.04874157393003875,0.04874157393003875,0.04874157393003875,0.04874157393003875,-0.04874157393003875,-0.04874157393003875,-0.04874157393003875,-0.04874157393003875
2013-07-23,-0.009644010231036892,-0.009644010231036892,-0.009644010231036892,-0.009644010231036892,-0.009644010231036892,-0.009644010231036892,-0.009644010231036892,-0.009644010231036892,-0.009644010231036892,-0.009644010231036892,-0.009644010231036892,-0.009644010231036892,0.009644010231036892,0.009644010231036892,0.009644010231036892,0.009644010231036892
2013-07-24,-0.013995597823829975,-0.013995597823829975,-0.013995597823829975,-0.013995597823829975,-0.013995597823829975,-0.013995597823829975,-0.013995597823829975,-0.013995597823829975,-0.013995597823829975,-0.013995597823829975,-0.013995597823829975,-0.013995597823829975,0.013995597823829975,0.013995597823829975,0.013995597823829975,0.013995597823829975
2013-07-25,0.009788663171690692,0.009788663171690692,0.009788663171690692,0.009788663171690692,0.009788663171690692,0.009788663171690692,0.009788663171690692,0.009788663171690692,0.009788663171690692,0.009788663171690692,0.009788663171690692,0.009788663171690692,-0.009788663171690692,-0.009788663171690692,-0.009788663171690692,-0.009788663171690692
2013-07-26,0.008603217934400442,0.008603217934400442,0.008603217934400442,0.008603217934400442,0.008603217934400442,0.008603217934400442,0.008603217934400442,0.008603217934400442,0.008603217934400442,0.008603217934400442,0.008603217934400442,0.008603217934400442,-0.008603217934400442,-0.008603217934400442,-0.008603217934400442,-0.008603217934400442
2013-07-29,0.0,0.0,0.0,0.0,0.003504526680295328,0.003504526680295328,0.003504526680295328,0.003504526680295328,0.003504526680295328,0.003504526680295328,0.003504526680295328,0.003504526680295328,-0.003504526680295328,-0.003504526680295328,-0.003504526680295328,-0.003504526680295328
2013-07-30,-0.030939920452166647,-0.030939920452166647,-0.030939920452166647,-0.030939920452166647,0.030939920452166647,0.030939920452166647,0.030939920452166647,0.030939920452166647,0.030939920452166647,0.030939920452166647,0.030939920452166647,0.030939920452166647,-0.030939920452166647,-0.030939920452166647,-0.030939920452166647,-0.030939920452166647
2013-07-31,0.0,0.0,0.0,0.0,0.022768512917998862,0.022768512917998862,0.022768512917998862,0.022768512917998862,0.022768512917998862,0.022768512917998862,0.022768512917998862,0.022768512917998862,-0.022768512917998862,-0.022768512917998862,-0.022768512917998862,-0.022768512917998862
2013-08-01,-0.005835801759582759,-0.005835801759582759,-0.005835801759582759,-0.005835801759582759,0.005835801759582759,0.005835801759582759,0.005835801759582759,0.005835801759582759,0.005835801759582759,0.005835801759582759,0.005835801759582759,0.005835801759582759,-0.005835801759582759,-0.005835801759582759,-0.005835801759582759,-0.005835801759582759
2013-08-02,-0.05354204651576455,-0.05354204651576455,-0.05354204651576455,-0.05354204651576455,-0.05354204651576455,-0.05354204651576455,0.0,0.0,0.05354204651576455,0.05354204651576455,0.05354204651576455,0.05354204651576455,-0.05354204651576455,-0.05354204651576455,-0.05354204651576455,-0.05354204651576455
2013-08-05,-0.0033359958652445787,-0.0033359958652445787,-0.0033359958652445787,-0.0033359958652445787,-0.0033359958652445787,-0.0033359958652445787,-0.0033359958652445787,-0.0033359958652445787,0.0033359958652445787,0.0033359958652445787,0.0033359958652445787,0.0033359958652445787,-0.0033359958652445787,-0.0033359958652445787,-0.0033359958652445787,-0.0033359958652445787
2013-08-06,0.08551763152932312,0.08551763152932312,0.08551763152932312,0.08551763152932312,0.08551763152932312,0.08551763152932312,0.08551763152932312,0.08551763152932312,-0.08551763152932312,-0.08551763152932312,-0.08551763152932312,-0.08551763152932312,0.08551763152932312,0.08551763152932312,0.08551763152932312,0.08551763152932312
2013-08-07,0.020759141839659545,0.020759141839659545,0.020759141839659545,0.020759141839659545,0.020759141839659545,0.020759141839659545,0.020759141839659545,0.020759141839659545,-0.020759141839659545,-0.020759141839659545,-0.020759141839659545,-0.020759141839659545,0.020759141839659545,0.020759141839659545,0.020759141839659545,0.020759141839659545
2013-08-08,0.054246085772634345,-0.0,-0.0,-0.0,0.054246085772634345,0.054246085772634345,0.054246085772634345,0.054246085772634345,-0.054246085772634345,-0.054246085772634345,-0.054246085772634345,-0.054246085772634345,0.054246085772634345,0.054246085772634345,0.054246085772634345,0.054246085772634345
2013-08-09,0.02845151136042612,0.02845151136042612,0.02845151136042612,0.02845151136042612,-0.02845151136042612,-0.02845151136042612,-0.02845151136042612,-0.02845151136042612,0.02845151136042612,0.02845151136042612,0.02845151136042612,0.02845151136042612,-0.02845151136042612,-0.02845151136042612,-0.02845151136042612,-0.02845151136042612
2013-08-12,-0.05611863421118213,-0.05611863421118213,-0.05611863421118213,-0.05611863421118213,-0.05611863421118213,-0.05611863421118213,-0.05611863421118213,-0.05611863421118213,-0.05611863421118213,-0.05611863421118213,-0.05611863421118213,-0.05611863421118213,-0.05611863421118213,-0.05611863421118213,-0.05611863421118213,-0.0
2013-08-13,-0.0588003933136676,-0.0588003933136676,-0.0588003933136676,-0.0588003933136676,-0.0,-0.0,-0.0,-0.0,-0.0588003933136676,-0.0588003933136676,-0.0588003933136676,-0.0588003933136676,-0.0588003933136676,-0.0588003933136676,-0.0588003933136676,-0.0588003933136676
2013-08-14,0.020059435364041756,0.020059435364041756,0.020059435364041756,0.020059435364041756,0.020059435364041756,0.020059435364041756,0.020059435364041756,0.020059435364041756,0.020059435364041756,0.020059435364041756,0.020059435364041756,0.020059435364041756,0.020059435364041756,0.020059435364041756,0.020059435364041756,0.020059435364041756
2013-08-15,0.01910538286580732,0.01910538286580732,0.01910538286580732,0.01910538286580732,0.01910538286580732,0.01910538286580732,0.01910538286580732,0.01910538286580732,0.01910538286580732,0.01910538286580732,0.01910538286580732,0.01910538286580732,0.01910538286580732,0.01910538286580732,0.01910538286580732,0.01910538286580732
2013-08-16,-0.03659761941567474,-0.03659761941567474,-0.03659761941567474,-0.03659761941567474,-0.03659761941567474,-0.03659761941567474,-0.03659761941567474,-0.03659761941567474,-0.03659761941567474,-0.03659761941567474,-0.03659761941567474,-0.03659761941567474,-0.03659761941567474,-0.03659761941567474,-0.03659761941567474,-0.03659761941567474
2013-08-19,0.045520635275696275,0.045520635275696275,0.045520635275696275,0.045520635275696275,0.045520635275696275,0.045520635275696275,0.045520635275696275,0.045520635275696275,0.045520635275696275,0.045520635275696275,0.045520635275696275,0.045520635275696275,0.045520635275696275,0.045520635275696275,0.045520635275696275,0.045520635275696275
2013-08-20,-0.014842590422623259,-0.014842590422623259,-0.014842590422623259,-0.014842590422623259,-0.014842590422623259,-0.014842590422623259,-0.014842590422623259,-0.014842590422623259,-0.014842590422623259,-0.014842590422623259,-0.014842590422623259,-0.014842590422623259,-0.014842590422623259,-0.014842590422623259,-0.014842590422623259,-0.014842590422623259
2013-08-21,-0.02759602801939809,-0.0,-0.0,-0.0,-0.02759602801939809,-0.02759602801939809,-0.02759602801939809,-0.02759602801939809,-0.02759602801939809,-0.02759602801939809,-0.02759602801939809,-0.02759602801939809,-0.02759602801939809,-0.02759602801939809,-0.02759602801939809,-0.02759602801939809
2013-08-22,0.008951646129068402,0.008951646129068402,0.008951646129068402,0.008951646129068402,-0.008951646129068402,-0.008951646129068402,-0.008951646129068402,-0.008951646129068402,-0.008951646129068402,-0.008951646129068402,-0.008951646129068402,-0.008951646129068402,-0.008951646129068402,-0.008951646129068402,-0.008951646129068402,-0.008951646129068402
2013-08-23,0.04402702502041722,0.04402702502041722,0.0,0.0,0.04402702502041722,0.04402702502041722,0.04402702502041722,0.04402702502041722,0.04402702502041722,0.04402702502041722,0.04402702502041722,0.04402702502041722,0.0,0.0,0.0,0.0
2013-08-26,0.02714352283317789,0.02714352283317789,0.02714352283317789,0.02714352283317789,0.02714352283317789,0.02714352283317789,0.02714352283317789,0.02714352283317789,0.02714352283317789,0.02714352283317789,0.02714352283317789,0.02714352283317789,0.02714352283317789,0.02714352283317789,0.02714352283317789,0.02714352283317789
2013-08-27,0.008102822017323152,0.008102822017323152,0.008102822017323152,0.008102822017323152,-0.008102822017323152,-0.008102822017323152,-0.008102822017323152,-0.008102822017323152,-0.008102822017323152,-0.008102822017323152,-0.008102822017323152,-0.008102822017323152,0.008102822017323152,0.008102822017323152,0.008102822017323152,0.008102822017323152
2013-08-28,-0.013660120367437356,-0.013660120367437356,-0.013660120367437356,-0.013660120367437356,-0.013660120367437356,-0.013660120367437356,0.0,0.0,0.013660120367437356,0.013660120367437356,0.013660120367437356,0.013660120367437356,-0.013660120367437356,-0.013660120367437356,-0.013660120367437356,-0.013660120367437356
2013-08-29,0.009232869013688694,0.009232869013688694,0.009232869013688694,0.009232869013688694,0.009232869013688694,0.009232869013688694,0.009232869013688694,0.009232869013688694,-0.009232869013688694,-0.009232869013688694,-0.009232869013688694,-0.009232869013688694,0.009232869013688694,0.009232869013688694,0.009232869013688694,0.009232869013688694
2013-08-30,0.006006125452448385,0.006006125452448385,0.006006125452448385,0.006006125452448385,0.006006125452448385,0.006006125452448385,0.006006125452448385,0.006006125452448385,-0.006006125452448385,-0.006006125452448385,-0.006006125452448385,-0.006006125452448385,0.006006125452448385,0.006006125452448385,0.006006125452448385,0.006006125452448385
2013-09-03,-0.03586114186303968,-0.03586114186303968,-0.03586114186303968,-0.03586114186303968,-0.03586114186303968,-0.03586114186303968,-0.03586114186303968,-0.03586114186303968,0.03586114186303968,0.03586114186303968,0.03586114186303968,0.03586114186303968,-0.03586114186303968,-0.03586114186303968,-0.03586114186303968,-0.03586114186303968
2013-09-04,0.016485544392044194,0.016485544392044194,0.016485544392044194,-0.0,0.016485544392044194,0.016485544392044194,0.016485544392044194,0.016485544392044194,-0.016485544392044194,-0.016485544392044194,-0.016485544392044194,-0.016485544392044194,0.016485544392044194,0.016485544392044194,0.016485544392044194,-0.0
2013-09-05,-0.012829305684431302,-0.012829305684431302,-0.012829305684431302,-0.012829305684431302,-0.012829305684431302,-0.012829305684431302,-0.012829305684431302,-0.012829305684431302,0.012829305684431302,0.012829305684431302,0.012829305684431302,0.012829305684431302,-0.012829305684431302,-0.012829305684431302,-0.012829305684431302,-0.012829305684431302
2013-09-06,-0.03833421880747079,-0.03833421880747079,-0.03833421880747079,0.0,-0.03833421880747079,-0.03833421880747079,-0.03833421880747079,-0.03833421880747079,0.03833421880747079,0.03833421880747079,0.03833421880747079,0.03833421880747079,-0.03833421880747079,-0.03833421880747079,0.0,0.0
2013-09-09,0.007904466448514613,0.007904466448514613,0.007904466448514613,-0.0,0.007904466448514613,0.007904466448514613,0.007904466448514613,0.007904466448514613,-0.007904466448514613,-0.007904466448514613,-0.007904466448514613,-0.007904466448514613,0.007904466448514613,0.007904466448514613,0.007904466448514613,0.007904466448514613
2013-09-10,-0.05641522958215617,-0.05641522958215617,-0.05641522958215617,-0.05641522958215617,-0.05641522958215617,-0.05641522958215617,-0.05641522958215617,-0.05641522958215617,-0.05641522958215617,-0.05641522958215617,-0.05641522958215617,-0.05641522958215617,-0.05641522958215617,-0.05641522958215617,-0.05641522958215617,-0.05641522958215617
2013-09-11,0.012735153492113183,0.012735153492113183,0.012735153492113183,0.012735153492113183,0.012735153492113183,0.012735153492113183,0.012735153492113183,0.012735153492113183,0.012735153492113183,0.012735153492113183,-0.0,-0.0,0.012735153492113183,0.012735153492113183,0.012735153492113183,0.012735153492113183
2013-09-12,-0.008427462054359403,-0.008427462054359403,-0.008427462054359403,-0.008427462054359403,-0.008427462054359403,-0.008427462054359403,-0.008427462054359403,-0.008427462054359403,-0.008427462054359403,-0.008427462054359403,-0.008427462054359403,-0.008427462054359403,-0.008427462054359403,-0.008427462054359403,-0.008427462054359403,-0.008427462054359403
2013-09-13,0.0190895741556536,0.0190895741556536,0.0190895741556536,0.0190895741556536,0.0190895741556536,0.0190895741556536,0.0190895741556536,0.0190895741556536,0.0190895741556536,0.0190895741556536,0.0190895741556536,0.0190895741556536,0.0190895741556536,0.0190895741556536,0.0190895741556536,0.0190895741556536
2013-09-16,0.09042878351235695,0.09042878351235695,0.09042878351235695,0.09042878351235695,0.09042878351235695,0.09042878351235695,0.09042878351235695,0.09042878351235695,0.09042878351235695,0.09042878351235695,0.09042878351235695,0.09042878351235695,-0.09042878351235695,-0.09042878351235695,-0.09042878351235695,-0.09042878351235695
2013-09-17,-0.03151403515797058,-0.03151403515797058,-0.03151403515797058,-0.03151403515797058,-0.03151403515797058,-0.03151403515797058,-0.03151403515797058,-0.03151403515797058,-0.03151403515797058,-0.03151403515797058,-0.03151403515797058,-0.03151403515797058,0.03151403515797058,0.03151403515797058,0.03151403515797058,0.03151403515797058
2013-09-18,0.06110973290333255,0.06110973290333255,0.06110973290333255,0.06110973290333255,-0.06110973290333255,-0.06110973290333255,0.0,0.0,-0.06110973290333255,-0.06110973290333255,-0.06110973290333255,-0.06110973290333255,0.06110973290333255,0.06110973290333255,0.06110973290333255,0.06110973290333255
2013-09-19,0.019288356526334316,0.019288356526334316,0.019288356526334316,0.019288356526334316,-0.019288356526334316,0.0,0.0,0.0,-0.019288356526334316,-0.019288356526334316,-0.019288356526334316,-0.019288356526334316,0.019288356526334316,0.019288356526334316,0.019288356526334316,0.019288356526334316
2013-09-20,0.0,0.0,0.0,0.0,-0.0030085316569375964,-0.0030085316569375964,-0.0030085316569375964,-0.0030085316569375964,-0.0030085316569375964,-0.0030085316569375964,-0.0030085316569375964,-0.0030085316569375964,0.0030085316569375964,0.0030085316569375964,0.0030085316569375964,0.0030085316569375964
2013-09-23,0.01594379137954327,-0.0,-0.0,-0.0,0.01594379137954327,0.01594379137954327,0.01594379137954327,0.01594379137954327,0.01594379137954327,0.01594379137954327,0.01594379137954327,0.01594379137954327,-0.01594379137954327,-0.01594379137954327,-0.01594379137954327,-0.01594379137954327
2013-09-24,-0.014496608591567983,-0.014496608591567983,-0.014496608591567983,-0.014496608591567983,-0.014496608591567983,-0.014496608591567983,-0.014496608591567983,-0.014496608591567983,-0.014496608591567983,-0.014496608591567983,-0.014496608591567983,-0.014496608591567983,0.014496608591567983,0.014496608591567983,0.014496608591567983,0.014496608591567983
2013-09-25,0.0008097165991902688,0.0008097165991902688,0.0008097165991902688,0.0008097165991902688,0.0008097165991902688,0.0008097165991902688,0.0008097165991902688,0.0008097165991902688,0.0008097165991902688,0.0008097165991902688,0.0008097165991902688,0.0008097165991902688,-0.0008097165991902688,-0.0008097165991902688,-0.0008097165991902688,-0.0008097165991902688
2013-09-26,-0.004000359582883917,-0.004000359582883917,-0.004000359582883917,-0.004000359582883917,-0.004000359582883917,0.0,0.0,0.0,-0.004000359582883917,-0.004000359582883917,-0.004000359582883917,-0.004000359582883917,0.004000359582883917,0.004000359582883917,0.004000359582883917,0.004000359582883917
2013-09-27,-0.02513651338056766,-0.02513651338056766,-0.02513651338056766,-0.02513651338056766,-0.02513651338056766,-0.02513651338056766,-0.02513651338056766,0.0,-0.02513651338056766,-0.02513651338056766,-0.02513651338056766,-0.02513651338056766,0.02513651338056766,0.02513651338056766,0.02513651338056766,0.02513651338056766
2013-09-30,-0.0,-0.0,-0.0,-0.0,0.003240440699935121,0.003240440699935121,-0.0,-0.0,0.003240440699935121,0.003240440699935121,0.003240440699935121,0.003240440699935121,-0.003240440699935121,-0.003240440699935121,-0.003240440699935121,-0.003240440699935121
2013-10-01,-0.008536360280546385,-0.008536360280546385,-0.008536360280546385,-0.008536360280546385,-0.008536360280546385,-0.008536360280546385,-0.008536360280546385,-0.008536360280546385,-0.008536360280546385,-0.008536360280546385,-0.008536360280546385,-0.008536360280546385,0.008536360280546385,0.008536360280546385,0.008536360280546385,0.008536360280546385
2013-10-02,-0.0033043235444686347,-0.0033043235444686347,-0.0033043235444686347,-0.0033043235444686347,-0.0033043235444686347,-0.0033043235444686347,-0.0033043235444686347,-0.0033043235444686347,-0.0033043235444686347,-0.0033043235444686347,-0.0033043235444686347,-0.0033043235444686347,0.0033043235444686347,0.0033043235444686347,0.0033043235444686347,0.0033043235444686347
2013-10-03,0.01610945087784832,0.01610945087784832,0.01610945087784832,0.01610945087784832,0.01610945087784832,0.01610945087784832,0.01610945087784832,0.01610945087784832,0.01610945087784832,0.01610945087784832,0.01610945087784832,0.01610945087784832,-0.01610945087784832,-0.01610945087784832,-0.01610945087784832,-0.01610945087784832
2013-10-04,-0.031340471485685306,-0.031340471485685306,-0.031340471485685306,-0.031340471485685306,-0.031340471485685306,-0.031340471485685306,-0.031340471485685306,-0.031340471485685306,-0.031340471485685306,-0.031340471485685306,-0.031340471485685306,-0.031340471485685306,-0.031340471485685306,-0.031340471485685306,-0.031340471485685306,-0.031340471485685306
2013-10-07,0.004032449357180168,0.004032449357180168,0.004032449357180168,-0.0,0.004032449357180168,0.004032449357180168,0.004032449357180168,0.004032449357180168,0.004032449357180168,0.004032449357180168,0.004032449357180168,0.004032449357180168,-0.004032449357180168,-0.0,-0.0,-0.0
2013-10-08,-0.015261765261765259,-0.015261765261765259,-0.015261765261765259,-0.015261765261765259,-0.015261765261765259,-0.015261765261765259,-0.015261765261765259,-0.015261765261765259,-0.015261765261765259,-0.015261765261765259,-0.015261765261765259,-0.015261765261765259,-0.015261765261765259,-0.015261765261765259,-0.015261765261765259,-0.015261765261765259
2013-10-09,-0.022119859891559956,-0.022119859891559956,-0.022119859891559956,-0.022119859891559956,-0.022119859891559956,-0.022119859891559956,-0.022119859891559956,-0.022119859891559956,-0.022119859891559956,-0.022119859891559956,-0.022119859891559956,-0.022119859891559956,-0.022119859891559956,-0.022119859891559956,-0.022119859891559956,-0.022119859891559956
2013-10-10,0.0034838076545633534,0.0034838076545633534,0.0034838076545633534,0.0034838076545633534,0.0034838076545633534,0.0034838076545633534,0.0034838076545633534,0.0034838076545633534,0.0034838076545633534,0.0034838076545633534,0.0034838076545633534,0.0034838076545633534,0.0034838076545633534,0.0034838076545633534,0.0034838076545633534,0.0034838076545633534
2013-10-11,0.02899613710820992,0.02899613710820992,0.02899613710820992,0.02899613710820992,0.02899613710820992,0.02899613710820992,0.02899613710820992,0.02899613710820992,0.02899613710820992,0.02899613710820992,0.02899613710820992,0.02899613710820992,0.02899613710820992,0.02899613710820992,0.02899613710820992,0.02899613710820992
2013-10-14,-0.021003611480707063,-0.021003611480707063,-0.021003611480707063,-0.021003611480707063,-0.021003611480707063,-0.021003611480707063,-0.021003611480707063,-0.021003611480707063,-0.021003611480707063,-0.021003611480707063,-0.021003611480707063,-0.021003611480707063,-0.021003611480707063,-0.021003611480707063,-0.021003611480707063,-0.021003611480707063
2013-10-15,-0.0,-0.0,-0.0,-0.0,0.052373555965440355,0.052373555965440355,0.052373555965440355,0.052373555965440355,0.052373555965440355,0.052373555965440355,0.052373555965440355,0.052373555965440355,0.052373555965440355,0.052373555965440355,0.052373555965440355,0.052373555965440355
2013-10-16,-0.0044739633780730426,-0.0044739633780730426,-0.0044739633780730426,-0.0044739633780730426,-0.0044739633780730426,-0.0044739633780730426,-0.0044739633780730426,-0.0044739633780730426,-0.0044739633780730426,-0.0044739633780730426,-0.0044739633780730426,-0.0044739633780730426,-0.0044739633780730426,-0.0044739633780730426,-0.0044739633780730426,-0.0044739633780730426
2013-10-17,-0.022146034099332912,-0.022146034099332912,-0.022146034099332912,-0.022146034099332912,-0.022146034099332912,-0.0,-0.0,-0.0,0.022146034099332912,0.022146034099332912,0.022146034099332912,0.022146034099332912,0.022146034099332912,0.022146034099332912,0.022146034099332912,0.022146034099332912
2013-10-18,-0.044102982503852806,-0.044102982503852806,-0.044102982503852806,-0.044102982503852806,-0.044102982503852806,-0.0,-0.0,-0.0,0.044102982503852806,0.044102982503852806,0.044102982503852806,0.044102982503852806,0.044102982503852806,0.044102982503852806,0.044102982503852806,0.044102982503852806
2013-10-21,0.03303668330800946,0.03303668330800946,0.03303668330800946,0.03303668330800946,0.03303668330800946,0.03303668330800946,0.0,0.0,-0.03303668330800946,0.0,0.0,0.0,-0.03303668330800946,-0.03303668330800946,-0.03303668330800946,-0.03303668330800946
2013-10-22,-0.03816108467271251,-0.03816108467271251,-0.03816108467271251,-0.03816108467271251,-0.03816108467271251,-0.03816108467271251,-0.03816108467271251,-0.03816108467271251,-0.03816108467271251,-0.03816108467271251,-0.03816108467271251,-0.03816108467271251,0.03816108467271251,0.03816108467271251,0.03816108467271251,0.03816108467271251
2013-10-23,-0.007265179034769087,-0.007265179034769087,-0.007265179034769087,-0.007265179034769087,-0.007265179034769087,-0.007265179034769087,-0.007265179034769087,-0.007265179034769087,0.007265179034769087,0.007265179034769087,-0.0,-0.0,0.007265179034769087,0.007265179034769087,0.007265179034769087,0.007265179034769087
2013-10-24,-0.007599175682637904,-0.007599175682637904,-0.007599175682637904,-0.007599175682637904,-0.007599175682637904,-0.007599175682637904,-0.007599175682637904,-0.007599175682637904,-0.007599175682637904,-0.007599175682637904,-0.007599175682637904,-0.007599175682637904,0.007599175682637904,0.007599175682637904,0.007599175682637904,0.007599175682637904
2013-10-25,0.028676125953385423,0.028676125953385423,0.028676125953385423,0.028676125953385423,0.028676125953385423,0.028676125953385423,0.028676125953385423,0.028676125953385423,0.028676125953385423,0.028676125953385423,0.028676125953385423,0.028676125953385423,0.028676125953385423,0.0,0.0,0.0
2013-10-28,-0.017854009475346544,-0.017854009475346544,-0.017854009475346544,-0.017854009475346544,-0.017854009475346544,-0.017854009475346544,-0.017854009475346544,-0.017854009475346544,-0.017854009475346544,-0.017854009475346544,-0.017854009475346544,-0.017854009475346544,-0.017854009475346544,-0.017854009475346544,-0.017854009475346544,-0.017854009475346544
2013-10-29,-0.04193423264233065,-0.04193423264233065,0.0,0.0,0.04193423264233065,0.04193423264233065,0.04193423264233065,0.04193423264233065,0.04193423264233065,0.04193423264233065,0.04193423264233065,0.04193423264233065,0.04193423264233065,0.04193423264233065,0.0,0.0
2013-10-30,0.041385515069725654,0.041385515069725654,0.041385515069725654,0.041385515069725654,0.041385515069725654,0.041385515069725654,0.041385515069725654,0.041385515069725654,0.041385515069725654,0.041385515069725654,0.041385515069725654,0.041385515069725654,0.041385515069725654,0.041385515069725654,0.041385515069725654,0.041385515069725654
2013-10-31,0.030689816987329976,0.030689816987329976,0.030689816987329976,0.030689816987329976,-0.030689816987329976,-0.030689816987329976,-0.030689816987329976,-0.030689816987329976,-0.030689816987329976,-0.030689816987329976,-0.030689816987329976,-0.030689816987329976,-0.030689816987329976,-0.030689816987329976,-0.030689816987329976,-0.030689816987329976
2013-11-01,-0.013658714259697557,-0.013658714259697557,-0.013658714259697557,-0.013658714259697557,-0.013658714259697557,-0.013658714259697557,0.0,0.0,0.0,0.0,0.0,0.0,-0.013658714259697557,-0.013658714259697557,-0.013658714259697557,-0.013658714259697557
2013-11-04,0.012416912850812256,0.012416912850812256,0.012416912850812256,0.012416912850812256,-0.0,-0.0,-0.0,-0.0,-0.012416912850812256,-0.0,-0.0,-0.0,0.012416912850812256,0.012416912850812256,0.012416912850812256,0.012416912850812256
2013-11-05,-0.025988236903296436,-0.025988236903296436,-0.025988236903296436,-0.025988236903296436,-0.025988236903296436,-0.025988236903296436,-0.025988236903296436,-0.025988236903296436,0.025988236903296436,0.025988236903296436,0.025988236903296436,0.025988236903296436,-0.025988236903296436,-0.025988236903296436,-0.025988236903296436,-0.025988236903296436
2013-11-06,0.006600196601600938,0.006600196601600938,0.006600196601600938,0.006600196601600938,0.006600196601600938,0.006600196601600938,0.006600196601600938,-0.0,-0.006600196601600938,-0.006600196601600938,-0.006600196601600938,-0.006600196601600938,0.006600196601600938,0.006600196601600938,0.006600196601600938,0.006600196601600938
2013-11-07,-0.0004185267857143016,-0.0004185267857143016,-0.0004185267857143016,-0.0004185267857143016,-0.0004185267857143016,-0.0004185267857143016,-0.0004185267857143016,-0.0004185267857143016,0.0004185267857143016,0.0004185267857143016,0.0004185267857143016,0.0004185267857143016,-0.0004185267857143016,-0.0004185267857143016,-0.0004185267857143016,-0.0004185267857143016
2013-11-08,0.021819027680856085,0.0,0.0,0.0,-0.021819027680856085,-0.021819027680856085,-0.021819027680856085,-0.021819027680856085,0.021819027680856085,0.021819027680856085,0.021819027680856085,0.021819027680856085,-0.021819027680856085,-0.021819027680856085,-0.021819027680856085,-0.021819027680856085
2013-11-11,0.005088937505945079,0.005088937505945079,0.005088937505945079,0.005088937505945079,0.005088937505945079,0.005088937505945079,0.005088937505945079,0.005088937505945079,-0.005088937505945079,-0.005088937505945079,-0.005088937505945079,-0.005088937505945079,0.005088937505945079,0.005088937505945079,0.005088937505945079,0.005088937505945079
2013-11-12,0.0280130601429045,0.0280130601429045,0.0280130601429045,0.0280130601429045,0.0280130601429045,0.0280130601429045,0.0280130601429045,0.0280130601429045,-0.0,-0.0,-0.0,-0.0,0.0280130601429045,0.0280130601429045,0.0280130601429045,0.0280130601429045
2013-11-13,-0.01666283084004616,-0.01666283084004616,-0.01666283084004616,-0.01666283084004616,-0.01666283084004616,-0.01666283084004616,-0.01666283084004616,-0.01666283084004616,0.01666283084004616,0.01666283084004616,0.01666283084004616,0.01666283084004616,-0.01666283084004616,-0.01666283084004616,-0.01666283084004616,-0.01666283084004616
2013-11-14,0.01947292046997151,0.01947292046997151,0.01947292046997151,0.0,-0.01947292046997151,-0.01947292046997151,-0.01947292046997151,-0.01947292046997151,0.0,0.0,0.0,0.0,-0.01947292046997151,-0.01947292046997151,-0.01947292046997151,-0.01947292046997151
2013-11-15,0.0016708836587577824,-0.0,-0.0,-0.0,-0.0,-0.0,-0.0,-0.0,0.0016708836587577824,0.0016708836587577824,-0.0,-0.0,0.0016708836587577824,0.0016708836587577824,0.0016708836587577824,0.0016708836587577824
2013-11-18,-0.03584024401868258,-0.03584024401868258,-0.03584024401868258,-0.03584024401868258,-0.03584024401868258,-0.03584024401868258,-0.03584024401868258,-0.03584024401868258,-0.03584024401868258,-0.03584024401868258,-0.03584024401868258,-0.03584024401868258,-0.03584024401868258,-0.03584024401868258,-0.03584024401868258,-0.03584024401868258
2013-11-19,0.0,0.0,0.0,0.0,-0.01487889273356413,-0.01487889273356413,-0.01487889273356413,-0.01487889273356413,-0.01487889273356413,-0.01487889273356413,-0.01487889273356413,-0.01487889273356413,-0.01487889273356413,-0.01487889273356413,-0.01487889273356413,-0.01487889273356413
2013-11-20,-0.010652817502132539,-0.010652817502132539,-0.010652817502132539,-0.010652817502132539,-0.010652817502132539,-0.010652817502132539,-0.010652817502132539,-0.010652817502132539,-0.010652817502132539,-0.010652817502132539,-0.010652817502132539,-0.010652817502132539,-0.010652817502132539,-0.010652817502132539,-0.010652817502132539,-0.010652817502132539
2013-11-21,-0.0026931484477625833,-0.0026931484477625833,-0.0026931484477625833,-0.0026931484477625833,-0.0026931484477625833,-0.0026931484477625833,-0.0026931484477625833,-0.0026931484477625833,-0.0026931484477625833,-0.0026931484477625833,-0.0026931484477625833,-0.0026931484477625833,-0.0026931484477625833,-0.0026931484477625833,-0.0026931484477625833,-0.0026931484477625833
2013-11-22,-0.025203930104355288,-0.025203930104355288,-0.025203930104355288,-0.025203930104355288,-0.025203930104355288,-0.025203930104355288,-0.025203930104355288,-0.025203930104355288,-0.025203930104355288,-0.025203930104355288,-0.025203930104355288,-0.025203930104355288,-0.025203930104355288,-0.025203930104355288,-0.025203930104355288,-0.025203930104355288
2013-11-25,0.006463898163606041,0.006463898163606041,0.006463898163606041,0.006463898163606041,0.006463898163606041,0.006463898163606041,0.006463898163606041,0.006463898163606041,0.006463898163606041,0.006463898163606041,0.006463898163606041,0.006463898163606041,0.006463898163606041,0.006463898163606041,0.006463898163606041,0.006463898163606041
2013-11-26,0.02155827056951365,0.02155827056951365,0.02155827056951365,0.02155827056951365,0.02155827056951365,0.02155827056951365,0.02155827056951365,0.02155827056951365,0.02155827056951365,0.02155827056951365,0.02155827056951365,0.02155827056951365,0.02155827056951365,0.02155827056951365,0.02155827056951365,0.02155827056951365
2013-11-27,-0.06083885568150671,-0.06083885568150671,-0.06083885568150671,-0.06083885568150671,-0.06083885568150671,-0.06083885568150671,-0.06083885568150671,-0.06083885568150671,-0.06083885568150671,-0.06083885568150671,-0.06083885568150671,-0.06083885568150671,-0.06083885568150671,-0.06083885568150671,-0.06083885568150671,-0.06083885568150671
2013-11-29,-0.01554395746887971,-0.01554395746887971,0.0,0.0,-0.01554395746887971,-0.01554395746887971,-0.01554395746887971,-0.01554395746887971,-0.01554395746887971,-0.01554395746887971,-0.01554395746887971,-0.01554395746887971,-0.01554395746887971,-0.01554395746887971,-0.01554395746887971,-0.01554395746887971
2013-12-02,0.030113439913067808,0.030113439913067808,0.030113439913067808,0.030113439913067808,0.030113439913067808,0.030113439913067808,0.030113439913067808,0.030113439913067808,0.030113439913067808,0.030113439913067808,0.030113439913067808,0.030113439913067808,0.030113439913067808,0.030113439913067808,0.030113439913067808,0.030113439913067808
2013-12-03,-0.0249922748244521,-0.0249922748244521,-0.0249922748244521,-0.0249922748244521,-0.0249922748244521,-0.0249922748244521,-0.0249922748244521,-0.0249922748244521,-0.0249922748244521,-0.0249922748244521,-0.0249922748244521,-0.0249922748244521,-0.0249922748244521,-0.0249922748244521,-0.0249922748244521,-0.0249922748244521
2013-12-04,-0.0002458922336303626,-0.0002458922336303626,-0.0002458922336303626,-0.0002458922336303626,-0.0002458922336303626,-0.0002458922336303626,-0.0002458922336303626,-0.0002458922336303626,-0.0002458922336303626,-0.0002458922336303626,-0.0002458922336303626,-0.0002458922336303626,-0.0002458922336303626,-0.0002458922336303626,-0.0002458922336303626,-0.0002458922336303626
2013-12-05,0.02539871667340754,0.02539871667340754,0.02539871667340754,0.02539871667340754,0.02539871667340754,0.02539871667340754,0.02539871667340754,0.02539871667340754,0.02539871667340754,0.02539871667340754,0.02539871667340754,0.02539871667340754,0.02539871667340754,0.02539871667340754,0.02539871667340754,0.02539871667340754
2013-12-06,0.037263670719421826,0.037263670719421826,0.037263670719421826,0.037263670719421826,0.037263670719421826,0.037263670719421826,0.037263670719421826,0.037263670719421826,0.037263670719421826,0.037263670719421826,0.037263670719421826,0.037263670719421826,0.037263670719421826,0.037263670719421826,0.037263670719421826,0.037263670719421826
2013-12-09,0.03546762589928065,0.03546762589928065,0.0,0.0,-0.03546762589928065,-0.03546762589928065,-0.03546762589928065,-0.03546762589928065,-0.03546762589928065,-0.03546762589928065,-0.03546762589928065,-0.03546762589928065,-0.03546762589928065,-0.03546762589928065,-0.03546762589928065,-0.03546762589928065
2013-12-10,0.009430041875779116,0.009430041875779116,0.009430041875779116,0.009430041875779116,-0.009430041875779116,-0.009430041875779116,0.0,0.0,-0.009430041875779116,-0.009430041875779116,-0.009430041875779116,-0.009430041875779116,-0.009430041875779116,-0.009430041875779116,-0.009430041875779116,-0.009430041875779116
2013-12-11,-0.0,-0.0,-0.0,-0.0,0.004759907060797763,0.004759907060797763,0.004759907060797763,0.004759907060797763,0.004759907060797763,0.004759907060797763,0.004759907060797763,0.004759907060797763,0.004759907060797763,0.004759907060797763,0.004759907060797763,0.004759907060797763
2013-12-12,-0.011840717723070604,-0.011840717723070604,-0.011840717723070604,-0.0,0.011840717723070604,0.011840717723070604,0.011840717723070604,0.011840717723070604,0.011840717723070604,0.011840717723070604,0.011840717723070604,0.011840717723070604,0.011840717723070604,0.011840717723070604,0.011840717723070604,0.011840717723070604
2013-12-13,0.007956619494775885,0.007956619494775885,0.007956619494775885,0.007956619494775885,-0.007956619494775885,-0.007956619494775885,-0.007956619494775885,-0.007956619494775885,-0.007956619494775885,-0.007956619494775885,-0.007956619494775885,-0.007956619494775885,-0.007956619494775885,-0.007956619494775885,-0.007956619494775885,-0.007956619494775885
2013-12-16,0.015102308541443232,0.0,0.0,0.0,0.015102308541443232,0.015102308541443232,0.015102308541443232,0.015102308541443232,-0.015102308541443232,-0.015102308541443232,-0.015102308541443232,-0.015102308541443232,-0.015102308541443232,-0.015102308541443232,-0.015102308541443232,-0.015102308541443232
2013-12-17,-0.017727097986344642,-0.017727097986344642,-0.017727097986344642,-0.017727097986344642,0.017727097986344642,0.017727097986344642,0.017727097986344642,0.017727097986344642,-0.017727097986344642,-0.017727097986344642,-0.017727097986344642,-0.017727097986344642,-0.017727097986344642,-0.017727097986344642,-0.017727097986344642,-0.017727097986344642
2013-12-18,0.0009756635338862285,0.0009756635338862285,0.0009756635338862285,-0.0,0.0009756635338862285,0.0009756635338862285,0.0009756635338862285,-0.0,0.0009756635338862285,0.0009756635338862285,0.0009756635338862285,0.0009756635338862285,0.0009756635338862285,0.0009756635338862285,0.0009756635338862285,0.0009756635338862285
2013-12-19,0.0025001101370105694,0.0025001101370105694,0.0025001101370105694,0.0025001101370105694,0.0025001101370105694,-0.0,-0.0,-0.0,0.0025001101370105694,0.0025001101370105694,0.0025001101370105694,0.0025001101370105694,0.0025001101370105694,0.0025001101370105694,0.0025001101370105694,0.0025001101370105694
2013-12-20,0.03189303802335686,0.03189303802335686,0.03189303802335686,0.03189303802335686,0.03189303802335686,-0.0,-0.0,-0.0,0.03189303802335686,0.03189303802335686,0.03189303802335686,0.03189303802335686,0.03189303802335686,0.03189303802335686,0.03189303802335686,0.03189303802335686
2013-12-23,0.001426655026297352,0.001426655026297352,0.001426655026297352,0.001426655026297352,0.001426655026297352,0.001426655026297352,0.001426655026297352,0.001426655026297352,0.001426655026297352,0.001426655026297352,0.001426655026297352,0.001426655026297352,0.001426655026297352,0.001426655026297352,0.001426655026297352,0.001426655026297352
2013-12-24,-0.0,-0.0,-0.0,-0.0,0.008547735487986374,0.008547735487986374,0.008547735487986374,0.008547735487986374,0.008547735487986374,0.008547735487986374,0.008547735487986374,0.008547735487986374,0.008547735487986374,0.008547735487986374,0.008547735487986374,0.008547735487986374
2013-12-26,0.0273075139146568,0.0273075139146568,0.0273075139146568,0.0,0.0,0.0,0.0,0.0,-0.0273075139146568,-0.0273075139146568,-0.0273075139146568,0.0,-0.0273075139146568,-0.0273075139146568,-0.0273075139146568,-0.0273075139146568
2013-12-27,-0.025646583255214184,-0.025646583255214184,-0.025646583255214184,-0.025646583255214184,-0.025646583255214184,-0.025646583255214184,-0.025646583255214184,-0.025646583255214184,0.025646583255214184,0.025646583255214184,0.025646583255214184,-0.0,0.025646583255214184,0.025646583255214184,0.025646583255214184,0.025646583255214184
2013-12-30,-0.03776415891800511,-0.03776415891800511,-0.03776415891800511,-0.0,0.03776415891800511,0.03776415891800511,-0.0,-0.0,0.03776415891800511,0.03776415891800511,0.03776415891800511,0.03776415891800511,0.03776415891800511,0.03776415891800511,0.03776415891800511,0.03776415891800511
2013-12-31,0.007733113405420933,0.007733113405420933,0.007733113405420933,0.007733113405420933,0.0,0.0,0.0,0.0,0.007733113405420933,0.007733113405420933,0.007733113405420933,0.007733113405420933,-0.007733113405420933,-0.007733113405420933,-0.007733113405420933,-0.007733113405420933
2014-01-02,-0.005500002565299589,-0.005500002565299589,-0.005500002565299589,-0.005500002565299589,-0.005500002565299589,-0.005500002565299589,-0.005500002565299589,-0.005500002565299589,-0.005500002565299589,-0.005500002565299589,-0.005500002565299589,-0.005500002565299589,0.005500002565299589,0.005500002565299589,0.005500002565299589,0.005500002565299589
2014-01-03,0.0009133538455257106,0.0009133538455257106,0.0009133538455257106,0.0009133538455257106,0.0009133538455257106,0.0009133538455257106,0.0009133538455257106,0.0009133538455257106,0.0009133538455257106,0.0009133538455257106,0.0009133538455257106,0.0009133538455257106,-0.0009133538455257106,-0.0009133538455257106,-0.0009133538455257106,-0.0009133538455257106
2014-01-06,0.014141837162031101,0.014141837162031101,0.014141837162031101,0.014141837162031101,0.014141837162031101,0.014141837162031101,0.014141837162031101,0.014141837162031101,0.014141837162031101,0.014141837162031101,0.014141837162031101,0.014141837162031101,-0.014141837162031101,-0.014141837162031101,-0.014141837162031101,-0.014141837162031101
2014-01-07,0.015266819662959175,0.015266819662959175,0.015266819662959175,0.015266819662959175,0.015266819662959175,0.015266819662959175,0.015266819662959175,0.015266819662959175,0.015266819662959175,0.015266819662959175,0.015266819662959175,0.015266819662959175,-0.015266819662959175,-0.015266819662959175,-0.015266819662959175,-0.015266819662959175
2014-01-08,-0.03336384583819951,-0.03336384583819951,-0.03336384583819951,-0.0,-0.03336384583819951,-0.03336384583819951,-0.03336384583819951,-0.03336384583819951,-0.03336384583819951,-0.03336384583819951,-0.03336384583819951,-0.03336384583819951,0.03336384583819951,0.03336384583819951,0.03336384583819951,0.03336384583819951
2014-01-09,0.03045390677500137,0.03045390677500137,0.03045390677500137,0.03045390677500137,-0.03045390677500137,-0.03045390677500137,-0.0,-0.0,0.03045390677500137,0.03045390677500137,0.03045390677500137,0.03045390677500137,0.03045390677500137,0.03045390677500137,0.03045390677500137,0.03045390677500137
2014-01-10,0.024702336841065153,0.0,0.0,0.0,0.024702336841065153,0.024702336841065153,0.024702336841065153,0.024702336841065153,0.024702336841065153,0.024702336841065153,0.024702336841065153,0.024702336841065153,-0.024702336841065153,-0.024702336841065153,-0.024702336841065153,-0.024702336841065153
2014-01-13,-0.013119902740489353,-0.013119902740489353,-0.013119902740489353,-0.013119902740489353,-0.013119902740489353,-0.013119902740489353,-0.013119902740489353,-0.013119902740489353,-0.013119902740489353,-0.013119902740489353,-0.013119902740489353,-0.013119902740489353,0.013119902740489353,0.013119902740489353,0.013119902740489353,-0.0
2014-01-14,-0.010299999999999976,-0.0,-0.0,-0.0,-0.010299999999999976,-0.010299999999999976,-0.010299999999999976,-0.010299999999999976,-0.010299999999999976,-0.010299999999999976,-0.010299999999999976,-0.010299999999999976,0.010299999999999976,0.010299999999999976,0.010299999999999976,0.010299999999999976
2014-01-15,-0.0304859942591309,-0.0304859942591309,-0.0304859942591309,-0.0304859942591309,-0.0304859942591309,-0.0304859942591309,-0.0304859942591309,-0.0304859942591309,-0.0304859942591309,-0.0304859942591309,-0.0304859942591309,-0.0304859942591309,0.0304859942591309,0.0304859942591309,0.0304859942591309,0.0304859942591309
2014-01-16,-0.016713091922005763,-0.016713091922005763,-0.016713091922005763,-0.016713091922005763,-0.016713091922005763,-0.016713091922005763,-0.016713091922005763,-0.016713091922005763,-0.016713091922005763,-0.016713091922005763,-0.016713091922005763,-0.016713091922005763,0.016713091922005763,0.016713091922005763,0.016713091922005763,0.016713091922005763
2014-01-17,0.024468587623996285,0.024468587623996285,0.024468587623996285,0.024468587623996285,0.024468587623996285,0.024468587623996285,0.024468587623996285,0.024468587623996285,0.024468587623996285,0.024468587623996285,0.024468587623996285,0.024468587623996285,-0.024468587623996285,-0.024468587623996285,-0.024468587623996285,-0.024468587623996285
2014-01-21,-0.025082316482665235,-0.025082316482665235,-0.025082316482665235,-0.025082316482665235,-0.025082316482665235,-0.025082316482665235,-0.025082316482665235,-0.025082316482665235,-0.025082316482665235,-0.025082316482665235,-0.025082316482665235,-0.025082316482665235,0.025082316482665235,0.025082316482665235,0.025082316482665235,0.025082316482665235
2014-01-22,0.0008502598016060237,0.0008502598016060237,0.0008502598016060237,0.0008502598016060237,0.0008502598016060237,0.0008502598016060237,0.0008502598016060237,0.0008502598016060237,0.0008502598016060237,0.0008502598016060237,0.0008502598016060237,0.0008502598016060237,-0.0008502598016060237,-0.0008502598016060237,-0.0008502598016060237,-0.0008502598016060237
2014-01-23,0.03290468986384276,0.03290468986384276,0.03290468986384276,0.03290468986384276,0.03290468986384276,0.03290468986384276,0.03290468986384276,0.03290468986384276,0.03290468986384276,0.03290468986384276,0.03290468986384276,0.03290468986384276,-0.03290468986384276,-0.03290468986384276,-0.03290468986384276,-0.03290468986384276
2014-01-24,-0.02009190457567467,-0.02009190457567467,-0.02009190457567467,-0.02009190457567467,-0.02009190457567467,-0.02009190457567467,-0.02009190457567467,-0.02009190457567467,-0.02009190457567467,-0.02009190457567467,-0.02009190457567467,-0.02009190457567467,0.02009190457567467,0.02009190457567467,0.02009190457567467,0.02009190457567467
2014-01-27,0.028657689174294232,0.028657689174294232,0.028657689174294232,-0.0,-0.028657689174294232,-0.028657689174294232,-0.028657689174294232,-0.028657689174294232,-0.028657689174294232,-0.028657689174294232,-0.028657689174294232,-0.028657689174294232,0.028657689174294232,0.028657689174294232,0.028657689174294232,0.028657689174294232
2014-01-28,-0.02287444677381778,-0.02287444677381778,0.0,0.0,0.02287444677381778,0.02287444677381778,0.02287444677381778,0.02287444677381778,0.02287444677381778,0.02287444677381778,0.02287444677381778,0.02287444677381778,-0.02287444677381778,-0.02287444677381778,-0.02287444677381778,-0.02287444677381778
2014-01-29,0.000429102698579209,0.000429102698579209,0.000429102698579209,0.000429102698579209,0.000429102698579209,0.000429102698579209,0.000429102698579209,0.000429102698579209,0.000429102698579209,0.000429102698579209,0.000429102698579209,0.000429102698579209,-0.000429102698579209,-0.000429102698579209,-0.000429102698579209,-0.000429102698579209
2014-01-30,-0.006200810875268248,0.0,0.0,0.0,0.006200810875268248,0.006200810875268248,0.006200810875268248,0.006200810875268248,0.006200810875268248,0.006200810875268248,0.006200810875268248,0.006200810875268248,-0.006200810875268248,-0.006200810875268248,-0.006200810875268248,0.0
2014-01-31,0.010943124550035987,-0.0,-0.0,-0.0,-0.010943124550035987,-0.010943124550035987,-0.010943124550035987,-0.010943124550035987,-0.010943124550035987,-0.010943124550035987,-0.010943124550035987,-0.010943124550035987,0.010943124550035987,0.010943124550035987,0.010943124550035987,0.010943124550035987
2014-02-03,0.015667283862697556,0.015667283862697556,0.015667283862697556,0.0,0.0,0.0,0.0,0.0,0.015667283862697556,0.015667283862697556,0.015667283862697556,0.015667283862697556,-0.015667283862697556,-0.015667283862697556,-0.015667283862697556,-0.015667283862697556
2014-02-04,0.0017363623209376566,0.0,0.0,0.0,-0.0017363623209376566,0.0,0.0,0.0,0.0017363623209376566,0.0017363623209376566,0.0017363623209376566,0.0017363623209376566,-0.0017363623209376566,-0.0017363623209376566,-0.0017363623209376566,-0.0017363623209376566
2014-02-05,0.03150215007005852,0.03150215007005852,0.03150215007005852,0.03150215007005852,-0.0,-0.0,-0.0,-0.0,-0.03150215007005852,-0.03150215007005852,-0.03150215007005852,-0.03150215007005852,0.03150215007005852,0.03150215007005852,0.03150215007005852,0.03150215007005852
2014-02-06,0.033256827017658974,0.033256827017658974,-0.0,-0.0,0.033256827017658974,0.033256827017658974,0.033256827017658974,0.033256827017658974,-0.033256827017658974,-0.033256827017658974,-0.033256827017658974,-0.033256827017658974,0.033256827017658974,0.033256827017658974,0.033256827017658974,0.033256827017658974
2014-02-07,-0.03785303050908917,-0.03785303050908917,-0.03785303050908917,-0.0,-0.03785303050908917,-0.0,-0.0,-0.0,-0.03785303050908917,-0.03785303050908917,-0.03785303050908917,-0.03785303050908917,0.03785303050908917,-0.0,-0.0,-0.0
2014-02-10,0.034332139425176766,0.034332139425176766,0.034332139425176766,0.034332139425176766,0.034332139425176766,0.034332139425176766,0.034332139425176766,0.034332139425176766,0.034332139425176766,0.034332139425176766,0.034332139425176766,0.034332139425176766,0.034332139425176766,0.034332139425176766,0.034332139425176766,0.034332139425176766
2014-02-11,-0.04527772751945003,-0.04527772751945003,-0.04527772751945003,-0.04527772751945003,-0.04527772751945003,-0.04527772751945003,-0.04527772751945003,-0.04527772751945003,-0.04527772751945003,-0.04527772751945003,-0.04527772751945003,-0.04527772751945003,-0.04527772751945003,-0.04527772751945003,-0.04527772751945003,-0.04527772751945003
2014-02-12,-0.018520922584274402,-0.018520922584274402,-0.018520922584274402,-0.018520922584274402,-0.018520922584274402,-0.018520922584274402,-0.018520922584274402,-0.018520922584274402,-0.018520922584274402,-0.018520922584274402,-0.018520922584274402,-0.018520922584274402,-0.018520922584274402,-0.018520922584274402,-0.018520922584274402,-0.0
2014-02-13,-0.0034413901516761047,-0.0034413901516761047,-0.0034413901516761047,-0.0034413901516761047,-0.0034413901516761047,-0.0034413901516761047,-0.0034413901516761047,-0.0034413901516761047,-0.0034413901516761047,-0.0034413901516761047,-0.0034413901516761047,-0.0034413901516761047,-0.0034413901516761047,-0.0034413901516761047,-0.0034413901516761047,-0.0034413901516761047
2014-02-14,0.02874925903971537,0.02874925903971537,0.02874925903971537,0.02874925903971537,0.02874925903971537,0.02874925903971537,0.02874925903971537,0.02874925903971537,0.02874925903971537,0.02874925903971537,0.02874925903971537,0.02874925903971537,0.02874925903971537,0.02874925903971537,0.02874925903971537,0.02874925903971537
2014-02-18,-0.03853698940668737,-0.03853698940668737,-0.03853698940668737,-0.03853698940668737,-0.03853698940668737,-0.03853698940668737,-0.03853698940668737,-0.03853698940668737,-0.03853698940668737,-0.03853698940668737,-0.03853698940668737,-0.03853698940668737,-0.03853698940668737,-0.03853698940668737,-0.03853698940668737,-0.03853698940668737
2014-02-19,0.0,0.0,0.0,0.0,0.004869244007891571,0.004869244007891571,0.004869244007891571,0.004869244007891571,0.004869244007891571,0.004869244007891571,0.004869244007891571,0.004869244007891571,0.004869244007891571,0.004869244007891571,0.004869244007891571,0.004869244007891571
2014-02-20,-0.006580334922174913,-0.006580334922174913,-0.006580334922174913,-0.006580334922174913,-0.006580334922174913,-0.006580334922174913,-0.006580334922174913,-0.006580334922174913,-0.006580334922174913,-0.006580334922174913,-0.006580334922174913,-0.006580334922174913,-0.006580334922174913,-0.006580334922174913,-0.006580334922174913,-0.006580334922174913
2014-02-21,0.013284163768176649,0.013284163768176649,0.013284163768176649,0.013284163768176649,0.013284163768176649,0.013284163768176649,0.013284163768176649,0.013284163768176649,0.013284163768176649,0.013284163768176649,0.013284163768176649,0.013284163768176649,0.013284163768176649,0.013284163768176649,0.013284163768176649,0.013284163768176649
2014-02-24,0.011381975707126513,0.011381975707126513,0.0,0.0,0.011381975707126513,0.011381975707126513,0.011381975707126513,0.011381975707126513,0.011381975707126513,0.011381975707126513,0.011381975707126513,0.011381975707126513,0.011381975707126513,0.011381975707126513,0.011381975707126513,0.011381975707126513
2014-02-25,0.0,0.0,0.0,0.0,0.003436721367815032,0.003436721367815032,0.003436721367815032,0.003436721367815032,0.003436721367815032,0.003436721367815032,0.003436721367815032,0.003436721367815032,0.003436721367815032,0.003436721367815032,0.003436721367815032,0.003436721367815032
2014-02-26,0.003103715837572185,0.003103715837572185,0.0,0.0,0.003103715837572185,0.003103715837572185,0.003103715837572185,0.0,0.003103715837572185,0.003103715837572185,0.003103715837572185,0.003103715837572185,0.003103715837572185,0.003103715837572185,0.003103715837572185,0.003103715837572185
2014-02-27,0.016647928738216633,0.016647928738216633,0.016647928738216633,0.016647928738216633,-0.016647928738216633,-0.016647928738216633,-0.016647928738216633,-0.016647928738216633,-0.016647928738216633,-0.016647928738216633,-0.016647928738216633,-0.016647928738216633,-0.016647928738216633,-0.016647928738216633,-0.016647928738216633,-0.016647928738216633
2014-02-28,-0.008379056611798719,-0.008379056611798719,-0.008379056611798719,-0.008379056611798719,0.0,0.0,0.0,0.0,0.008379056611798719,0.008379056611798719,0.008379056611798719,0.008379056611798719,0.008379056611798719,0.008379056611798719,0.008379056611798719,0.008379056611798719
2014-03-03,0.01531268765548588,0.01531268765548588,-0.0,-0.0,-0.0,-0.0,-0.0,-0.0,-0.01531268765548588,-0.01531268765548588,-0.01531268765548588,-0.01531268765548588,-0.01531268765548588,-0.01531268765548588,-0.01531268765548588,-0.01531268765548588
2014-03-04,0.011321870643403287,-0.0,-0.0,-0.0,0.011321870643403287,0.011321870643403287,-0.0,-0.0,-0.011321870643403287,-0.011321870643403287,-0.011321870643403287,-0.011321870643403287,-0.011321870643403287,-0.011321870643403287,-0.011321870643403287,-0.011321870643403287
2014-03-05,0.02239024186473959,0.02239024186473959,0.02239024186473959,0.0,0.02239024186473959,0.02239024186473959,0.02239024186473959,0.02239024186473959,0.02239024186473959,0.02239024186473959,0.02239024186473959,0.02239024186473959,0.02239024186473959,0.02239024186473959,0.02239024186473959,0.02239024186473959
2014-03-06,0.008374994658804313,0.008374994658804313,0.008374994658804313,0.008374994658804313,0.0,0.0,0.0,0.0,0.008374994658804313,0.008374994658804313,0.008374994658804313,0.008374994658804313,0.008374994658804313,0.008374994658804313,0.008374994658804313,0.008374994658804313
2014-03-07,-0.005386305855991758,-0.005386305855991758,-0.0,-0.0,0.005386305855991758,0.005386305855991758,-0.0,-0.0,-0.005386305855991758,-0.005386305855991758,-0.005386305855991758,-0.005386305855991758,-0.005386305855991758,-0.005386305855991758,-0.005386305855991758,-0.005386305855991758
2014-03-10,0.030258871935539222,0.030258871935539222,-0.0,-0.0,0.030258871935539222,0.030258871935539222,0.030258871935539222,0.030258871935539222,-0.030258871935539222,-0.030258871935539222,-0.030258871935539222,-0.030258871935539222,-0.030258871935539222,-0.030258871935539222,-0.030258871935539222,-0.030258871935539222
2014-03-11,-0.0,-0.0,-0.0,-0.0,0.026374906398202835,-0.0,-0.0,-0.0,-0.026374906398202835,-0.026374906398202835,-0.026374906398202835,-0.026374906398202835,-0.026374906398202835,-0.026374906398202835,-0.026374906398202835,-0.026374906398202835
2014-03-12,-0.0036073281452657646,-0.0036073281452657646,-0.0036073281452657646,-0.0,-0.0036073281452657646,-0.0036073281452657646,-0.0036073281452657646,-0.0036073281452657646,-0.0036073281452657646,-0.0036073281452657646,-0.0036073281452657646,-0.0036073281452657646,-0.0036073281452657646,-0.0036073281452657646,-0.0036073281452657646,-0.0036073281452657646
2014-03-13,0.03283389200759257,0.03283389200759257,0.03283389200759257,0.03283389200759257,0.03283389200759257,0.03283389200759257,0.03283389200759257,0.03283389200759257,0.03283389200759257,0.03283389200759257,0.03283389200759257,0.03283389200759257,0.03283389200759257,0.03283389200759257,0.03283389200759257,0.03283389200759257
2014-03-14,0.013779856355436881,0.013779856355436881,0.013779856355436881,0.013779856355436881,0.013779856355436881,0.013779856355436881,0.013779856355436881,0.013779856355436881,0.013779856355436881,0.013779856355436881,0.013779856355436881,0.013779856355436881,0.013779856355436881,0.013779856355436881,0.013779856355436881,0.013779856355436881
2014-03-17,0.037259717164874195,0.037259717164874195,0.037259717164874195,0.037259717164874195,0.037259717164874195,0.037259717164874195,0.037259717164874195,0.0,0.037259717164874195,0.037259717164874195,0.037259717164874195,0.0,0.037259717164874195,0.037259717164874195,0.037259717164874195,0.037259717164874195
2014-03-18,-0.0005717301433723065,-0.0005717301433723065,-0.0,-0.0,-0.0005717301433723065,-0.0005717301433723065,-0.0,-0.0,-0.0,-0.0,-0.0,-0.0,-0.0005717301433723065,-0.0005717301433723065,-0.0005717301433723065,-0.0005717301433723065
2014-03-19,0.0019779350358224423,0.0019779350358224423,0.0019779350358224423,0.0019779350358224423,0.0019779350358224423,0.0019779350358224423,0.0019779350358224423,0.0019779350358224423,0.0019779350358224423,-0.0,-0.0,-0.0,-0.0019779350358224423,-0.0019779350358224423,-0.0019779350358224423,-0.0019779350358224423
2014-03-20,-0.04680645727320587,-0.04680645727320587,-0.04680645727320587,-0.04680645727320587,-0.04680645727320587,-0.04680645727320587,-0.04680645727320587,-0.04680645727320587,-0.04680645727320587,-0.04680645727320587,-0.04680645727320587,-0.04680645727320587,0.04680645727320587,0.04680645727320587,0.04680645727320587,0.04680645727320587
2014-03-21,0.005936766533204629,0.005936766533204629,0.005936766533204629,0.005936766533204629,0.005936766533204629,0.005936766533204629,0.005936766533204629,0.005936766533204629,0.005936766533204629,0.005936766533204629,0.005936766533204629,0.005936766533204629,-0.005936766533204629,-0.005936766533204629,-0.005936766533204629,-0.005936766533204629
2014-03-24,-0.039619361332235314,-0.039619361332235314,-0.039619361332235314,-0.039619361332235314,-0.039619361332235314,-0.039619361332235314,-0.039619361332235314,-0.039619361332235314,-0.039619361332235314,-0.039619361332235314,-0.039619361332235314,-0.039619361332235314,0.039619361332235314,0.039619361332235314,0.039619361332235314,0.039619361332235314
2014-03-25,0.013195503048780477,0.013195503048780477,0.013195503048780477,0.013195503048780477,0.013195503048780477,0.013195503048780477,0.013195503048780477,0.013195503048780477,0.013195503048780477,0.013195503048780477,0.013195503048780477,0.013195503048780477,-0.013195503048780477,-0.013195503048780477,-0.013195503048780477,-0.013195503048780477
2014-03-26,0.012177347312990694,0.012177347312990694,0.012177347312990694,0.012177347312990694,0.012177347312990694,0.012177347312990694,0.012177347312990694,0.012177347312990694,0.012177347312990694,0.012177347312990694,0.012177347312990694,0.012177347312990694,-0.012177347312990694,-0.012177347312990694,-0.012177347312990694,-0.012177347312990694
2014-03-27,-0.020345596432552848,-0.020345596432552848,-0.020345596432552848,-0.020345596432552848,-0.020345596432552848,-0.020345596432552848,-0.020345596432552848,-0.020345596432552848,-0.020345596432552848,-0.020345596432552848,-0.020345596432552848,-0.020345596432552848,0.020345596432552848,0.020345596432552848,0.020345596432552848,0.020345596432552848
2014-03-28,0.003603603603603567,0.003603603603603567,0.003603603603603567,0.003603603603603567,0.003603603603603567,0.003603603603603567,0.003603603603603567,0.003603603603603567,0.003603603603603567,0.003603603603603567,0.003603603603603567,0.003603603603603567,-0.003603603603603567,-0.003603603603603567,-0.003603603603603567,-0.003603603603603567
2014-03-31,0.024236983842010673,0.024236983842010673,0.024236983842010673,0.024236983842010673,0.024236983842010673,0.024236983842010673,0.024236983842010673,0.024236983842010673,0.024236983842010673,0.024236983842010673,0.024236983842010673,0.024236983842010673,-0.024236983842010673,-0.024236983842010673,-0.024236983842010673,-0.024236983842010673
2014-04-01,-0.008026200470501399,-0.008026200470501399,-0.008026200470501399,-0.008026200470501399,-0.008026200470501399,-0.008026200470501399,-0.008026200470501399,-0.008026200470501399,-0.008026200470501399,-0.008026200470501399,-0.008026200470501399,-0.008026200470501399,0.008026200470501399,0.008026200470501399,0.008026200470501399,0.008026200470501399
2014-04-02,-0.007672634271099765,-0.007672634271099765,-0.007672634271099765,-0.007672634271099765,0.007672634271099765,0.007672634271099765,0.007672634271099765,0.007672634271099765,0.007672634271099765,0.007672634271099765,0.007672634271099765,0.007672634271099765,-0.007672634271099765,-0.007672634271099765,-0.007672634271099765,-0.007672634271099765
2014-04-03,-0.0010613751730503829,-0.0010613751730503829,-0.0,-0.0,0.0010613751730503829,0.0010613751730503829,0.0010613751730503829,0.0010613751730503829,0.0010613751730503829,0.0010613751730503829,0.0010613751730503829,0.0010613751730503829,-0.0010613751730503829,-0.0010613751730503829,-0.0010613751730503829,-0.0010613751730503829
2014-04-04,-0.024293550915041706,-0.0,-0.0,-0.0,0.024293550915041706,0.024293550915041706,0.024293550915041706,0.024293550915041706,0.024293550915041706,0.024293550915041706,0.024293550915041706,0.024293550915041706,-0.024293550915041706,-0.024293550915041706,-0.024293550915041706,-0.024293550915041706
2014-04-07,-0.007425742574257654,-0.007425742574257654,-0.007425742574257654,-0.007425742574257654,-0.0,-0.0,-0.0,-0.0,0.007425742574257654,0.007425742574257654,0.007425742574257654,0.007425742574257654,-0.007425742574257654,-0.007425742574257654,-0.007425742574257654,-0.007425742574257654
2014-04-08,0.019566674112128757,0.019566674112128757,0.019566674112128757,0.019566674112128757,0.019566674112128757,0.019566674112128757,0.019566674112128757,0.0,-0.019566674112128757,-0.019566674112128757,-0.019566674112128757,-0.019566674112128757,0.019566674112128757,0.019566674112128757,0.019566674112128757,0.019566674112128757
2014-04-09,0.014216065977126657,0.014216065977126657,0.014216065977126657,0.014216065977126657,0.014216065977126657,0.014216065977126657,0.014216065977126657,0.014216065977126657,-0.014216065977126657,-0.014216065977126657,-0.014216065977126657,-0.014216065977126657,0.014216065977126657,0.014216065977126657,0.014216065977126657,0.014216065977126657
2014-04-10,-0.011740235729142512,-0.011740235729142512,-0.011740235729142512,-0.011740235729142512,-0.011740235729142512,-0.011740235729142512,-0.011740235729142512,-0.011740235729142512,0.011740235729142512,0.011740235729142512,0.011740235729142512,0.011740235729142512,-0.011740235729142512,-0.011740235729142512,-0.011740235729142512,-0.011740235729142512
2014-04-11,0.0,0.0,0.0,0.0,0.0,0.0,0.0,0.0,-0.020192790899538626,-0.020192790899538626,-0.020192790899538626,-0.020192790899538626,0.020192790899538626,0.020192790899538626,0.020192790899538626,0.020192790899538626
2014-04-14,0.009558446402760268,0.0,0.0,0.0,0.009558446402760268,0.009558446402760268,0.009558446402760268,0.009558446402760268,-0.009558446402760268,-0.009558446402760268,-0.009558446402760268,-0.009558446402760268,0.009558446402760268,0.009558446402760268,0.009558446402760268,0.009558446402760268
2014-04-15,-0.009697768571697574,-0.009697768571697574,-0.009697768571697574,-0.009697768571697574,0.009697768571697574,0.009697768571697574,0.0,0.0,-0.009697768571697574,-0.009697768571697574,-0.009697768571697574,-0.009697768571697574,0.009697768571697574,0.009697768571697574,0.009697768571697574,0.009697768571697574
2014-04-16,-0.002091652405400324,-0.002091652405400324,-0.002091652405400324,-0.002091652405400324,-0.002091652405400324,-0.002091652405400324,-0.002091652405400324,-0.002091652405400324,-0.002091652405400324,-0.002091652405400324,-0.002091652405400324,-0.002091652405400324,0.0,0.0,0.0,0.0
2014-04-17,0.012766768292682862,0.012766768292682862,0.012766768292682862,0.012766768292682862,0.012766768292682862,0.012766768292682862,0.012766768292682862,0.012766768292682862,0.012766768292682862,0.012766768292682862,0.012766768292682862,0.012766768292682862,-0.012766768292682862,-0.012766768292682862,-0.012766768292682862,-0.0
2014-04-21,0.01970837253057378,0.01970837253057378,0.01970837253057378,0.01970837253057378,0.01970837253057378,0.01970837253057378,0.01970837253057378,0.01970837253057378,0.01970837253057378,0.01970837253057378,0.01970837253057378,0.01970837253057378,0.01970837253057378,-0.0,-0.0,-0.0
2014-04-22,-0.013976659440010919,-0.013976659440010919,-0.013976659440010919,-0.013976659440010919,-0.013976659440010919,-0.013976659440010919,-0.013976659440010919,0.0,-0.013976659440010919,-0.013976659440010919,-0.013976659440010919,-0.013976659440010919,0.013976659440010919,0.0,0.0,0.0
2014-04-23,-0.022548652694610816,-0.022548652694610816,-0.0,-0.0,0.022548652694610816,0.022548652694610816,0.022548652694610816,0.022548652694610816,0.022548652694610816,-0.0,-0.0,-0.0,-0.022548652694610816,-0.022548652694610816,-0.022548652694610816,-0.022548652694610816
2014-04-24,0.018803184188855404,0.0,0.0,0.0,-0.018803184188855404,-0.018803184188855404,-0.018803184188855404,-0.018803184188855404,0.018803184188855404,0.018803184188855404,0.018803184188855404,0.0,0.018803184188855404,0.018803184188855404,0.018803184188855404,0.018803184188855404
2014-04-25,-0.012495920175315867,-0.012495920175315867,-0.012495920175315867,-0.012495920175315867,-0.0,-0.0,-0.0,-0.0,-0.012495920175315867,-0.012495920175315867,-0.012495920175315867,-0.012495920175315867,-0.012495920175315867,-0.012495920175315867,-0.012495920175315867,-0.0
2014-04-28,0.008243149896384971,0.008243149896384971,0.008243149896384971,0.008243149896384971,-0.008243149896384971,0.0,0.0,0.0,0.0,0.0,0.0,0.0,0.008243149896384971,0.008243149896384971,0.008243149896384971,0.008243149896384971
2014-04-29,0.01202637444279353,0.01202637444279353,0.01202637444279353,0.01202637444279353,-0.01202637444279353,0.0,0.0,0.0,0.01202637444279353,0.01202637444279353,0.01202637444279353,0.01202637444279353,0.01202637444279353,0.01202637444279353,0.01202637444279353,0.01202637444279353
2014-04-30,0.021854584762889484,-0.0,-0.0,-0.0,-0.0,-0.0,-0.0,-0.0,-0.021854584762889484,-0.021854584762889484,-0.021854584762889484,-0.0,-0.021854584762889484,-0.021854584762889484,-0.021854584762889484,-0.021854584762889484
2014-05-01,-0.0,-0.0,-0.0,-0.0,-0.0,-0.0,-0.0,-0.0,0.0034955385889063884,0.0034955385889063884,0.0034955385889063884,-0.0,-0.0034955385889063884,-0.0034955385889063884,-0.0,-0.0
2014-05-02,-0.005958382986524957,0.0,0.0,0.0,0.005958382986524957,0.005958382986524957,0.005958382986524957,0.005958382986524957,0.005958382986524957,0.005958382986524957,0.0,0.0,0.005958382986524957,0.005958382986524957,0.005958382986524957,0.005958382986524957
2014-05-05,0.01931943932128366,0.01931943932128366,0.01931943932128366,0.0,0.01931943932128366,0.01931943932128366,0.01931943932128366,0.01931943932128366,0.01931943932128366,0.0,0.0,0.0,0.01931943932128366,0.01931943932128366,0.01931943932128366,0.01931943932128366
2014-05-06,0.0,0.0,0.0,0.0,0.0016926042597206203,0.0016926042597206203,0.0016926042597206203,0.0016926042597206203,0.0,0.0,0.0,0.0,0.0016926042597206203,0.0016926042597206203,0.0016926042597206203,0.0
2014-05-07,-0.0012716055197099507,-0.0012716055197099507,0.0,0.0,-0.0012716055197099507,-0.0012716055197099507,-0.0012716055197099507,0.0,-0.0012716055197099507,-0.0012716055197099507,-0.0012716055197099507,-0.0012716055197099507,-0.0012716055197099507,-0.0012716055197099507,-0.0012716055197099507,-0.0012716055197099507
2014-05-08,-0.0,-0.0,-0.0,-0.0,0.008488163727246922,-0.0,-0.0,-0.0,0.008488163727246922,0.008488163727246922,0.008488163727246922,0.008488163727246922,0.008488163727246922,0.008488163727246922,0.008488163727246922,0.008488163727246922
2014-05-09,-0.007995885158514904,-0.007995885158514904,-0.007995885158514904,-0.007995885158514904,-0.007995885158514904,-0.007995885158514904,-0.007995885158514904,-0.007995885158514904,-0.007995885158514904,-0.007995885158514904,-0.007995885158514904,-0.007995885158514904,-0.007995885158514904,-0.007995885158514904,-0.007995885158514904,-0.007995885158514904
2014-05-12,0.012632571293895944,0.012632571293895944,0.012632571293895944,-0.0,-0.0,-0.0,-0.0,-0.0,0.012632571293895944,0.012632571293895944,-0.0,-0.0,0.012632571293895944,0.012632571293895944,0.012632571293895944,0.012632571293895944
2014-05-13,-0.01768840478517897,-0.01768840478517897,-0.01768840478517897,-0.01768840478517897,-0.01768840478517897,-0.01768840478517897,-0.01768840478517897,-0.01768840478517897,-0.01768840478517897,-0.01768840478517897,-0.01768840478517897,-0.01768840478517897,-0.01768840478517897,-0.01768840478517897,-0.01768840478517897,-0.01768840478517897
2014-05-14,0.009098232478794488,0.009098232478794488,0.0,0.0,0.0,0.0,0.0,0.0,0.0,0.0,0.0,0.0,-0.009098232478794488,-0.009098232478794488,-0.009098232478794488,-0.009098232478794488
2014-05-15,0.0004303954856295089,-0.0,-0.0,-0.0,0.0004303954856295089,-0.0,-0.0,-0.0,0.0004303954856295089,-0.0,-0.0,-0.0,0.0004303954856295089,0.0004303954856295089,0.0004303954856295089,0.0004303954856295089
2014-05-16,-0.0021510516252390977,-0.0021510516252390977,0.0,0.0,-0.0021510516252390977,-0.0021510516252390977,-0.0021510516252390977,-0.0021510516252390977,-0.0021510516252390977,0.0,0.0,0.0,-0.0021510516252390977,-0.0021510516252390977,-0.0021510516252390977,-0.0021510516252390977
2014-05-19,0.004742514970059952,0.004742514970059952,0.004742514970059952,0.004742514970059952,0.004742514970059952,0.004742514970059952,0.004742514970059952,0.004742514970059952,-0.0,-0.0,-0.0,-0.0,0.004742514970059952,0.004742514970059952,0.004742514970059952,0.004742514970059952
2014-05-20,-0.003003718890054352,-0.003003718890054352,-0.003003718890054352,0.0,-0.003003718890054352,-0.003003718890054352,-0.003003718890054352,-0.003003718890054352,-0.003003718890054352,-0.003003718890054352,-0.003003718890054352,0.0,-0.003003718890054352,-0.003003718890054352,-0.003003718890054352,-0.003003718890054352
2014-05-21,-0.004256133135670304,-0.004256133135670304,-0.004256133135670304,-0.004256133135670304,-0.004256133135670304,-0.004256133135670304,0.0,0.0,-0.004256133135670304,-0.004256133135670304,-0.004256133135670304,-0.004256133135670304,-0.004256133135670304,-0.004256133135670304,-0.004256133135670304,-0.004256133135670304
2014-05-22,-0.03774853520315036,0.0,0.0,0.0,-0.03774853520315036,-0.03774853520315036,-0.03774853520315036,0.0,-0.03774853520315036,-0.03774853520315036,-0.03774853520315036,-0.03774853520315036,-0.03774853520315036,-0.03774853520315036,-0.03774853520315036,-0.03774853520315036
2014-05-23,0.0,0.0,0.0,0.0,-0.016949490916350562,-0.016949490916350562,-0.016949490916350562,0.0,-0.016949490916350562,-0.016949490916350562,-0.016949490916350562,-0.016949490916350562,-0.016949490916350562,-0.016949490916350562,-0.016949490916350562,-0.016949490916350562
2014-05-27,0.008163928433622347,0.008163928433622347,0.008163928433622347,0.008163928433622347,0.008163928433622347,0.008163928433622347,0.008163928433622347,0.008163928433622347,0.008163928433622347,0.008163928433622347,0.008163928433622347,0.008163928433622347,0.008163928433622347,0.008163928433622347,0.008163928433622347,0.008163928433622347
2014-05-28,0.011673347702596537,0.011673347702596537,0.011673347702596537,0.011673347702596537,0.011673347702596537,0.011673347702596537,0.011673347702596537,0.011673347702596537,0.011673347702596537,0.011673347702596537,0.011673347702596537,0.011673347702596537,0.011673347702596537,0.011673347702596537,0.011673347702596537,0.011673347702596537
2014-05-29,-0.009761561053312606,-0.009761561053312606,-0.009761561053312606,-0.009761561053312606,-0.009761561053312606,-0.009761561053312606,-0.009761561053312606,-0.009761561053312606,-0.009761561053312606,-0.009761561053312606,-0.009761561053312606,-0.009761561053312606,-0.009761561053312606,-0.009761561053312606,-0.009761561053312606,-0.009761561053312606
2014-05-30,0.004936434607322182,0.004936434607322182,0.004936434607322182,0.004936434607322182,0.004936434607322182,0.004936434607322182,0.004936434607322182,0.004936434607322182,0.004936434607322182,0.004936434607322182,0.004936434607322182,0.004936434607322182,0.004936434607322182,0.004936434607322182,0.004936434607322182,0.004936434607322182
2014-06-02,-0.0035715893572639823,-0.0035715893572639823,-0.0035715893572639823,-0.0035715893572639823,-0.0035715893572639823,-0.0035715893572639823,-0.0035715893572639823,-0.0035715893572639823,-0.0035715893572639823,-0.0035715893572639823,-0.0035715893572639823,-0.0035715893572639823,-0.0035715893572639823,-0.0035715893572639823,-0.0035715893572639823,-0.0035715893572639823
2014-06-03,-0.0,-0.0,-0.0,-0.0,0.016581575023720374,0.016581575023720374,0.016581575023720374,0.016581575023720374,0.016581575023720374,0.016581575023720374,0.016581575023720374,0.016581575023720374,0.016581575023720374,0.016581575023720374,0.016581575023720374,0.016581575023720374
2014-06-04,0.0004444444444444695,0.0004444444444444695,0.0,0.0,-0.0004444444444444695,-0.0004444444444444695,-0.0004444444444444695,-0.0004444444444444695,-0.0004444444444444695,-0.0004444444444444695,-0.0004444444444444695,-0.0004444444444444695,-0.0004444444444444695,-0.0004444444444444695,-0.0004444444444444695,-0.0004444444444444695
2014-06-05,0.005730942147127105,0.005730942147127105,0.005730942147127105,0.0,-0.005730942147127105,-0.005730942147127105,-0.005730942147127105,-0.005730942147127105,-0.005730942147127105,-0.005730942147127105,-0.005730942147127105,-0.005730942147127105,-0.005730942147127105,-0.005730942147127105,-0.005730942147127105,-0.005730942147127105
2014-06-06,-0.02176397515527939,-0.0,-0.0,-0.0,0.02176397515527939,0.02176397515527939,0.02176397515527939,0.02176397515527939,0.02176397515527939,0.02176397515527939,0.02176397515527939,0.02176397515527939,0.02176397515527939,0.02176397515527939,0.02176397515527939,0.02176397515527939
2014-06-09,-0.01692360064192977,-0.01692360064192977,-0.0,-0.0,0.01692360064192977,0.01692360064192977,0.01692360064192977,0.01692360064192977,0.01692360064192977,0.01692360064192977,0.01692360064192977,0.01692360064192977,0.01692360064192977,0.01692360064192977,0.01692360064192977,0.01692360064192977
2014-06-10,-0.02630194634402927,-0.02630194634402927,-0.02630194634402927,-0.02630194634402927,-0.02630194634402927,-0.02630194634402927,-0.02630194634402927,-0.02630194634402927,0.02630194634402927,0.02630194634402927,0.02630194634402927,0.02630194634402927,0.02630194634402927,0.02630194634402927,0.02630194634402927,0.02630194634402927
2014-06-11,-0.0039140766972649566,-0.0039140766972649566,-0.0039140766972649566,-0.0039140766972649566,-0.0039140766972649566,-0.0039140766972649566,-0.0039140766972649566,-0.0039140766972649566,0.0039140766972649566,0.0039140766972649566,-0.0,-0.0,0.0039140766972649566,0.0039140766972649566,0.0039140766972649566,0.0039140766972649566
2014-06-12,0.004966349501044465,0.004966349501044465,0.004966349501044465,0.004966349501044465,0.004966349501044465,0.004966349501044465,0.004966349501044465,0.004966349501044465,0.0,0.0,0.0,0.0,-0.004966349501044465,-0.004966349501044465,-0.004966349501044465,-0.004966349501044465
2014-06-13,-0.005224367944770991,-0.005224367944770991,-0.005224367944770991,-0.005224367944770991,-0.005224367944770991,-0.005224367944770991,-0.005224367944770991,-0.005224367944770991,-0.005224367944770991,-0.005224367944770991,-0.005224367944770991,-0.005224367944770991,0.005224367944770991,0.005224367944770991,0.005224367944770991,0.005224367944770991
2014-06-16,-0.025475638051044136,-0.025475638051044136,-0.025475638051044136,-0.025475638051044136,-0.025475638051044136,-0.025475638051044136,-0.025475638051044136,-0.025475638051044136,-0.025475638051044136,-0.025475638051044136,-0.025475638051044136,-0.025475638051044136,0.025475638051044136,0.025475638051044136,0.025475638051044136,0.025475638051044136
2014-06-17,-0.05479885967690845,-0.05479885967690845,-0.05479885967690845,-0.05479885967690845,-0.05479885967690845,-0.05479885967690845,-0.05479885967690845,-0.05479885967690845,-0.05479885967690845,-0.05479885967690845,-0.05479885967690845,-0.05479885967690845,0.05479885967690845,0.05479885967690845,0.05479885967690845,0.05479885967690845
2014-06-18,0.009781209781209665,0.009781209781209665,0.009781209781209665,0.009781209781209665,0.009781209781209665,0.009781209781209665,0.009781209781209665,0.009781209781209665,0.009781209781209665,0.009781209781209665,0.009781209781209665,0.009781209781209665,0.009781209781209665,0.009781209781209665,0.009781209781209665,0.0
2014-06-19,-0.01663634000519898,-0.01663634000519898,-0.01663634000519898,-0.01663634000519898,-0.01663634000519898,-0.01663634000519898,-0.01663634000519898,-0.01663634000519898,-0.01663634000519898,-0.01663634000519898,-0.01663634000519898,-0.01663634000519898,-0.01663634000519898,-0.01663634000519898,-0.01663634000519898,-0.01663634000519898
2014-06-20,0.03008608199096563,0.03008608199096563,0.03008608199096563,0.03008608199096563,0.03008608199096563,0.03008608199096563,0.03008608199096563,0.03008608199096563,0.03008608199096563,0.03008608199096563,0.03008608199096563,0.03008608199096563,0.03008608199096563,0.03008608199096563,0.03008608199096563,0.03008608199096563
2014-06-23,-0.010413005272407627,-0.010413005272407627,-0.010413005272407627,-0.010413005272407627,-0.010413005272407627,-0.010413005272407627,-0.010413005272407627,-0.010413005272407627,-0.010413005272407627,-0.010413005272407627,-0.010413005272407627,-0.010413005272407627,-0.010413005272407627,-0.010413005272407627,-0.010413005272407627,-0.010413005272407627
2014-06-24,-0.008348915075879537,-0.008348915075879537,-0.008348915075879537,-0.008348915075879537,-0.008348915075879537,-0.008348915075879537,-0.008348915075879537,-0.008348915075879537,-0.008348915075879537,-0.008348915075879537,-0.008348915075879537,-0.008348915075879537,-0.008348915075879537,-0.008348915075879537,-0.008348915075879537,-0.008348915075879537
2014-06-25,-0.0,-0.0,-0.0,-0.0,-0.0,-0.0,-0.0,-0.0,-0.0,-0.0,-0.0,-0.0,-0.0,-0.0,-0.0,-0.0
2014-06-26,0.018112035879080723,-0.0,-0.0,-0.0,-0.018112035879080723,-0.018112035879080723,-0.018112035879080723,-0.018112035879080723,-0.018112035879080723,-0.018112035879080723,-0.018112035879080723,-0.018112035879080723,-0.018112035879080723,-0.018112035879080723,-0.018112035879080723,-0.018112035879080723
2014-06-27,0.0,0.0,0.0,0.0,0.0068194332669745394,0.0068194332669745394,0.0068194332669745394,0.0068194332669745394,0.0068194332669745394,0.0068194332669745394,0.0068194332669745394,0.0068194332669745394,0.0068194332669745394,0.0068194332669745394,0.0068194332669745394,0.0068194332669745394
2014-06-30,-0.0087853974752643,-0.0,-0.0,-0.0,-0.0087853974752643,-0.0087853974752643,-0.0087853974752643,-0.0087853974752643,-0.0087853974752643,-0.0087853974752643,-0.0087853974752643,-0.0087853974752643,-0.0087853974752643,-0.0087853974752643,-0.0087853974752643,-0.0087853974752643
2014-07-01,-0.0003382091823793676,-0.0003382091823793676,-0.0003382091823793676,-0.0003382091823793676,0.0003382091823793676,-0.0003382091823793676,-0.0003382091823793676,-0.0003382091823793676,-0.0003382091823793676,-0.0003382091823793676,-0.0003382091823793676,-0.0003382091823793676,-0.0003382091823793676,-0.0003382091823793676,-0.0003382091823793676,-0.0003382091823793676
2014-07-02,0.016608908798918076,0.016608908798918076,0.016608908798918076,0.016608908798918076,-0.016608908798918076,0.016608908798918076,0.016608908798918076,0.016608908798918076,0.016608908798918076,0.016608908798918076,0.016608908798918076,0.016608908798918076,0.016608908798918076,0.016608908798918076,0.016608908798918076,0.016608908798918076
2014-07-03,-0.015385276548197213,-0.015385276548197213,-0.015385276548197213,-0.015385276548197213,0.015385276548197213,-0.015385276548197213,-0.015385276548197213,-0.0,-0.015385276548197213,-0.015385276548197213,-0.015385276548197213,-0.015385276548197213,-0.015385276548197213,-0.015385276548197213,-0.015385276548197213,-0.015385276548197213
2014-07-07,-0.0,-0.0,-0.0,-0.0,0.02662208490286533,-0.0,-0.0,-0.0,-0.02662208490286533,-0.02662208490286533,-0.02662208490286533,-0.02662208490286533,-0.02662208490286533,-0.02662208490286533,-0.02662208490286533,-0.02662208490286533
2014-07-08,0.0,0.0,0.0,0.0,-0.01933542216358841,0.0,0.0,0.0,0.01933542216358841,0.01933542216358841,0.01933542216358841,0.01933542216358841,0.01933542216358841,0.01933542216358841,0.01933542216358841,0.01933542216358841
2014-07-09,-0.026106696935300988,-0.026106696935300988,-0.026106696935300988,-0.026106696935300988,0.026106696935300988,-0.026106696935300988,-0.026106696935300988,-0.026106696935300988,-0.026106696935300988,-0.026106696935300988,-0.026106696935300988,-0.026106696935300988,-0.026106696935300988,-0.026106696935300988,-0.026106696935300988,-0.026106696935300988
2014-07-10,0.026630612913798868,0.0,0.0,0.0,-0.026630612913798868,0.026630612913798868,0.026630612913798868,0.026630612913798868,0.026630612913798868,0.026630612913798868,0.026630612913798868,0.026630612913798868,0.026630612913798868,0.026630612913798868,0.026630612913798868,0.026630612913798868
2014-07-11,0.028832393299099146,0.028832393299099146,0.028832393299099146,0.028832393299099146,-0.028832393299099146,0.028832393299099146,0.028832393299099146,0.028832393299099146,0.028832393299099146,0.028832393299099146,0.028832393299099146,0.028832393299099146,0.028832393299099146,0.028832393299099146,0.028832393299099146,0.028832393299099146
2014-07-14,-0.01742296190352355,-0.01742296190352355,-0.01742296190352355,-0.01742296190352355,0.01742296190352355,-0.01742296190352355,-0.01742296190352355,-0.01742296190352355,-0.01742296190352355,-0.01742296190352355,-0.01742296190352355,-0.01742296190352355,-0.01742296190352355,-0.01742296190352355,-0.01742296190352355,-0.01742296190352355
2014-07-15,0.027390841320553694,0.027390841320553694,0.027390841320553694,0.027390841320553694,-0.027390841320553694,0.027390841320553694,0.027390841320553694,0.027390841320553694,-0.027390841320553694,-0.027390841320553694,-0.027390841320553694,-0.027390841320553694,-0.027390841320553694,-0.027390841320553694,-0.027390841320553694,-0.027390841320553694
2014-07-16,-0.003690189899659968,-0.003690189899659968,-0.003690189899659968,-0.003690189899659968,-0.0,0.0,0.0,0.0,0.003690189899659968,0.003690189899659968,0.003690189899659968,0.003690189899659968,0.003690189899659968,0.003690189899659968,0.003690189899659968,0.003690189899659968
2014-07-17,-0.0,-0.0,-0.0,-0.0,0.0,-0.0,-0.0,-0.0,-0.0,-0.0,-0.0,-0.0,-0.0,-0.0,-0.0,-0.0
2014-07-18,-0.010778642473677658,-0.010778642473677658,-0.010778642473677658,0.0,-0.010778642473677658,0.010778642473677658,0.010778642473677658,0.0,0.010778642473677658,0.010778642473677658,0.010778642473677658,0.010778642473677658,0.010778642473677658,0.010778642473677658,0.010778642473677658,0.010778642473677658
2014-07-21,0.003954564577198227,0.003954564577198227,0.0,0.0,-0.003954564577198227,0.003954564577198227,0.003954564577198227,0.003954564577198227,0.003954564577198227,0.003954564577198227,0.003954564577198227,0.003954564577198227,0.003954564577198227,0.003954564577198227,0.003954564577198227,0.003954564577198227
2014-07-22,0.016430140226389556,0.016430140226389556,0.016430140226389556,0.016430140226389556,-0.016430140226389556,0.0,0.0,0.0,0.016430140226389556,0.016430140226389556,0.0,0.0,0.016430140226389556,0.016430140226389556,0.016430140226389556,0.016430140226389556
2014-07-23,-0.028771417529093624,-0.0,-0.0,-0.0,-0.028771417529093624,0.028771417529093624,0.028771417529093624,0.028771417529093624,-0.028771417529093624,-0.028771417529093624,-0.028771417529093624,-0.028771417529093624,-0.028771417529093624,-0.028771417529093624,-0.028771417529093624,-0.028771417529093624
2014-07-24,0.005593354760612845,0.005593354760612845,0.005593354760612845,0.005593354760612845,-0.005593354760612845,0.005593354760612845,0.005593354760612845,0.005593354760612845,-0.005593354760612845,-0.005593354760612845,-0.0,-0.0,-0.005593354760612845,-0.005593354760612845,-0.005593354760612845,-0.005593354760612845
2014-07-25,0.0,0.0,0.0,0.0,0.0066829936490806485,-0.0066829936490806485,-0.0066829936490806485,0.0,0.0066829936490806485,0.0066829936490806485,0.0066829936490806485,0.0066829936490806485,0.0066829936490806485,0.0066829936490806485,0.0066829936490806485,0.0066829936490806485
2014-07-28,0.0,0.0,0.0,0.0,-0.01061429168407857,0.01061429168407857,0.0,0.0,0.01061429168407857,0.01061429168407857,0.01061429168407857,0.01061429168407857,0.01061429168407857,0.01061429168407857,0.01061429168407857,0.01061429168407857
2014-07-29,0.022258827504645917,0.0,0.0,0.0,-0.022258827504645917,0.022258827504645917,0.022258827504645917,0.022258827504645917,0.022258827504645917,0.022258827504645917,0.0,0.0,0.022258827504645917,0.022258827504645917,0.022258827504645917,0.022258827504645917
2014-07-30,-0.0,-0.0,-0.0,-0.0,0.010583610523132725,-0.0,-0.0,-0.0,-0.010583610523132725,-0.0,-0.0,-0.0,-0.010583610523132725,-0.010583610523132725,-0.010583610523132725,-0.010583610523132725
2014-07-31,-0.009532358724459233,0.0,0.0,0.0,0.009532358724459233,-0.009532358724459233,-0.009532358724459233,-0.009532358724459233,-0.009532358724459233,-0.009532358724459233,-0.009532358724459233,-0.009532358724459233,0.009532358724459233,0.009532358724459233,0.009532358724459233,0.009532358724459233
2014-08-01,0.005783090932631296,0.005783090932631296,0.005783090932631296,0.005783090932631296,-0.005783090932631296,0.005783090932631296,0.005783090932631296,0.005783090932631296,0.005783090932631296,0.005783090932631296,-0.0,-0.0,-0.005783090932631296,-0.005783090932631296,-0.005783090932631296,-0.005783090932631296
2014-08-04,0.02299935636129602,0.02299935636129602,0.02299935636129602,0.02299935636129602,-0.02299935636129602,0.02299935636129602,0.02299935636129602,0.02299935636129602,-0.0,-0.0,-0.0,-0.0,-0.02299935636129602,-0.02299935636129602,-0.02299935636129602,-0.02299935636129602
2014-08-05,0.0018875047187616456,0.0018875047187616456,0.0018875047187616456,0.0018875047187616456,-0.0018875047187616456,0.0018875047187616456,0.0018875047187616456,-0.0,0.0018875047187616456,0.0018875047187616456,-0.0,-0.0,-0.0018875047187616456,-0.0018875047187616456,-0.0018875047187616456,-0.0018875047187616456
2014-08-06,-0.0010885037260319752,-0.0,-0.0,-0.0,0.0010885037260319752,-0.0,-0.0,-0.0,0.0010885037260319752,0.0010885037260319752,0.0010885037260319752,-0.0,-0.0010885037260319752,-0.0010885037260319752,-0.0010885037260319752,-0.0010885037260319752
2014-08-07,-0.007485781197725139,-0.007485781197725139,-0.007485781197725139,-0.007485781197725139,0.007485781197725139,-0.007485781197725139,-0.007485781197725139,-0.007485781197725139,-0.0,-0.0,-0.0,-0.0,-0.007485781197725139,-0.007485781197725139,-0.007485781197725139,-0.007485781197725139
2014-08-08,-0.01652069237474585,-0.01652069237474585,-0.01652069237474585,-0.01652069237474585,0.0,-0.0,-0.0,-0.0,0.01652069237474585,0.01652069237474585,0.01652069237474585,0.01652069237474585,-0.01652069237474585,-0.01652069237474585,-0.01652069237474585,-0.01652069237474585
2014-08-11,0.000939197190575336,0.000939197190575336,0.000939197190575336,0.000939197190575336,-0.0,0.0,0.0,0.0,0.000939197190575336,0.000939197190575336,0.0,0.0,0.000939197190575336,0.000939197190575336,0.000939197190575336,0.000939197190575336
2014-08-12,0.009646039401618567,0.009646039401618567,0.009646039401618567,0.009646039401618567,-0.009646039401618567,0.009646039401618567,0.009646039401618567,0.009646039401618567,0.009646039401618567,0.009646039401618567,0.009646039401618567,0.009646039401618567,0.009646039401618567,0.009646039401618567,0.009646039401618567,0.009646039401618567
2014-08-13,0.010524143623607096,0.010524143623607096,0.010524143623607096,0.010524143623607096,-0.010524143623607096,0.010524143623607096,0.010524143623607096,0.010524143623607096,0.010524143623607096,0.010524143623607096,0.010524143623607096,0.010524143623607096,0.010524143623607096,0.010524143623607096,0.010524143623607096,0.010524143623607096
2014-08-14,-0.005964546402502435,-0.005964546402502435,-0.0,-0.0,0.005964546402502435,-0.005964546402502435,-0.005964546402502435,-0.005964546402502435,-0.0,-0.0,-0.0,-0.0,-0.005964546402502435,-0.005964546402502435,-0.005964546402502435,-0.005964546402502435
2014-08-15,0.0,0.0,0.0,0.0,-0.011360809354009294,0.011360809354009294,0.011360809354009294,0.011360809354009294,0.0,0.0,0.0,0.0,0.011360809354009294,0.011360809354009294,0.011360809354009294,0.011360809354009294
2014-08-18,0.0,0.0,0.0,0.0,-0.0016356316054353393,0.0016356316054353393,0.0016356316054353393,0.0016356316054353393,0.0,0.0,0.0,0.0,0.0016356316054353393,0.0016356316054353393,0.0016356316054353393,0.0016356316054353393
2014-08-19,-0.022138206259189275,-0.022138206259189275,-0.022138206259189275,-0.022138206259189275,-0.022138206259189275,0.022138206259189275,0.022138206259189275,0.022138206259189275,0.0,0.0,0.0,0.0,0.022138206259189275,0.022138206259189275,0.022138206259189275,0.022138206259189275
2014-08-20,0.0013746885471259684,0.0013746885471259684,0.0013746885471259684,0.0013746885471259684,0.0,-0.0,-0.0,-0.0,-0.0013746885471259684,-0.0,-0.0,-0.0,-0.0013746885471259684,-0.0013746885471259684,-0.0013746885471259684,-0.0013746885471259684
2014-08-21,-0.01896181896181892,-0.01896181896181892,-0.01896181896181892,-0.01896181896181892,0.01896181896181892,-0.01896181896181892,-0.01896181896181892,-0.01896181896181892,0.0,0.0,0.0,0.0,0.01896181896181892,0.01896181896181892,0.01896181896181892,0.01896181896181892
2014-08-22,0.02300157425223026,0.02300157425223026,0.02300157425223026,0.02300157425223026,-0.02300157425223026,0.02300157425223026,0.02300157425223026,0.02300157425223026,0.02300157425223026,0.02300157425223026,0.02300157425223026,0.02300157425223026,-0.02300157425223026,-0.02300157425223026,-0.02300157425223026,-0.02300157425223026
2014-08-25,-0.0030349662306573544,-0.0030349662306573544,-0.0030349662306573544,-0.0030349662306573544,0.0030349662306573544,-0.0030349662306573544,-0.0030349662306573544,-0.0030349662306573544,-0.0030349662306573544,-0.0030349662306573544,-0.0030349662306573544,-0.0030349662306573544,0.0030349662306573544,0.0030349662306573544,0.0030349662306573544,0.0030349662306573544
2014-08-26,0.013806114136260206,0.013806114136260206,0.013806114136260206,-0.0,-0.013806114136260206,0.013806114136260206,0.013806114136260206,0.013806114136260206,0.013806114136260206,0.013806114136260206,0.013806114136260206,0.013806114136260206,-0.013806114136260206,-0.013806114136260206,-0.013806114136260206,-0.013806114136260206
2014-08-27,0.0075280186085853185,0.0075280186085853185,0.0075280186085853185,0.0075280186085853185,-0.0075280186085853185,0.0075280186085853185,0.0075280186085853185,0.0075280186085853185,0.0075280186085853185,0.0075280186085853185,-0.0,-0.0,-0.0075280186085853185,-0.0075280186085853185,-0.0075280186085853185,-0.0075280186085853185
2014-08-28,0.03337111195063602,0.03337111195063602,0.03337111195063602,0.0,0.03337111195063602,-0.03337111195063602,-0.03337111195063602,-0.03337111195063602,0.03337111195063602,0.03337111195063602,0.03337111195063602,0.03337111195063602,0.03337111195063602,0.03337111195063602,0.03337111195063602,0.03337111195063602
2014-08-29,-0.0,-0.0,-0.0,-0.0,-0.0,-0.0,-0.0,-0.0,-0.0,-0.0,-0.0,-0.0,-0.0,-0.0,-0.0,-0.0
2014-09-02,0.035695674830640955,0.0,0.0,0.0,0.035695674830640955,-0.035695674830640955,-0.035695674830640955,-0.035695674830640955,-0.035695674830640955,0.0,0.0,0.0,0.035695674830640955,0.035695674830640955,0.035695674830640955,0.035695674830640955
2014-09-03,0.00725029271368105,0.00725029271368105,0.00725029271368105,-0.0,-0.00725029271368105,0.00725029271368105,0.00725029271368105,0.00725029271368105,0.00725029271368105,0.00725029271368105,-0.0,-0.0,-0.00725029271368105,-0.00725029271368105,-0.00725029271368105,-0.00725029271368105
2014-09-04,-0.033129163499798775,-0.033129163499798775,-0.033129163499798775,-0.033129163499798775,0.033129163499798775,-0.033129163499798775,-0.033129163499798775,-0.033129163499798775,-0.033129163499798775,-0.033129163499798775,-0.033129163499798775,-0.033129163499798775,0.033129163499798775,0.033129163499798775,0.033129163499798775,0.033129163499798775
2014-09-05,0.01484324424304062,0.01484324424304062,0.01484324424304062,0.01484324424304062,-0.01484324424304062,0.01484324424304062,0.01484324424304062,0.01484324424304062,0.01484324424304062,0.01484324424304062,0.01484324424304062,0.01484324424304062,-0.01484324424304062,-0.01484324424304062,-0.01484324424304062,-0.01484324424304062
2014-09-08,-0.018726933066022577,-0.018726933066022577,-0.018726933066022577,-0.018726933066022577,0.018726933066022577,-0.018726933066022577,-0.018726933066022577,-0.018726933066022577,-0.018726933066022577,-0.018726933066022577,-0.018726933066022577,-0.018726933066022577,0.018726933066022577,0.0,0.0,0.0
2014-09-09,0.006640044576522897,0.006640044576522897,0.006640044576522897,0.006640044576522897,-0.006640044576522897,0.006640044576522897,0.006640044576522897,0.006640044576522897,0.006640044576522897,0.006640044576522897,0.006640044576522897,0.006640044576522897,-0.006640044576522897,-0.006640044576522897,-0.006640044576522897,-0.0
2014-09-10,-0.016052400941002798,-0.016052400941002798,-0.016052400941002798,-0.016052400941002798,0.016052400941002798,-0.016052400941002798,-0.016052400941002798,-0.016052400941002798,-0.016052400941002798,-0.016052400941002798,-0.016052400941002798,-0.016052400941002798,0.0,0.0,0.0,0.0
2014-09-11,0.0016876845905020588,0.0016876845905020588,0.0016876845905020588,0.0016876845905020588,-0.0016876845905020588,0.0016876845905020588,0.0016876845905020588,0.0016876845905020588,0.0016876845905020588,0.0016876845905020588,0.0016876845905020588,0.0016876845905020588,-0.0016876845905020588,-0.0,-0.0,-0.0
2014-09-12,0.003135676510506835,0.003135676510506835,0.003135676510506835,0.003135676510506835,-0.003135676510506835,0.003135676510506835,0.003135676510506835,0.003135676510506835,0.003135676510506835,0.003135676510506835,0.003135676510506835,0.003135676510506835,0.003135676510506835,0.003135676510506835,0.003135676510506835,0.003135676510506835
2014-09-15,-0.022301017075674223,-0.022301017075674223,0.0,0.0,0.022301017075674223,-0.022301017075674223,-0.022301017075674223,-0.022301017075674223,-0.022301017075674223,-0.022301017075674223,-0.022301017075674223,-0.022301017075674223,-0.022301017075674223,-0.022301017075674223,-0.022301017075674223,-0.022301017075674223
2014-09-16,-0.013647642679900596,-0.013647642679900596,-0.013647642679900596,-0.013647642679900596,0.013647642679900596,-0.013647642679900596,-0.013647642679900596,-0.013647642679900596,-0.013647642679900596,-0.013647642679900596,-0.013647642679900596,-0.013647642679900596,-0.013647642679900596,-0.013647642679900596,-0.013647642679900596,-0.013647642679900596
2014-09-17,-0.021625544267053876,-0.021625544267053876,-0.021625544267053876,-0.021625544267053876,0.021625544267053876,-0.021625544267053876,-0.021625544267053876,-0.021625544267053876,-0.021625544267053876,-0.021625544267053876,-0.021625544267053876,-0.021625544267053876,-0.021625544267053876,-0.021625544267053876,-0.021625544267053876,-0.021625544267053876
2014-09-18,-0.019858576867922584,-0.019858576867922584,-0.019858576867922584,-0.019858576867922584,0.019858576867922584,-0.019858576867922584,-0.019858576867922584,-0.019858576867922584,-0.019858576867922584,-0.019858576867922584,-0.019858576867922584,-0.019858576867922584,-0.019858576867922584,-0.019858576867922584,-0.019858576867922584,-0.019858576867922584
2014-09-19,0.014408669417901754,0.014408669417901754,0.014408669417901754,0.014408669417901754,-0.014408669417901754,0.014408669417901754,0.014408669417901754,0.014408669417901754,0.014408669417901754,0.014408669417901754,0.014408669417901754,0.014408669417901754,0.014408669417901754,0.014408669417901754,0.014408669417901754,0.014408669417901754
2014-09-22,-0.014159248023076554,-0.014159248023076554,-0.014159248023076554,-0.014159248023076554,0.014159248023076554,-0.014159248023076554,-0.014159248023076554,-0.014159248023076554,-0.014159248023076554,-0.014159248023076554,-0.014159248023076554,-0.014159248023076554,-0.014159248023076554,-0.014159248023076554,-0.014159248023076554,-0.014159248023076554
2014-09-23,0.0067146597518956685,0.0067146597518956685,0.0067146597518956685,0.0067146597518956685,-0.0067146597518956685,0.0067146597518956685,0.0067146597518956685,0.0067146597518956685,0.0067146597518956685,0.0067146597518956685,0.0067146597518956685,0.0067146597518956685,0.0067146597518956685,0.0067146597518956685,0.0067146597518956685,0.0067146597518956685
2014-09-24,-0.01566493280014436,-0.01566493280014436,-0.01566493280014436,-0.01566493280014436,0.01566493280014436,-0.01566493280014436,-0.01566493280014436,-0.01566493280014436,-0.01566493280014436,-0.01566493280014436,-0.01566493280014436,-0.01566493280014436,-0.01566493280014436,-0.01566493280014436,-0.01566493280014436,-0.01566493280014436
2014-09-25,-0.010685849267925152,-0.010685849267925152,-0.010685849267925152,-0.010685849267925152,0.010685849267925152,-0.010685849267925152,-0.010685849267925152,-0.010685849267925152,-0.010685849267925152,-0.010685849267925152,-0.010685849267925152,-0.010685849267925152,-0.010685849267925152,-0.010685849267925152,-0.010685849267925152,-0.010685849267925152
2014-09-26,-0.01953902917217709,-0.01953902917217709,-0.01953902917217709,-0.01953902917217709,0.01953902917217709,-0.01953902917217709,-0.01953902917217709,-0.01953902917217709,-0.01953902917217709,-0.01953902917217709,-0.01953902917217709,-0.01953902917217709,-0.01953902917217709,-0.01953902917217709,-0.01953902917217709,-0.01953902917217709
2014-09-29,0.0032802888753595827,0.0032802888753595827,0.0032802888753595827,-0.0,-0.0032802888753595827,0.0032802888753595827,0.0032802888753595827,0.0032802888753595827,0.0032802888753595827,0.0032802888753595827,0.0032802888753595827,0.0032802888753595827,0.0032802888753595827,0.0032802888753595827,0.0032802888753595827,0.0032802888753595827
2014-09-30,0.010750325648550607,0.010750325648550607,0.010750325648550607,0.010750325648550607,-0.010750325648550607,0.010750325648550607,0.010750325648550607,0.010750325648550607,0.010750325648550607,0.010750325648550607,0.010750325648550607,0.010750325648550607,0.010750325648550607,0.010750325648550607,0.010750325648550607,0.010750325648550607
2014-10-01,-0.045768378775645435,-0.045768378775645435,-0.045768378775645435,-0.045768378775645435,0.045768378775645435,-0.045768378775645435,-0.045768378775645435,-0.045768378775645435,-0.045768378775645435,-0.045768378775645435,-0.045768378775645435,-0.045768378775645435,-0.045768378775645435,-0.045768378775645435,-0.045768378775645435,-0.045768378775645435
2014-10-02,0.024705888734006143,0.024705888734006143,0.024705888734006143,0.024705888734006143,-0.024705888734006143,0.024705888734006143,0.024705888734006143,0.024705888734006143,0.024705888734006143,0.024705888734006143,0.024705888734006143,0.024705888734006143,0.024705888734006143,0.024705888734006143,0.024705888734006143,0.024705888734006143
2014-10-03,-0.03451123202981077,-0.03451123202981077,-0.03451123202981077,-0.03451123202981077,0.03451123202981077,-0.03451123202981077,-0.03451123202981077,-0.03451123202981077,-0.03451123202981077,-0.03451123202981077,-0.03451123202981077,-0.03451123202981077,-0.03451123202981077,-0.03451123202981077,-0.03451123202981077,-0.03451123202981077
2014-10-06,0.07418696958400028,0.07418696958400028,0.07418696958400028,0.07418696958400028,-0.07418696958400028,0.07418696958400028,0.07418696958400028,0.07418696958400028,0.07418696958400028,0.07418696958400028,0.07418696958400028,0.07418696958400028,0.07418696958400028,0.07418696958400028,0.07418696958400028,0.07418696958400028
2014-10-07,-0.030770251510697233,-0.030770251510697233,-0.030770251510697233,-0.030770251510697233,0.030770251510697233,-0.030770251510697233,-0.030770251510697233,-0.030770251510697233,-0.030770251510697233,-0.030770251510697233,-0.030770251510697233,-0.030770251510697233,-0.030770251510697233,-0.030770251510697233,-0.030770251510697233,-0.030770251510697233
2014-10-08,0.02257947311052244,0.02257947311052244,0.02257947311052244,0.02257947311052244,0.02257947311052244,-0.02257947311052244,0.0,0.0,-0.02257947311052244,-0.02257947311052244,-0.02257947311052244,-0.02257947311052244,-0.02257947311052244,-0.02257947311052244,-0.02257947311052244,-0.02257947311052244
2014-10-09,0.01636147161659096,0.01636147161659096,0.01636147161659096,-0.0,-0.01636147161659096,0.01636147161659096,0.01636147161659096,0.01636147161659096,0.01636147161659096,0.01636147161659096,0.01636147161659096,0.01636147161659096,0.01636147161659096,0.01636147161659096,0.01636147161659096,0.01636147161659096
2014-10-10,-0.011364600118734414,-0.0,-0.0,-0.0,-0.011364600118734414,0.011364600118734414,0.011364600118734414,0.011364600118734414,0.011364600118734414,0.011364600118734414,0.011364600118734414,0.011364600118734414,0.011364600118734414,0.011364600118734414,0.011364600118734414,0.011364600118734414
2014-10-13,-0.0,-0.0,-0.0,-0.0,-0.003747379454926536,0.003747379454926536,0.003747379454926536,0.003747379454926536,0.003747379454926536,0.003747379454926536,0.003747379454926536,0.003747379454926536,0.003747379454926536,0.003747379454926536,0.003747379454926536,0.003747379454926536
2014-10-14,0.0027987363914053764,0.0027987363914053764,0.0027987363914053764,0.0027987363914053764,-0.0,0.0,0.0,0.0,-0.0027987363914053764,-0.0027987363914053764,-0.0027987363914053764,-0.0027987363914053764,-0.0027987363914053764,-0.0027987363914053764,-0.0027987363914053764,-0.0027987363914053764
2014-10-15,-0.031338524130925305,-0.031338524130925305,-0.031338524130925305,-0.031338524130925305,-0.0,0.0,0.0,0.0,-0.031338524130925305,-0.031338524130925305,-0.031338524130925305,-0.031338524130925305,-0.031338524130925305,-0.031338524130925305,-0.031338524130925305,-0.031338524130925305
2014-10-16,-0.023179130133950343,-0.0,-0.0,-0.0,-0.023179130133950343,0.023179130133950343,-0.0,-0.0,0.023179130133950343,0.023179130133950343,0.023179130133950343,0.023179130133950343,0.023179130133950343,0.023179130133950343,0.023179130133950343,0.023179130133950343
2014-10-17,0.0,0.0,0.0,0.0,-0.0,0.0,0.0,0.0,-0.004955568939466026,-0.004955568939466026,-0.004955568939466026,-0.004955568939466026,-0.004955568939466026,-0.004955568939466026,-0.004955568939466026,-0.004955568939466026
2014-10-20,0.0,0.0,0.0,0.0,-0.0,0.0,0.0,0.0,-0.031065497175381096,-0.031065497175381096,-0.031065497175381096,-0.031065497175381096,-0.031065497175381096,-0.031065497175381096,-0.031065497175381096,-0.031065497175381096
2014-10-21,0.006361887853232773,0.006361887853232773,-0.0,-0.0,0.006361887853232773,-0.006361887853232773,-0.006361887853232773,-0.006361887853232773,0.006361887853232773,0.006361887853232773,0.006361887853232773,0.006361887853232773,0.006361887853232773,0.006361887853232773,0.006361887853232773,0.006361887853232773
2014-10-22,-0.0043777973798556635,-0.0043777973798556635,-0.0043777973798556635,-0.0043777973798556635,0.0043777973798556635,-0.0043777973798556635,-0.0043777973798556635,-0.0043777973798556635,-0.0043777973798556635,-0.0043777973798556635,-0.0043777973798556635,-0.0043777973798556635,-0.0043777973798556635,-0.0043777973798556635,-0.0043777973798556635,-0.0043777973798556635
2014-10-23,-0.017724911129341048,-0.017724911129341048,-0.017724911129341048,-0.017724911129341048,0.017724911129341048,-0.017724911129341048,-0.017724911129341048,-0.017724911129341048,-0.017724911129341048,-0.017724911129341048,-0.017724911129341048,-0.017724911129341048,-0.017724911129341048,-0.017724911129341048,-0.017724911129341048,-0.017724911129341048
2014-10-24,0.020032403721417014,0.020032403721417014,-0.0,-0.0,-0.020032403721417014,0.020032403721417014,-0.0,-0.0,0.020032403721417014,0.020032403721417014,0.020032403721417014,0.020032403721417014,0.020032403721417014,0.020032403721417014,0.020032403721417014,0.020032403721417014
2014-10-27,-0.04241650155288812,-0.04241650155288812,-0.04241650155288812,-0.04241650155288812,0.04241650155288812,-0.04241650155288812,-0.04241650155288812,-0.04241650155288812,-0.04241650155288812,-0.04241650155288812,-0.04241650155288812,-0.04241650155288812,-0.04241650155288812,-0.04241650155288812,-0.04241650155288812,-0.04241650155288812
2014-10-28,-0.07332018513874006,-0.07332018513874006,-0.07332018513874006,-0.07332018513874006,0.07332018513874006,-0.07332018513874006,-0.07332018513874006,-0.07332018513874006,-0.07332018513874006,-0.07332018513874006,-0.07332018513874006,-0.07332018513874006,-0.07332018513874006,-0.07332018513874006,-0.07332018513874006,-0.07332018513874006
2014-10-29,-0.06153543331303479,-0.06153543331303479,-0.06153543331303479,-0.06153543331303479,0.06153543331303479,-0.06153543331303479,-0.06153543331303479,-0.06153543331303479,-0.06153543331303479,-0.06153543331303479,-0.06153543331303479,-0.06153543331303479,-0.06153543331303479,-0.06153543331303479,-0.06153543331303479,-0.06153543331303479
2014-10-30,0.04859440646527147,0.04859440646527147,0.04859440646527147,0.04859440646527147,-0.04859440646527147,0.04859440646527147,0.04859440646527147,0.04859440646527147,0.04859440646527147,0.04859440646527147,0.04859440646527147,0.04859440646527147,0.04859440646527147,0.04859440646527147,0.04859440646527147,0.04859440646527147
2014-10-31,-0.037410224836388895,-0.037410224836388895,-0.037410224836388895,-0.037410224836388895,0.037410224836388895,-0.037410224836388895,-0.037410224836388895,-0.037410224836388895,-0.037410224836388895,-0.037410224836388895,-0.037410224836388895,-0.037410224836388895,-0.037410224836388895,-0.037410224836388895,-0.037410224836388895,-0.037410224836388895
2014-11-03,-0.035974493175236044,-0.035974493175236044,-0.035974493175236044,-0.035974493175236044,0.035974493175236044,-0.035974493175236044,-0.035974493175236044,-0.035974493175236044,-0.035974493175236044,-0.035974493175236044,-0.035974493175236044,-0.035974493175236044,-0.035974493175236044,-0.035974493175236044,-0.035974493175236044,-0.035974493175236044
2014-11-04,0.03611122337630834,0.03611122337630834,0.03611122337630834,0.03611122337630834,-0.03611122337630834,0.03611122337630834,0.03611122337630834,0.03611122337630834,0.03611122337630834,0.03611122337630834,0.03611122337630834,0.03611122337630834,0.03611122337630834,0.03611122337630834,0.03611122337630834,0.03611122337630834
2014-11-05,0.08072474791800754,0.08072474791800754,0.08072474791800754,0.08072474791800754,-0.08072474791800754,0.08072474791800754,0.08072474791800754,0.08072474791800754,0.08072474791800754,0.08072474791800754,0.08072474791800754,0.08072474791800754,0.08072474791800754,0.08072474791800754,0.08072474791800754,0.08072474791800754
2014-11-06,-0.06126230178781966,-0.06126230178781966,-0.06126230178781966,-0.06126230178781966,0.06126230178781966,-0.06126230178781966,-0.06126230178781966,-0.06126230178781966,-0.06126230178781966,-0.06126230178781966,-0.06126230178781966,-0.06126230178781966,-0.06126230178781966,-0.06126230178781966,-0.06126230178781966,-0.06126230178781966
2014-11-07,-0.04121703022069578,-0.04121703022069578,-0.04121703022069578,-0.04121703022069578,-0.04121703022069578,0.04121703022069578,0.04121703022069578,0.04121703022069578,0.04121703022069578,0.04121703022069578,0.04121703022069578,0.04121703022069578,0.04121703022069578,0.04121703022069578,0.04121703022069578,0.04121703022069578
2014-11-10,0.001649393171019975,0.001649393171019975,0.001649393171019975,0.001649393171019975,-0.001649393171019975,0.001649393171019975,0.001649393171019975,0.001649393171019975,0.001649393171019975,0.001649393171019975,0.001649393171019975,0.001649393171019975,0.001649393171019975,0.001649393171019975,0.001649393171019975,0.001649393171019975
2014-11-11,0.014820094376720605,0.014820094376720605,0.014820094376720605,0.014820094376720605,0.014820094376720605,-0.014820094376720605,-0.014820094376720605,-0.014820094376720605,-0.014820094376720605,-0.014820094376720605,-0.014820094376720605,-0.014820094376720605,-0.014820094376720605,-0.014820094376720605,-0.014820094376720605,-0.014820094376720605
2014-11-12,-0.05905575651740058,-0.05905575651740058,-0.05905575651740058,-0.05905575651740058,-0.05905575651740058,0.05905575651740058,0.05905575651740058,0.05905575651740058,0.05905575651740058,0.05905575651740058,0.05905575651740058,0.05905575651740058,0.05905575651740058,0.05905575651740058,0.05905575651740058,0.05905575651740058
2014-11-13,-0.019463043772709465,-0.019463043772709465,-0.019463043772709465,-0.019463043772709465,-0.019463043772709465,0.019463043772709465,-0.0,-0.0,0.019463043772709465,0.019463043772709465,0.019463043772709465,0.019463043772709465,0.019463043772709465,0.019463043772709465,0.019463043772709465,0.019463043772709465
2014-11-14,-0.04798572039234261,-0.04798572039234261,-0.04798572039234261,-0.04798572039234261,0.04798572039234261,-0.04798572039234261,-0.04798572039234261,-0.04798572039234261,0.04798572039234261,0.04798572039234261,0.04798572039234261,0.04798572039234261,0.04798572039234261,0.04798572039234261,0.04798572039234261,0.04798572039234261
2014-11-17,0.055147970742085994,0.055147970742085994,0.055147970742085994,0.055147970742085994,-0.055147970742085994,0.055147970742085994,0.055147970742085994,0.055147970742085994,-0.055147970742085994,-0.055147970742085994,-0.055147970742085994,-0.055147970742085994,-0.055147970742085994,-0.055147970742085994,-0.055147970742085994,-0.055147970742085994
2014-11-18,-0.02657861576515619,-0.02657861576515619,-0.02657861576515619,-0.02657861576515619,0.02657861576515619,-0.02657861576515619,-0.02657861576515619,-0.02657861576515619,0.02657861576515619,0.02657861576515619,0.02657861576515619,0.02657861576515619,0.02657861576515619,0.02657861576515619,0.02657861576515619,0.02657861576515619
2014-11-19,-0.008632055099674796,-0.008632055099674796,-0.008632055099674796,-0.008632055099674796,0.008632055099674796,-0.008632055099674796,-0.008632055099674796,-0.008632055099674796,0.008632055099674796,0.008632055099674796,0.008632055099674796,0.008632055099674796,0.008632055099674796,0.008632055099674796,0.008632055099674796,0.008632055099674796
2014-11-20,0.01433875520448924,0.01433875520448924,0.01433875520448924,0.01433875520448924,-0.01433875520448924,0.01433875520448924,0.01433875520448924,0.01433875520448924,-0.01433875520448924,-0.01433875520448924,-0.01433875520448924,-0.01433875520448924,-0.01433875520448924,-0.01433875520448924,-0.01433875520448924,-0.01433875520448924
2014-11-21,-0.041607124484126734,-0.041607124484126734,-0.041607124484126734,-0.041607124484126734,0.041607124484126734,-0.041607124484126734,-0.041607124484126734,-0.041607124484126734,0.041607124484126734,0.041607124484126734,0.041607124484126734,0.041607124484126734,0.041607124484126734,0.041607124484126734,0.041607124484126734,0.041607124484126734
2014-11-24,0.014218685690766897,0.014218685690766897,0.0,0.0,-0.014218685690766897,0.014218685690766897,0.014218685690766897,0.014218685690766897,-0.014218685690766897,-0.014218685690766897,-0.014218685690766897,-0.014218685690766897,-0.014218685690766897,-0.014218685690766897,-0.014218685690766897,-0.014218685690766897
2014-11-25,0.0,0.0,0.0,0.0,-0.08751683979647495,0.08751683979647495,0.08751683979647495,0.08751683979647495,-0.08751683979647495,0.0,0.0,0.0,-0.08751683979647495,-0.08751683979647495,-0.08751683979647495,-0.08751683979647495
2014-11-26,-0.07466155826566534,-0.07466155826566534,-0.07466155826566534,-0.07466155826566534,0.07466155826566534,-0.07466155826566534,-0.07466155826566534,-0.07466155826566534,-0.07466155826566534,-0.07466155826566534,-0.07466155826566534,-0.07466155826566534,0.07466155826566534,0.07466155826566534,0.07466155826566534,0.07466155826566534
2014-11-28,-0.025864173351272557,-0.025864173351272557,-0.025864173351272557,-0.025864173351272557,-0.025864173351272557,0.025864173351272557,0.025864173351272557,0.025864173351272557,0.025864173351272557,0.0,0.0,0.0,-0.025864173351272557,-0.025864173351272557,-0.025864173351272557,-0.025864173351272557
2014-12-01,0.02004137649698401,-0.0,-0.0,-0.0,0.02004137649698401,-0.02004137649698401,-0.02004137649698401,-0.02004137649698401,-0.02004137649698401,-0.02004137649698401,-0.02004137649698401,-0.02004137649698401,0.02004137649698401,0.02004137649698401,0.02004137649698401,0.02004137649698401
2014-12-02,-0.019139138681627643,-0.019139138681627643,-0.019139138681627643,0.0,0.019139138681627643,0.0,0.0,0.0,0.019139138681627643,0.019139138681627643,0.019139138681627643,0.019139138681627643,-0.019139138681627643,-0.019139138681627643,-0.019139138681627643,-0.019139138681627643
2014-12-03,-0.023933505743109373,-0.023933505743109373,-0.023933505743109373,-0.023933505743109373,0.023933505743109373,-0.023933505743109373,-0.023933505743109373,-0.023933505743109373,0.023933505743109373,0.023933505743109373,0.023933505743109373,0.023933505743109373,-0.023933505743109373,-0.023933505743109373,-0.023933505743109373,-0.023933505743109373
2014-12-04,0.006659704609876194,0.006659704609876194,0.006659704609876194,0.006659704609876194,0.0,-0.0,-0.0,-0.0,-0.006659704609876194,-0.006659704609876194,-0.006659704609876194,-0.006659704609876194,0.006659704609876194,0.006659704609876194,0.006659704609876194,0.006659704609876194
2014-12-05,-0.04633916450788722,-0.04633916450788722,-0.04633916450788722,-0.04633916450788722,-0.04633916450788722,0.04633916450788722,0.04633916450788722,0.04633916450788722,-0.04633916450788722,-0.04633916450788722,-0.04633916450788722,-0.04633916450788722,0.04633916450788722,0.04633916450788722,0.04633916450788722,0.04633916450788722
2014-12-08,-0.02733020599632885,-0.02733020599632885,-0.02733020599632885,-0.02733020599632885,0.02733020599632885,-0.02733020599632885,-0.02733020599632885,-0.02733020599632885,0.02733020599632885,0.02733020599632885,0.0,0.0,-0.02733020599632885,-0.02733020599632885,-0.02733020599632885,-0.02733020599632885
2014-12-09,0.011445446285035077,0.011445446285035077,0.011445446285035077,0.011445446285035077,-0.011445446285035077,0.0,0.0,0.0,0.011445446285035077,0.011445446285035077,0.011445446285035077,0.011445446285035077,-0.011445446285035077,-0.011445446285035077,-0.011445446285035077,-0.011445446285035077
2014-12-10,-0.01947336479710582,-0.01947336479710582,-0.01947336479710582,0.0,0.01947336479710582,-0.01947336479710582,-0.01947336479710582,-0.01947336479710582,0.01947336479710582,0.01947336479710582,0.01947336479710582,0.01947336479710582,-0.01947336479710582,-0.01947336479710582,-0.01947336479710582,-0.01947336479710582
2014-12-11,-0.06816734169000216,-0.06816734169000216,0.0,0.0,0.06816734169000216,-0.06816734169000216,-0.06816734169000216,-0.06816734169000216,0.06816734169000216,0.06816734169000216,0.06816734169000216,0.06816734169000216,-0.06816734169000216,-0.06816734169000216,-0.06816734169000216,-0.06816734169000216
2014-12-12,-0.014980331463210206,0.0,0.0,0.0,-0.014980331463210206,0.014980331463210206,0.014980331463210206,0.0,0.014980331463210206,0.014980331463210206,0.014980331463210206,0.014980331463210206,-0.014980331463210206,-0.014980331463210206,-0.014980331463210206,-0.014980331463210206
2014-12-15,0.05145763910256829,0.05145763910256829,0.05145763910256829,0.05145763910256829,-0.05145763910256829,0.05145763910256829,0.05145763910256829,0.05145763910256829,0.05145763910256829,0.05145763910256829,0.05145763910256829,0.05145763910256829,0.05145763910256829,0.05145763910256829,0.05145763910256829,0.05145763910256829
2014-12-16,0.042825032532828544,0.042825032532828544,0.042825032532828544,0.042825032532828544,-0.042825032532828544,0.042825032532828544,0.042825032532828544,0.042825032532828544,0.042825032532828544,0.042825032532828544,0.042825032532828544,0.042825032532828544,0.042825032532828544,0.042825032532828544,0.042825032532828544,0.042825032532828544
2014-12-17,-0.00960085977848757,-0.00960085977848757,-0.00960085977848757,-0.00960085977848757,0.00960085977848757,-0.00960085977848757,-0.00960085977848757,-0.00960085977848757,-0.00960085977848757,-0.00960085977848757,-0.00960085977848757,-0.00960085977848757,-0.00960085977848757,-0.00960085977848757,-0.00960085977848757,-0.00960085977848757
2014-12-18,-0.05413047016765449,-0.05413047016765449,0.0,0.0,0.05413047016765449,-0.05413047016765449,-0.05413047016765449,-0.05413047016765449,-0.05413047016765449,-0.05413047016765449,-0.05413047016765449,-0.05413047016765449,-0.05413047016765449,-0.05413047016765449,-0.05413047016765449,-0.05413047016765449
2014-12-19,0.0,0.0,0.0,0.0,0.009165190123519795,-0.009165190123519795,0.0,0.0,-0.009165190123519795,-0.009165190123519795,-0.009165190123519795,-0.009165190123519795,-0.009165190123519795,-0.009165190123519795,-0.009165190123519795,-0.009165190123519795
2014-12-22,-0.027756336034992835,-0.027756336034992835,-0.0,-0.0,-0.027756336034992835,0.027756336034992835,0.027756336034992835,0.027756336034992835,0.027756336034992835,0.027756336034992835,0.027756336034992835,0.027756336034992835,0.027756336034992835,0.027756336034992835,0.027756336034992835,0.027756336034992835
2014-12-23,-0.026449694883429853,-0.026449694883429853,-0.026449694883429853,-0.0,-0.026449694883429853,0.026449694883429853,0.026449694883429853,0.026449694883429853,0.026449694883429853,0.026449694883429853,0.026449694883429853,0.026449694883429853,0.026449694883429853,0.026449694883429853,0.026449694883429853,0.026449694883429853
2014-12-24,-0.022201084139730654,0.0,0.0,0.0,0.022201084139730654,-0.022201084139730654,-0.022201084139730654,-0.022201084139730654,-0.022201084139730654,-0.022201084139730654,-0.022201084139730654,-0.022201084139730654,-0.022201084139730654,-0.022201084139730654,-0.022201084139730654,-0.022201084139730654
2014-12-26,0.034484908954851345,0.034484908954851345,0.034484908954851345,0.034484908954851345,-0.034484908954851345,0.034484908954851345,0.034484908954851345,0.034484908954851345,0.034484908954851345,0.034484908954851345,0.034484908954851345,0.034484908954851345,0.034484908954851345,0.034484908954851345,0.034484908954851345,0.034484908954851345
2014-12-29,-0.00298390499728729,-0.00298390499728729,-0.00298390499728729,-0.00298390499728729,0.00298390499728729,-0.00298390499728729,-0.00298390499728729,-0.00298390499728729,-0.00298390499728729,-0.00298390499728729,-0.00298390499728729,-0.00298390499728729,-0.00298390499728729,-0.00298390499728729,-0.00298390499728729,-0.00298390499728729
2014-12-30,-0.02691133347440977,-0.02691133347440977,-0.02691133347440977,-0.02691133347440977,0.02691133347440977,-0.02691133347440977,-0.02691133347440977,-0.02691133347440977,0.02691133347440977,0.02691133347440977,0.02691133347440977,0.02691133347440977,0.02691133347440977,0.02691133347440977,0.02691133347440977,0.02691133347440977
2014-12-31,-0.029114609705262362,-0.029114609705262362,-0.029114609705262362,-0.029114609705262362,0.029114609705262362,-0.029114609705262362,-0.029114609705262362,-0.029114609705262362,0.029114609705262362,0.029114609705262362,0.029114609705262362,0.029114609705262362,0.029114609705262362,0.029114609705262362,0.029114609705262362,0.029114609705262362
2015-01-02,-0.05324072749741138,-0.05324072749741138,-0.05324072749741138,-0.05324072749741138,0.05324072749741138,-0.05324072749741138,-0.05324072749741138,-0.05324072749741138,0.05324072749741138,0.05324072749741138,0.05324072749741138,0.05324072749741138,0.05324072749741138,0.05324072749741138,0.05324072749741138,0.05324072749741138
2015-01-05,0.018805303725753286,0.018805303725753286,0.018805303725753286,0.018805303725753286,-0.018805303725753286,0.018805303725753286,0.018805303725753286,0.018805303725753286,0.018805303725753286,0.018805303725753286,0.018805303725753286,0.0,-0.018805303725753286,-0.018805303725753286,-0.018805303725753286,-0.018805303725753286
2015-01-06,0.014432418966423999,0.014432418966423999,0.014432418966423999,0.014432418966423999,-0.014432418966423999,0.014432418966423999,0.014432418966423999,0.014432418966423999,0.014432418966423999,0.014432418966423999,0.014432418966423999,0.014432418966423999,-0.014432418966423999,-0.014432418966423999,-0.014432418966423999,-0.014432418966423999
2015-01-07,-0.04595906261936311,-0.04595906261936311,-0.04595906261936311,-0.04595906261936311,0.04595906261936311,-0.04595906261936311,-0.04595906261936311,-0.04595906261936311,-0.04595906261936311,-0.04595906261936311,-0.04595906261936311,-0.04595906261936311,0.04595906261936311,0.04595906261936311,0.04595906261936311,0.04595906261936311
2015-01-08,-0.036936791794210944,-0.036936791794210944,-0.036936791794210944,-0.036936791794210944,0.036936791794210944,-0.036936791794210944,-0.036936791794210944,-0.036936791794210944,-0.036936791794210944,-0.0,-0.0,-0.0,0.036936791794210944,0.036936791794210944,0.036936791794210944,0.036936791794210944
2015-01-09,0.0426075157441167,0.0426075157441167,0.0426075157441167,0.0426075157441167,-0.0426075157441167,0.0426075157441167,0.0426075157441167,0.0426075157441167,0.0426075157441167,0.0426075157441167,0.0426075157441167,0.0426075157441167,-0.0426075157441167,-0.0426075157441167,-0.0426075157441167,-0.0426075157441167
2015-01-12,0.012641930964346071,0.012641930964346071,0.012641930964346071,0.012641930964346071,-0.012641930964346071,0.012641930964346071,0.012641930964346071,0.012641930964346071,0.012641930964346071,0.012641930964346071,0.012641930964346071,0.012641930964346071,0.012641930964346071,0.0,0.0,0.0
2015-01-13,-0.0,-0.0,-0.0,-0.0,0.056156998531699864,-0.056156998531699864,-0.056156998531699864,-0.056156998531699864,-0.056156998531699864,-0.056156998531699864,-0.056156998531699864,-0.056156998531699864,0.056156998531699864,0.056156998531699864,0.056156998531699864,0.056156998531699864
2015-01-14,-0.03474534947658903,-0.03474534947658903,-0.0,-0.0,0.03474534947658903,-0.03474534947658903,-0.03474534947658903,-0.03474534947658903,-0.03474534947658903,-0.03474534947658903,-0.03474534947658903,-0.03474534947658903,0.03474534947658903,0.03474534947658903,-0.0,-0.0
2015-01-15,-0.03493222106360783,-0.03493222106360783,-0.03493222106360783,-0.03493222106360783,0.03493222106360783,-0.03493222106360783,-0.03493222106360783,-0.03493222106360783,-0.03493222106360783,-0.03493222106360783,-0.03493222106360783,-0.03493222106360783,-0.03493222106360783,-0.03493222106360783,-0.03493222106360783,-0.0
2015-01-16,0.01743848091455147,0.01743848091455147,0.01743848091455147,0.01743848091455147,-0.01743848091455147,0.01743848091455147,0.01743848091455147,0.01743848091455147,0.01743848091455147,0.01743848091455147,0.01743848091455147,0.01743848091455147,0.01743848091455147,0.01743848091455147,0.01743848091455147,0.01743848091455147
2015-01-20,0.006162492605008896,0.006162492605008896,0.006162492605008896,0.006162492605008896,-0.006162492605008896,0.006162492605008896,0.006162492605008896,0.006162492605008896,0.006162492605008896,0.006162492605008896,0.006162492605008896,0.006162492605008896,0.006162492605008896,0.006162492605008896,0.006162492605008896,0.006162492605008896
2015-01-21,0.02901433602857273,0.02901433602857273,0.02901433602857273,0.02901433602857273,-0.02901433602857273,0.02901433602857273,0.02901433602857273,0.02901433602857273,0.02901433602857273,0.02901433602857273,0.02901433602857273,0.02901433602857273,0.02901433602857273,0.02901433602857273,0.02901433602857273,0.02901433602857273
2015-01-22,-0.017911423769164436,-0.017911423769164436,-0.017911423769164436,-0.017911423769164436,0.017911423769164436,-0.017911423769164436,-0.017911423769164436,-0.017911423769164436,-0.017911423769164436,-0.017911423769164436,-0.017911423769164436,-0.017911423769164436,-0.017911423769164436,-0.017911423769164436,-0.017911423769164436,-0.017911423769164436
2015-01-23,-0.03203561408703748,-0.03203561408703748,-0.03203561408703748,-0.0,0.03203561408703748,-0.03203561408703748,-0.03203561408703748,-0.03203561408703748,-0.03203561408703748,-0.03203561408703748,-0.03203561408703748,-0.03203561408703748,-0.03203561408703748,-0.03203561408703748,-0.03203561408703748,-0.03203561408703748
2015-01-26,0.0,0.0,0.0,0.0,-0.039551621845061447,0.039551621845061447,0.039551621845061447,0.039551621845061447,0.039551621845061447,0.039551621845061447,0.039551621845061447,0.039551621845061447,0.039551621845061447,0.039551621845061447,0.039551621845061447,0.039551621845061447
2015-01-27,0.0,0.0,0.0,0.0,-0.016177460923457176,0.016177460923457176,0.016177460923457176,0.016177460923457176,0.016177460923457176,0.016177460923457176,0.016177460923457176,0.016177460923457176,0.016177460923457176,0.016177460923457176,0.016177460923457176,0.016177460923457176
2015-01-28,0.03056067359059611,0.03056067359059611,0.03056067359059611,0.03056067359059611,0.03056067359059611,-0.03056067359059611,-0.03056067359059611,-0.03056067359059611,-0.03056067359059611,-0.03056067359059611,-0.03056067359059611,-0.03056067359059611,-0.03056067359059611,-0.03056067359059611,-0.03056067359059611,-0.03056067359059611
2015-01-29,0.00804035157810623,0.00804035157810623,0.00804035157810623,0.00804035157810623,0.00804035157810623,-0.00804035157810623,-0.00804035157810623,-0.00804035157810623,-0.00804035157810623,-0.00804035157810623,-0.00804035157810623,-0.00804035157810623,-0.00804035157810623,-0.00804035157810623,-0.00804035157810623,-0.00804035157810623
2015-01-30,0.02536537032449837,0.02536537032449837,0.02536537032449837,0.02536537032449837,-0.02536537032449837,0.02536537032449837,0.02536537032449837,0.02536537032449837,0.02536537032449837,0.02536537032449837,0.02536537032449837,0.02536537032449837,0.02536537032449837,0.02536537032449837,0.02536537032449837,0.02536537032449837
2015-02-02,-0.01875667158033867,-0.01875667158033867,-0.0,-0.0,0.01875667158033867,-0.01875667158033867,-0.0,-0.0,-0.01875667158033867,-0.01875667158033867,-0.01875667158033867,-0.01875667158033867,-0.01875667158033867,-0.01875667158033867,-0.01875667158033867,-0.01875667158033867
2015-02-03,0.012523700229517987,0.012523700229517987,0.012523700229517987,0.012523700229517987,-0.012523700229517987,0.012523700229517987,0.012523700229517987,0.012523700229517987,-0.012523700229517987,-0.012523700229517987,-0.012523700229517987,-0.012523700229517987,-0.012523700229517987,-0.012523700229517987,-0.012523700229517987,-0.012523700229517987
2015-02-04,0.05470359237175382,0.05470359237175382,0.0,0.0,0.05470359237175382,-0.05470359237175382,0.0,0.0,0.05470359237175382,0.05470359237175382,0.05470359237175382,0.05470359237175382,0.05470359237175382,0.05470359237175382,0.05470359237175382,0.05470359237175382
2015-02-05,-0.016879616741994008,-0.016879616741994008,-0.016879616741994008,-0.016879616741994008,0.016879616741994008,-0.0,-0.0,-0.0,-0.016879616741994008,-0.016879616741994008,-0.016879616741994008,-0.016879616741994008,-0.016879616741994008,-0.016879616741994008,-0.016879616741994008,-0.016879616741994008
2015-02-06,-0.019593267954087445,-0.019593267954087445,-0.019593267954087445,-0.019593267954087445,0.019593267954087445,-0.019593267954087445,-0.019593267954087445,0.0,0.019593267954087445,0.019593267954087445,0.019593267954087445,0.019593267954087445,0.019593267954087445,0.019593267954087445,0.019593267954087445,0.019593267954087445
2015-02-09,-0.017867133781275246,-0.017867133781275246,-0.017867133781275246,-0.017867133781275246,0.017867133781275246,-0.017867133781275246,-0.017867133781275246,-0.017867133781275246,0.017867133781275246,0.017867133781275246,0.017867133781275246,0.017867133781275246,0.017867133781275246,0.017867133781275246,0.017867133781275246,0.017867133781275246
2015-02-10,0.011968396618182497,0.011968396618182497,0.011968396618182497,0.011968396618182497,-0.011968396618182497,0.011968396618182497,0.011968396618182497,0.011968396618182497,0.011968396618182497,-0.0,-0.0,-0.0,-0.011968396618182497,-0.011968396618182497,-0.011968396618182497,-0.011968396618182497
2015-02-11,0.005203181885140795,0.005203181885140795,0.005203181885140795,0.005203181885140795,-0.005203181885140795,0.005203181885140795,0.005203181885140795,0.005203181885140795,-0.005203181885140795,-0.005203181885140795,-0.005203181885140795,-0.0,-0.005203181885140795,-0.005203181885140795,-0.005203181885140795,-0.005203181885140795
2015-02-12,-0.0319995812943239,-0.0319995812943239,-0.0319995812943239,-0.0319995812943239,0.0319995812943239,-0.0319995812943239,-0.0319995812943239,-0.0319995812943239,0.0319995812943239,0.0319995812943239,0.0319995812943239,0.0319995812943239,0.0319995812943239,0.0319995812943239,0.0319995812943239,0.0319995812943239
2015-02-13,-0.0,-0.0,-0.0,-0.0,-0.02187606447113022,0.02187606447113022,0.02187606447113022,0.02187606447113022,0.02187606447113022,-0.0,-0.0,-0.0,-0.02187606447113022,-0.02187606447113022,-0.02187606447113022,-0.02187606447113022
2015-02-17,-0.02236014328269753,-0.02236014328269753,-0.02236014328269753,-0.02236014328269753,0.02236014328269753,-0.02236014328269753,-0.02236014328269753,-0.02236014328269753,-0.02236014328269753,-0.02236014328269753,-0.02236014328269753,-0.02236014328269753,0.02236014328269753,0.02236014328269753,0.02236014328269753,0.0
2015-02-18,-0.004378392713142221,-0.004378392713142221,0.0,0.0,0.004378392713142221,-0.004378392713142221,-0.004378392713142221,-0.004378392713142221,-0.004378392713142221,-0.004378392713142221,-0.004378392713142221,-0.004378392713142221,0.004378392713142221,0.004378392713142221,0.004378392713142221,0.004378392713142221
2015-02-19,0.004397647340211641,0.004397647340211641,0.004397647340211641,-0.0,-0.004397647340211641,0.004397647340211641,0.004397647340211641,0.004397647340211641,0.004397647340211641,0.004397647340211641,0.004397647340211641,0.004397647340211641,-0.004397647340211641,-0.004397647340211641,-0.004397647340211641,-0.004397647340211641
2015-02-20,-0.006808427729459776,-0.006808427729459776,-0.006808427729459776,-0.006808427729459776,0.006808427729459776,-0.006808427729459776,-0.006808427729459776,-0.006808427729459776,-0.006808427729459776,-0.006808427729459776,-0.006808427729459776,-0.006808427729459776,0.006808427729459776,0.006808427729459776,0.006808427729459776,0.006808427729459776
2015-02-23,0.01910491354835897,0.01910491354835897,0.01910491354835897,0.01910491354835897,-0.01910491354835897,0.01910491354835897,0.01910491354835897,0.01910491354835897,0.01910491354835897,0.01910491354835897,0.01910491354835897,0.01910491354835897,-0.01910491354835897,-0.01910491354835897,-0.01910491354835897,-0.01910491354835897
2015-02-24,0.008175639908244658,-0.0,-0.0,-0.0,-0.008175639908244658,0.008175639908244658,0.008175639908244658,0.008175639908244658,0.008175639908244658,0.008175639908244658,0.008175639908244658,0.008175639908244658,-0.008175639908244658,-0.0,-0.0,-0.0
2015-02-25,0.01430404989710854,0.01430404989710854,-0.0,-0.0,-0.01430404989710854,0.01430404989710854,0.01430404989710854,0.01430404989710854,0.01430404989710854,0.01430404989710854,0.01430404989710854,0.01430404989710854,-0.01430404989710854,-0.01430404989710854,-0.01430404989710854,-0.01430404989710854
2015-02-26,0.02444508353159569,0.02444508353159569,0.02444508353159569,0.02444508353159569,-0.0,0.0,0.0,0.0,-0.02444508353159569,-0.02444508353159569,-0.02444508353159569,-0.02444508353159569,0.02444508353159569,0.02444508353159569,0.02444508353159569,0.02444508353159569
2015-02-27,0.017832448946775936,0.017832448946775936,0.017832448946775936,0.017832448946775936,-0.017832448946775936,0.0,0.0,0.0,-0.017832448946775936,-0.017832448946775936,-0.017832448946775936,0.0,0.017832448946775936,0.017832448946775936,0.017832448946775936,0.017832448946775936
2015-03-02,0.016682765508095887,0.0,0.0,0.0,0.016682765508095887,-0.016682765508095887,-0.016682765508095887,-0.016682765508095887,-0.016682765508095887,-0.016682765508095887,-0.016682765508095887,-0.016682765508095887,0.016682765508095887,0.016682765508095887,0.016682765508095887,0.016682765508095887
2015-03-03,-0.0,-0.0,-0.0,-0.0,-0.0024918695126148194,-0.0,-0.0,-0.0,0.0024918695126148194,0.0024918695126148194,0.0024918695126148194,0.0024918695126148194,-0.0024918695126148194,-0.0024918695126148194,-0.0024918695126148194,-0.0024918695126148194
2015-03-04,-0.07516262075456037,-0.07516262075456037,-0.07516262075456037,-0.07516262075456037,0.07516262075456037,-0.07516262075456037,-0.07516262075456037,-0.07516262075456037,-0.07516262075456037,-0.07516262075456037,-0.07516262075456037,-0.07516262075456037,0.07516262075456037,0.07516262075456037,0.07516262075456037,0.07516262075456037
2015-03-05,-0.034981862586646484,-0.034981862586646484,-0.034981862586646484,-0.034981862586646484,0.034981862586646484,-0.034981862586646484,-0.034981862586646484,-0.034981862586646484,-0.034981862586646484,-0.034981862586646484,-0.034981862586646484,-0.034981862586646484,0.034981862586646484,0.034981862586646484,0.034981862586646484,0.034981862586646484
2015-03-06,-0.014502462565285867,-0.014502462565285867,-0.014502462565285867,-0.014502462565285867,0.014502462565285867,-0.014502462565285867,-0.014502462565285867,-0.014502462565285867,-0.014502462565285867,-0.014502462565285867,-0.014502462565285867,-0.014502462565285867,-0.014502462565285867,0.0,0.0,0.0
2015-03-09,0.03056471713789377,0.03056471713789377,0.03056471713789377,0.03056471713789377,-0.03056471713789377,0.03056471713789377,0.03056471713789377,0.03056471713789377,0.03056471713789377,0.03056471713789377,0.03056471713789377,0.03056471713789377,0.03056471713789377,0.03056471713789377,0.03056471713789377,0.03056471713789377
2015-03-10,-0.00713971612146691,-0.00713971612146691,-0.00713971612146691,-0.00713971612146691,0.00713971612146691,-0.00713971612146691,-0.00713971612146691,-0.00713971612146691,-0.00713971612146691,-0.00713971612146691,-0.00713971612146691,-0.00713971612146691,-0.00713971612146691,-0.00713971612146691,-0.00713971612146691,-0.00713971612146691
2015-03-11,0.0005536315151664084,0.0005536315151664084,0.0005536315151664084,0.0005536315151664084,-0.0005536315151664084,0.0005536315151664084,0.0005536315151664084,0.0005536315151664084,0.0005536315151664084,0.0005536315151664084,0.0005536315151664084,0.0005536315151664084,0.0005536315151664084,0.0005536315151664084,0.0005536315151664084,0.0005536315151664084
2015-03-12,0.0011066503538208483,0.0011066503538208483,0.0011066503538208483,0.0011066503538208483,-0.0011066503538208483,0.0011066503538208483,0.0011066503538208483,0.0011066503538208483,0.0011066503538208483,0.0011066503538208483,0.0011066503538208483,0.0011066503538208483,0.0011066503538208483,0.0011066503538208483,0.0011066503538208483,0.0011066503538208483
2015-03-13,-0.009844441851467378,-0.009844441851467378,-0.009844441851467378,-0.009844441851467378,0.009844441851467378,-0.009844441851467378,-0.009844441851467378,-0.009844441851467378,-0.009844441851467378,-0.009844441851467378,-0.009844441851467378,-0.009844441851467378,0.009844441851467378,0.009844441851467378,0.009844441851467378,0.009844441851467378
2015-03-16,-0.05008993363517944,-0.05008993363517944,-0.0,-0.0,-0.05008993363517944,0.05008993363517944,0.05008993363517944,0.05008993363517944,0.05008993363517944,0.05008993363517944,0.05008993363517944,0.05008993363517944,-0.05008993363517944,-0.05008993363517944,-0.05008993363517944,-0.05008993363517944
2015-03-17,0.007170448773227034,0.007170448773227034,0.0,0.0,0.007170448773227034,-0.007170448773227034,-0.007170448773227034,-0.007170448773227034,-0.007170448773227034,-0.007170448773227034,-0.007170448773227034,-0.007170448773227034,0.0,0.0,0.0,0.0
2015-03-18,-0.03396949289674689,-0.03396949289674689,-0.03396949289674689,-0.03396949289674689,-0.03396949289674689,0.03396949289674689,0.03396949289674689,0.03396949289674689,0.03396949289674689,0.03396949289674689,0.03396949289674689,0.03396949289674689,-0.03396949289674689,-0.03396949289674689,-0.0,-0.0
2015-03-19,-0.021725871969252353,-0.021725871969252353,-0.021725871969252353,-0.021725871969252353,-0.021725871969252353,0.021725871969252353,0.021725871969252353,0.021725871969252353,0.021725871969252353,0.021725871969252353,0.021725871969252353,0.021725871969252353,-0.021725871969252353,-0.021725871969252353,-0.0,-0.0
2015-03-20,0.005569383594814736,0.005569383594814736,0.005569383594814736,0.005569383594814736,-0.005569383594814736,0.005569383594814736,0.005569383594814736,0.005569383594814736,-0.005569383594814736,-0.005569383594814736,-0.005569383594814736,-0.005569383594814736,0.005569383594814736,0.005569383594814736,0.005569383594814736,0.005569383594814736
2015-03-23,0.013239782772426323,0.013239782772426323,0.013239782772426323,0.013239782772426323,-0.013239782772426323,0.013239782772426323,0.013239782772426323,0.013239782772426323,-0.013239782772426323,-0.013239782772426323,-0.013239782772426323,-0.013239782772426323,0.013239782772426323,0.013239782772426323,0.013239782772426323,0.013239782772426323
2015-03-24,0.015747398867151374,0.015747398867151374,0.015747398867151374,0.015747398867151374,-0.015747398867151374,0.015747398867151374,0.015747398867151374,0.015747398867151374,-0.015747398867151374,-0.015747398867151374,-0.015747398867151374,-0.015747398867151374,0.015747398867151374,0.015747398867151374,0.015747398867151374,0.015747398867151374
2015-03-25,0.012833295434005687,0.012833295434005687,0.012833295434005687,0.012833295434005687,-0.012833295434005687,0.012833295434005687,0.012833295434005687,0.012833295434005687,-0.012833295434005687,-0.012833295434005687,-0.012833295434005687,-0.012833295434005687,0.012833295434005687,0.012833295434005687,0.012833295434005687,0.012833295434005687
2015-03-26,0.01965080977638123,0.01965080977638123,0.01965080977638123,0.01965080977638123,-0.01965080977638123,0.01965080977638123,0.01965080977638123,0.01965080977638123,-0.01965080977638123,-0.01965080977638123,-0.01965080977638123,-0.01965080977638123,0.01965080977638123,0.01965080977638123,0.01965080977638123,0.01965080977638123
2015-03-27,-0.012453382656842038,-0.012453382656842038,-0.012453382656842038,-0.012453382656842038,-0.012453382656842038,0.012453382656842038,0.012453382656842038,0.012453382656842038,-0.012453382656842038,-0.012453382656842038,-0.012453382656842038,-0.012453382656842038,0.012453382656842038,0.012453382656842038,0.012453382656842038,0.012453382656842038
2015-03-30,0.053754453609253794,0.053754453609253794,0.053754453609253794,0.053754453609253794,0.053754453609253794,-0.053754453609253794,-0.053754453609253794,-0.0,0.053754453609253794,0.053754453609253794,0.053754453609253794,0.053754453609253794,-0.0,-0.0,-0.0,-0.0
2015-03-31,-0.010670263948634573,-0.010670263948634573,-0.010670263948634573,-0.010670263948634573,-0.010670263948634573,0.010670263948634573,0.010670263948634573,0.0,-0.010670263948634573,-0.010670263948634573,-0.010670263948634573,-0.010670263948634573,-0.010670263948634573,-0.010670263948634573,-0.010670263948634573,-0.010670263948634573
2015-04-01,0.036042837078651635,-0.0,-0.0,-0.0,0.036042837078651635,-0.036042837078651635,-0.036042837078651635,-0.036042837078651635,0.036042837078651635,0.036042837078651635,0.036042837078651635,0.036042837078651635,0.036042837078651635,0.036042837078651635,-0.0,-0.0
2015-04-02,0.0,0.0,0.0,0.0,-0.024378809188935757,0.024378809188935757,0.024378809188935757,0.0,-0.024378809188935757,-0.024378809188935757,-0.024378809188935757,-0.024378809188935757,-0.024378809188935757,-0.024378809188935757,-0.024378809188935757,-0.024378809188935757
2015-04-06,0.006768062157327059,0.006768062157327059,0.006768062157327059,0.006768062157327059,-0.006768062157327059,0.006768062157327059,0.006768062157327059,0.0,0.006768062157327059,0.006768062157327059,0.006768062157327059,0.006768062157327059,-0.006768062157327059,-0.006768062157327059,-0.006768062157327059,0.0
2015-04-07,0.007863413269291408,0.007863413269291408,0.007863413269291408,0.007863413269291408,0.007863413269291408,-0.007863413269291408,-0.007863413269291408,-0.007863413269291408,0.007863413269291408,0.007863413269291408,0.007863413269291408,0.007863413269291408,-0.007863413269291408,-0.007863413269291408,-0.007863413269291408,-0.007863413269291408
2015-04-08,-0.028530301695014915,-0.028530301695014915,-0.028530301695014915,-0.028530301695014915,-0.028530301695014915,0.028530301695014915,0.028530301695014915,0.028530301695014915,-0.028530301695014915,-0.028530301695014915,-0.028530301695014915,-0.028530301695014915,0.028530301695014915,0.028530301695014915,0.028530301695014915,0.028530301695014915
2015-04-09,-0.01078481215119309,-0.01078481215119309,0.0,0.0,0.01078481215119309,-0.01078481215119309,-0.01078481215119309,-0.01078481215119309,0.01078481215119309,0.01078481215119309,0.01078481215119309,0.01078481215119309,-0.01078481215119309,-0.01078481215119309,-0.01078481215119309,-0.01078481215119309
2015-04-10,-0.00882354639580063,-0.00882354639580063,-0.00882354639580063,-0.00882354639580063,0.00882354639580063,-0.00882354639580063,-0.00882354639580063,-0.00882354639580063,-0.00882354639580063,-0.00882354639580063,-0.00882354639580063,-0.00882354639580063,0.00882354639580063,0.00882354639580063,0.00882354639580063,0.00882354639580063
2015-04-13,0.028305504833973538,0.028305504833973538,0.028305504833973538,0.028305504833973538,0.028305504833973538,-0.028305504833973538,-0.028305504833973538,-0.028305504833973538,-0.028305504833973538,-0.028305504833973538,-0.028305504833973538,-0.028305504833973538,0.028305504833973538,0.028305504833973538,0.028305504833973538,0.028305504833973538
2015-04-14,0.012012513498769861,0.012012513498769861,0.0,0.0,-0.012012513498769861,0.012012513498769861,0.012012513498769861,0.012012513498769861,0.012012513498769861,0.012012513498769861,0.012012513498769861,0.012012513498769861,-0.012012513498769861,-0.012012513498769861,-0.012012513498769861,-0.012012513498769861
2015-04-15,0.0005070765347516826,0.0005070765347516826,0.0005070765347516826,0.0005070765347516826,-0.0005070765347516826,0.0005070765347516826,0.0005070765347516826,0.0005070765347516826,0.0005070765347516826,0.0005070765347516826,0.0005070765347516826,0.0005070765347516826,-0.0005070765347516826,-0.0005070765347516826,-0.0005070765347516826,-0.0005070765347516826
2015-04-16,-0.005073337918127585,-0.005073337918127585,-0.005073337918127585,-0.005073337918127585,0.005073337918127585,-0.005073337918127585,-0.005073337918127585,-0.005073337918127585,-0.005073337918127585,-0.005073337918127585,-0.005073337918127585,-0.005073337918127585,0.005073337918127585,0.005073337918127585,0.005073337918127585,0.005073337918127585
2015-04-17,-0.006550830631863569,-0.006550830631863569,-0.0,-0.0,0.006550830631863569,-0.006550830631863569,-0.006550830631863569,-0.006550830631863569,-0.006550830631863569,-0.006550830631863569,-0.006550830631863569,-0.006550830631863569,0.006550830631863569,0.006550830631863569,0.006550830631863569,0.006550830631863569
2015-04-20,0.031816611503014625,0.031816611503014625,0.031816611503014625,0.031816611503014625,-0.031816611503014625,0.0,0.0,0.0,0.031816611503014625,0.031816611503014625,0.031816611503014625,0.031816611503014625,-0.031816611503014625,-0.031816611503014625,-0.031816611503014625,-0.031816611503014625
2015-04-21,-0.02199636271553218,-0.02199636271553218,-0.02199636271553218,-0.02199636271553218,0.02199636271553218,-0.02199636271553218,-0.02199636271553218,-0.02199636271553218,-0.02199636271553218,-0.02199636271553218,-0.0,-0.0,0.02199636271553218,0.02199636271553218,0.02199636271553218,0.02199636271553218
2015-04-22,-0.01923661714852065,-0.01923661714852065,-0.01923661714852065,-0.01923661714852065,-0.01923661714852065,0.01923661714852065,0.0,0.0,-0.01923661714852065,-0.01923661714852065,-0.01923661714852065,0.0,-0.01923661714852065,-0.01923661714852065,-0.01923661714852065,-0.01923661714852065
2015-04-23,-0.0,-0.0,-0.0,-0.0,0.020900081533285153,-0.020900081533285153,-0.020900081533285153,-0.020900081533285153,-0.020900081533285153,-0.020900081533285153,-0.020900081533285153,-0.0,0.020900081533285153,0.020900081533285153,0.020900081533285153,0.020900081533285153
2015-04-24,0.038182922576798894,0.038182922576798894,0.038182922576798894,-0.0,-0.038182922576798894,-0.0,-0.0,-0.0,-0.038182922576798894,-0.038182922576798894,-0.038182922576798894,-0.0,0.038182922576798894,0.038182922576798894,0.038182922576798894,0.038182922576798894
2015-04-27,-0.0,-0.0,-0.0,-0.0,0.009745870600408546,-0.009745870600408546,-0.009745870600408546,-0.009745870600408546,-0.009745870600408546,-0.009745870600408546,-0.009745870600408546,-0.009745870600408546,0.009745870600408546,0.009745870600408546,0.009745870600408546,0.009745870600408546
2015-04-28,0.0284618273512528,0.0284618273512528,0.0284618273512528,0.0284618273512528,-0.0284618273512528,0.0284618273512528,0.0284618273512528,0.0284618273512528,0.0284618273512528,0.0284618273512528,0.0284618273512528,0.0284618273512528,-0.0284618273512528,-0.0284618273512528,-0.0284618273512528,-0.0284618273512528
2015-04-29,-0.005461523593892403,-0.005461523593892403,-0.005461523593892403,-0.005461523593892403,0.005461523593892403,-0.005461523593892403,-0.005461523593892403,-0.005461523593892403,-0.005461523593892403,-0.005461523593892403,-0.005461523593892403,-0.005461523593892403,0.005461523593892403,0.005461523593892403,0.005461523593892403,0.005461523593892403
2015-04-30,-0.008145039928820097,-0.008145039928820097,-0.008145039928820097,-0.0,0.008145039928820097,-0.008145039928820097,-0.008145039928820097,-0.008145039928820097,-0.008145039928820097,-0.008145039928820097,-0.008145039928820097,-0.008145039928820097,0.008145039928820097,0.008145039928820097,0.008145039928820097,0.008145039928820097
2015-05-01,0.01004047788970186,0.01004047788970186,0.01004047788970186,0.01004047788970186,-0.01004047788970186,0.01004047788970186,0.01004047788970186,0.01004047788970186,0.01004047788970186,0.01004047788970186,0.01004047788970186,0.01004047788970186,-0.01004047788970186,-0.01004047788970186,-0.01004047788970186,-0.01004047788970186
2015-05-04,0.024736674114267276,0.024736674114267276,0.024736674114267276,0.024736674114267276,-0.024736674114267276,0.024736674114267276,0.024736674114267276,0.024736674114267276,0.024736674114267276,0.024736674114267276,0.024736674114267276,0.024736674114267276,-0.024736674114267276,-0.024736674114267276,-0.024736674114267276,-0.024736674114267276
2015-05-05,0.0060885119541356225,0.0060885119541356225,0.0060885119541356225,-0.0,0.0060885119541356225,-0.0060885119541356225,-0.0,-0.0,-0.0060885119541356225,-0.0060885119541356225,-0.0060885119541356225,-0.0060885119541356225,0.0060885119541356225,0.0060885119541356225,0.0060885119541356225,0.0060885119541356225
2015-05-06,0.007307989994279396,0.007307989994279396,0.007307989994279396,0.007307989994279396,0.007307989994279396,-0.007307989994279396,-0.007307989994279396,-0.0,-0.007307989994279396,-0.007307989994279396,-0.007307989994279396,-0.007307989994279396,0.007307989994279396,0.007307989994279396,0.007307989994279396,0.007307989994279396
2015-05-07,0.002505553977984354,0.002505553977984354,0.002505553977984354,-0.0,0.0,-0.0,-0.0,-0.0,-0.002505553977984354,-0.002505553977984354,-0.002505553977984354,-0.002505553977984354,0.002505553977984354,0.002505553977984354,0.002505553977984354,0.002505553977984354
2015-05-08,0.012985209746127602,0.012985209746127602,-0.0,-0.0,0.012985209746127602,-0.012985209746127602,-0.012985209746127602,-0.012985209746127602,-0.012985209746127602,-0.012985209746127602,-0.012985209746127602,-0.012985209746127602,0.012985209746127602,0.012985209746127602,0.012985209746127602,0.012985209746127602
2015-05-11,0.024398401219371868,0.024398401219371868,0.024398401219371868,-0.0,0.024398401219371868,-0.024398401219371868,-0.0,-0.0,-0.024398401219371868,-0.024398401219371868,-0.024398401219371868,-0.024398401219371868,0.024398401219371868,0.024398401219371868,0.024398401219371868,0.024398401219371868
2015-05-12,-0.0,-0.0,-0.0,-0.0,-0.001926792586130155,0.001926792586130155,-0.0,-0.0,-0.001926792586130155,-0.001926792586130155,-0.001926792586130155,-0.001926792586130155,0.001926792586130155,0.001926792586130155,0.001926792586130155,0.001926792586130155
2015-05-13,0.0036324980368483972,0.0036324980368483972,0.0036324980368483972,0.0036324980368483972,-0.0,0.0,0.0,0.0,0.0036324980368483972,0.0036324980368483972,0.0036324980368483972,0.0036324980368483972,0.0036324980368483972,0.0036324980368483972,0.0,0.0
2015-05-14,-0.00027343058884077287,-0.00027343058884077287,-0.00027343058884077287,-0.00027343058884077287,0.00027343058884077287,-0.00027343058884077287,-0.00027343058884077287,-0.00027343058884077287,-0.00027343058884077287,-0.00027343058884077287,-0.00027343058884077287,-0.00027343058884077287,0.00027343058884077287,-0.0,-0.0,-0.0
2015-05-15,0.036136570724124906,0.036136570724124906,0.036136570724124906,0.036136570724124906,-0.036136570724124906,0.036136570724124906,0.036136570724124906,0.036136570724124906,0.036136570724124906,0.036136570724124906,0.036136570724124906,0.036136570724124906,0.036136570724124906,0.0,0.0,0.0
2015-05-18,-0.003987143270236082,-0.003987143270236082,-0.003987143270236082,-0.003987143270236082,0.003987143270236082,-0.003987143270236082,-0.003987143270236082,-0.0,-0.003987143270236082,-0.003987143270236082,-0.003987143270236082,-0.003987143270236082,-0.003987143270236082,-0.003987143270236082,-0.0,-0.0
2015-05-19,-0.007217037303719365,-0.007217037303719365,0.0,0.0,0.007217037303719365,-0.007217037303719365,0.0,0.0,0.0,0.0,0.0,0.0,-0.007217037303719365,-0.007217037303719365,-0.007217037303719365,-0.007217037303719365
2015-05-20,-0.004764508318362837,-0.004764508318362837,-0.004764508318362837,-0.004764508318362837,-0.004764508318362837,0.004764508318362837,0.004764508318362837,0.0,0.004764508318362837,0.004764508318362837,0.004764508318362837,0.004764508318362837,-0.004764508318362837,-0.004764508318362837,-0.004764508318362837,0.0
2015-05-21,-0.030243065677063474,-0.030243065677063474,-0.030243065677063474,-0.030243065677063474,-0.030243065677063474,0.0,0.0,0.0,0.030243065677063474,0.0,0.0,0.0,-0.030243065677063474,-0.030243065677063474,-0.030243065677063474,-0.030243065677063474
2015-05-22,0.010133357997144321,0.010133357997144321,0.010133357997144321,0.010133357997144321,-0.010133357997144321,-0.0,-0.0,-0.0,-0.010133357997144321,-0.010133357997144321,-0.010133357997144321,-0.010133357997144321,0.010133357997144321,0.010133357997144321,0.010133357997144321,0.010133357997144321
2015-05-26,0.006947226259828687,0.006947226259828687,0.006947226259828687,0.006947226259828687,-0.006947226259828687,0.006947226259828687,0.006947226259828687,0.006947226259828687,0.006947226259828687,0.006947226259828687,0.006947226259828687,0.006947226259828687,0.006947226259828687,0.006947226259828687,0.006947226259828687,0.006947226259828687
2015-05-27,0.0,0.0,0.0,0.0,-0.0,0.0,0.0,0.0,0.0,0.0,0.0,0.0,0.0,0.0,0.0,0.0
2015-05-28,-0.0035803591725391826,-0.0035803591725391826,-0.0035803591725391826,-0.0035803591725391826,0.0035803591725391826,-0.0035803591725391826,-0.0035803591725391826,-0.0035803591725391826,-0.0035803591725391826,-0.0035803591725391826,-0.0035803591725391826,-0.0035803591725391826,-0.0035803591725391826,-0.0035803591725391826,-0.0035803591725391826,-0.0035803591725391826
2015-05-29,0.014104830890321107,0.014104830890321107,0.014104830890321107,-0.0,-0.014104830890321107,0.014104830890321107,0.014104830890321107,0.014104830890321107,0.014104830890321107,0.014104830890321107,0.014104830890321107,0.014104830890321107,0.014104830890321107,0.014104830890321107,0.014104830890321107,0.014104830890321107
2015-06-01,-0.018711720274685928,-0.018711720274685928,-0.018711720274685928,0.0,0.018711720274685928,-0.018711720274685928,-0.018711720274685928,-0.018711720274685928,-0.018711720274685928,-0.018711720274685928,-0.018711720274685928,-0.018711720274685928,-0.018711720274685928,-0.018711720274685928,-0.018711720274685928,-0.018711720274685928
2015-06-02,0.016231458767968165,0.016231458767968165,0.016231458767968165,0.016231458767968165,0.016231458767968165,-0.016231458767968165,-0.016231458767968165,-0.016231458767968165,-0.016231458767968165,-0.016231458767968165,-0.016231458767968165,-0.016231458767968165,0.016231458767968165,0.016231458767968165,0.016231458767968165,0.016231458767968165
2015-06-03,0.0,0.0,0.0,0.0,0.01362121600522026,-0.01362121600522026,-0.01362121600522026,-0.01362121600522026,-0.01362121600522026,-0.01362121600522026,-0.01362121600522026,-0.01362121600522026,0.01362121600522026,0.01362121600522026,0.01362121600522026,0.01362121600522026
2015-06-04,0.009562567186041981,0.009562567186041981,0.009562567186041981,0.009562567186041981,-0.009562567186041981,0.009562567186041981,0.009562567186041981,0.009562567186041981,0.009562567186041981,0.009562567186041981,0.009562567186041981,0.009562567186041981,-0.009562567186041981,-0.009562567186041981,-0.009562567186041981,-0.009562567186041981
2015-06-05,-0.012894544390814722,-0.012894544390814722,-0.012894544390814722,-0.012894544390814722,0.012894544390814722,-0.012894544390814722,-0.012894544390814722,-0.012894544390814722,-0.012894544390814722,-0.012894544390814722,-0.012894544390814722,-0.012894544390814722,0.012894544390814722,0.012894544390814722,0.012894544390814722,0.012894544390814722
2015-06-08,0.010929285625381535,0.010929285625381535,0.010929285625381535,0.010929285625381535,-0.010929285625381535,0.010929285625381535,0.010929285625381535,0.010929285625381535,0.010929285625381535,0.010929285625381535,0.010929285625381535,0.010929285625381535,-0.010929285625381535,-0.010929285625381535,-0.010929285625381535,-0.010929285625381535
2015-06-09,-0.012652068126520755,-0.012652068126520755,-0.012652068126520755,-0.012652068126520755,0.012652068126520755,-0.012652068126520755,-0.012652068126520755,-0.012652068126520755,-0.012652068126520755,-0.012652068126520755,-0.012652068126520755,-0.012652068126520755,0.012652068126520755,0.012652068126520755,0.012652068126520755,0.012652068126520755
2015-06-10,-0.008509147481993051,-0.008509147481993051,-0.008509147481993051,-0.008509147481993051,0.008509147481993051,-0.008509147481993051,-0.008509147481993051,-0.008509147481993051,-0.008509147481993051,-0.008509147481993051,-0.008509147481993051,-0.008509147481993051,0.008509147481993051,0.008509147481993051,0.008509147481993051,0.008509147481993051
2015-06-11,0.0005030723346151067,0.0005030723346151067,0.0005030723346151067,-0.0,-0.0005030723346151067,0.0005030723346151067,0.0005030723346151067,0.0005030723346151067,0.0005030723346151067,0.0005030723346151067,0.0005030723346151067,0.0005030723346151067,-0.0005030723346151067,-0.0005030723346151067,-0.0005030723346151067,-0.0005030723346151067
2015-06-12,-0.012911683367453075,-0.012911683367453075,0.0,0.0,0.012911683367453075,-0.012911683367453075,-0.012911683367453075,-0.012911683367453075,-0.012911683367453075,-0.012911683367453075,-0.012911683367453075,-0.012911683367453075,-0.012911683367453075,-0.012911683367453075,0.0,0.0
2015-06-15,0.027804561524793492,0.027804561524793492,0.027804561524793492,0.027804561524793492,-0.027804561524793492,0.027804561524793492,0.027804561524793492,0.027804561524793492,0.027804561524793492,0.027804561524793492,0.027804561524793492,0.027804561524793492,0.027804561524793492,-0.0,-0.0,-0.0
2015-06-16,0.012732615083251853,0.012732615083251853,0.012732615083251853,0.012732615083251853,-0.012732615083251853,0.012732615083251853,0.012732615083251853,0.012732615083251853,0.012732615083251853,0.012732615083251853,0.012732615083251853,0.012732615083251853,0.012732615083251853,0.012732615083251853,0.012732615083251853,0.012732615083251853
2015-06-17,-0.02252336230803298,0.0,0.0,0.0,0.02252336230803298,-0.02252336230803298,-0.02252336230803298,-0.02252336230803298,-0.02252336230803298,-0.02252336230803298,-0.02252336230803298,-0.02252336230803298,-0.02252336230803298,-0.02252336230803298,-0.02252336230803298,-0.02252336230803298
2015-06-18,0.017415870972356196,0.017415870972356196,0.017415870972356196,0.0,-0.0,0.0,0.0,0.0,-0.017415870972356196,-0.017415870972356196,-0.017415870972356196,-0.017415870972356196,-0.017415870972356196,-0.017415870972356196,-0.017415870972356196,-0.017415870972356196
2015-06-19,-0.0,-0.0,-0.0,-0.0,-0.001904692580191103,-0.0,-0.0,-0.0,0.001904692580191103,0.001904692580191103,0.001904692580191103,0.001904692580191103,0.001904692580191103,0.001904692580191103,0.001904692580191103,0.001904692580191103
2015-06-22,0.0005448931404008484,0.0005448931404008484,-0.0,-0.0,-0.0005448931404008484,0.0005448931404008484,0.0005448931404008484,0.0005448931404008484,0.0005448931404008484,0.0005448931404008484,0.0005448931404008484,0.0005448931404008484,0.0005448931404008484,0.0005448931404008484,0.0005448931404008484,0.0005448931404008484
2015-06-23,0.0,0.0,0.0,0.0,0.010607527532373262,-0.010607527532373262,-0.010607527532373262,-0.010607527532373262,-0.010607527532373262,-0.010607527532373262,-0.010607527532373262,-0.010607527532373262,-0.010607527532373262,-0.010607527532373262,-0.010607527532373262,-0.010607527532373262
2015-06-24,-0.00439736525041734,-0.00439736525041734,-0.00439736525041734,-0.00439736525041734,0.00439736525041734,-0.00439736525041734,-0.00439736525041734,-0.00439736525041734,-0.00439736525041734,-0.00439736525041734,-0.00439736525041734,-0.00439736525041734,0.0,0.0,0.0,0.0
2015-06-25,-0.01077474998157113,-0.01077474998157113,-0.01077474998157113,-0.01077474998157113,0.01077474998157113,-0.01077474998157113,-0.01077474998157113,-0.01077474998157113,-0.01077474998157113,-0.01077474998157113,-0.01077474998157113,-0.01077474998157113,0.0,0.0,0.0,0.0
2015-06-26,-0.008656557000385035,-0.008656557000385035,-0.008656557000385035,-0.008656557000385035,0.008656557000385035,-0.008656557000385035,-0.008656557000385035,-0.008656557000385035,-0.008656557000385035,-0.008656557000385035,-0.008656557000385035,-0.008656557000385035,-0.008656557000385035,-0.008656557000385035,-0.008656557000385035,-0.008656557000385035
2015-06-29,-0.026183913806063663,-0.026183913806063663,-0.026183913806063663,-0.026183913806063663,0.026183913806063663,-0.026183913806063663,-0.026183913806063663,-0.026183913806063663,-0.026183913806063663,-0.026183913806063663,-0.026183913806063663,-0.026183913806063663,-0.026183913806063663,-0.026183913806063663,-0.026183913806063663,-0.026183913806063663
2015-06-30,0.01908529525279823,0.01908529525279823,0.01908529525279823,0.01908529525279823,-0.01908529525279823,0.01908529525279823,0.01908529525279823,0.01908529525279823,0.01908529525279823,0.01908529525279823,0.01908529525279823,0.01908529525279823,0.01908529525279823,0.01908529525279823,0.01908529525279823,0.01908529525279823
2015-07-01,0.012485245570515113,0.012485245570515113,0.012485245570515113,0.012485245570515113,-0.012485245570515113,-0.012485245570515113,0.012485245570515113,0.012485245570515113,0.012485245570515113,0.012485245570515113,0.012485245570515113,0.012485245570515113,0.012485245570515113,0.012485245570515113,0.012485245570515113,0.012485245570515113
2015-07-02,-0.04764814064399503,-0.04764814064399503,-0.04764814064399503,-0.04764814064399503,0.04764814064399503,0.04764814064399503,-0.04764814064399503,-0.04764814064399503,-0.04764814064399503,-0.04764814064399503,-0.04764814064399503,-0.04764814064399503,-0.04764814064399503,-0.04764814064399503,-0.04764814064399503,-0.04764814064399503
2015-07-06,-0.007652426650606836,-0.007652426650606836,0.0,0.0,0.007652426650606836,0.007652426650606836,-0.007652426650606836,-0.007652426650606836,-0.007652426650606836,-0.007652426650606836,-0.007652426650606836,-0.007652426650606836,-0.007652426650606836,-0.007652426650606836,-0.007652426650606836,-0.007652426650606836
2015-07-07,0.0041558647167085905,0.0041558647167085905,0.0041558647167085905,0.0041558647167085905,-0.0041558647167085905,-0.0041558647167085905,0.0041558647167085905,0.0041558647167085905,0.0041558647167085905,0.0041558647167085905,0.0041558647167085905,0.0041558647167085905,0.0041558647167085905,0.0041558647167085905,0.0041558647167085905,0.0041558647167085905
2015-07-08,-0.010044474225314182,-0.010044474225314182,-0.010044474225314182,-0.010044474225314182,0.010044474225314182,0.010044474225314182,-0.010044474225314182,-0.010044474225314182,-0.010044474225314182,-0.010044474225314182,-0.010044474225314182,-0.010044474225314182,-0.010044474225314182,-0.010044474225314182,-0.010044474225314182,-0.010044474225314182
2015-07-09,0.0017917103534315082,0.0017917103534315082,0.0017917103534315082,0.0017917103534315082,-0.0017917103534315082,-0.0017917103534315082,0.0017917103534315082,0.0017917103534315082,0.0017917103534315082,0.0017917103534315082,0.0017917103534315082,0.0017917103534315082,0.0017917103534315082,0.0017917103534315082,0.0017917103534315082,0.0017917103534315082
2015-07-10,-0.0053588935110356894,-0.0053588935110356894,-0.0053588935110356894,-0.0053588935110356894,0.0053588935110356894,0.0053588935110356894,-0.0053588935110356894,-0.0053588935110356894,-0.0053588935110356894,-0.0053588935110356894,-0.0053588935110356894,-0.0053588935110356894,-0.0053588935110356894,-0.0053588935110356894,-0.0053588935110356894,-0.0053588935110356894
2015-07-13,-0.023355865605540926,-0.023355865605540926,-0.023355865605540926,-0.023355865605540926,0.023355865605540926,0.023355865605540926,-0.023355865605540926,-0.023355865605540926,-0.023355865605540926,-0.023355865605540926,-0.023355865605540926,-0.023355865605540926,-0.023355865605540926,-0.023355865605540926,-0.023355865605540926,-0.023355865605540926
2015-07-14,-0.009805793464622736,-0.009805793464622736,-0.009805793464622736,0.0,0.009805793464622736,0.009805793464622736,-0.009805793464622736,-0.009805793464622736,-0.009805793464622736,-0.009805793464622736,-0.009805793464622736,-0.009805793464622736,-0.009805793464622736,-0.009805793464622736,-0.009805793464622736,-0.009805793464622736
2015-07-15,-0.04458370635631159,-0.04458370635631159,-0.04458370635631159,-0.04458370635631159,0.04458370635631159,0.04458370635631159,-0.04458370635631159,-0.04458370635631159,-0.04458370635631159,-0.04458370635631159,-0.04458370635631159,-0.04458370635631159,-0.04458370635631159,-0.04458370635631159,-0.04458370635631159,-0.04458370635631159
2015-07-16,-0.10693691615730594,-0.10693691615730594,-0.10693691615730594,-0.10693691615730594,0.10693691615730594,0.10693691615730594,-0.10693691615730594,-0.10693691615730594,-0.10693691615730594,-0.10693691615730594,-0.10693691615730594,-0.10693691615730594,-0.10693691615730594,-0.10693691615730594,-0.10693691615730594,-0.10693691615730594
2015-07-17,0.025036319612590896,0.025036319612590896,0.025036319612590896,0.025036319612590896,-0.025036319612590896,-0.025036319612590896,0.025036319612590896,0.025036319612590896,0.025036319612590896,0.025036319612590896,0.025036319612590896,0.025036319612590896,0.025036319612590896,0.025036319612590896,0.025036319612590896,0.025036319612590896
2015-07-20,-0.0031810522668934693,-0.0031810522668934693,-0.0031810522668934693,-0.0031810522668934693,0.0031810522668934693,0.0031810522668934693,-0.0031810522668934693,-0.0031810522668934693,-0.0031810522668934693,-0.0031810522668934693,-0.0031810522668934693,-0.0031810522668934693,-0.0031810522668934693,-0.0031810522668934693,-0.0031810522668934693,-0.0031810522668934693
2015-07-21,-0.03409216575301355,-0.03409216575301355,-0.03409216575301355,-0.03409216575301355,0.03409216575301355,0.03409216575301355,-0.03409216575301355,-0.03409216575301355,-0.03409216575301355,-0.03409216575301355,-0.03409216575301355,-0.03409216575301355,-0.03409216575301355,-0.03409216575301355,-0.03409216575301355,-0.03409216575301355
2015-07-22,0.03529546458186816,0.03529546458186816,0.03529546458186816,0.03529546458186816,-0.03529546458186816,-0.03529546458186816,0.03529546458186816,0.03529546458186816,0.03529546458186816,0.03529546458186816,0.03529546458186816,0.03529546458186816,0.03529546458186816,0.03529546458186816,0.03529546458186816,0.03529546458186816
2015-07-23,-0.03635918418932371,-0.03635918418932371,-0.03635918418932371,-0.03635918418932371,0.03635918418932371,0.03635918418932371,-0.03635918418932371,-0.03635918418932371,-0.03635918418932371,-0.03635918418932371,-0.03635918418932371,-0.03635918418932371,-0.03635918418932371,-0.03635918418932371,-0.03635918418932371,-0.03635918418932371
2015-07-24,0.009721709906143516,0.009721709906143516,0.009721709906143516,0.009721709906143516,-0.009721709906143516,-0.009721709906143516,0.009721709906143516,0.009721709906143516,0.009721709906143516,0.009721709906143516,0.009721709906143516,0.009721709906143516,0.009721709906143516,0.009721709906143516,0.009721709906143516,0.009721709906143516
2015-07-27,0.018980199868486203,0.018980199868486203,0.018980199868486203,-0.0,-0.018980199868486203,-0.018980199868486203,0.018980199868486203,0.018980199868486203,0.018980199868486203,0.018980199868486203,0.018980199868486203,0.018980199868486203,0.018980199868486203,0.018980199868486203,0.018980199868486203,0.018980199868486203
2015-07-28,-0.03431353022251615,-0.03431353022251615,-0.03431353022251615,-0.03431353022251615,0.03431353022251615,0.03431353022251615,-0.03431353022251615,-0.03431353022251615,-0.03431353022251615,-0.03431353022251615,-0.03431353022251615,-0.03431353022251615,-0.03431353022251615,-0.03431353022251615,-0.03431353022251615,-0.03431353022251615
2015-07-29,0.02069102069102069,-0.0,-0.0,-0.0,-0.02069102069102069,-0.02069102069102069,0.02069102069102069,0.02069102069102069,0.02069102069102069,0.02069102069102069,0.02069102069102069,0.02069102069102069,0.02069102069102069,0.02069102069102069,0.02069102069102069,0.02069102069102069
2015-07-30,-0.03487714193339797,0.0,0.0,0.0,0.03487714193339797,0.03487714193339797,-0.03487714193339797,-0.03487714193339797,-0.03487714193339797,-0.03487714193339797,-0.03487714193339797,-0.03487714193339797,-0.03487714193339797,-0.03487714193339797,-0.03487714193339797,-0.03487714193339797
2015-07-31,0.0007537372806833975,0.0007537372806833975,0.0007537372806833975,0.0007537372806833975,-0.0007537372806833975,-0.0007537372806833975,0.0007537372806833975,0.0007537372806833975,0.0007537372806833975,0.0007537372806833975,0.0007537372806833975,0.0007537372806833975,0.0007537372806833975,0.0007537372806833975,0.0007537372806833975,0.0007537372806833975
2015-08-03,-0.015431608017071885,-0.015431608017071885,-0.015431608017071885,-0.015431608017071885,0.015431608017071885,0.015431608017071885,-0.015431608017071885,-0.015431608017071885,-0.015431608017071885,-0.015431608017071885,-0.015431608017071885,-0.015431608017071885,-0.015431608017071885,-0.015431608017071885,-0.015431608017071885,-0.015431608017071885
2015-08-04,0.02254974458355652,0.02254974458355652,0.02254974458355652,0.02254974458355652,-0.02254974458355652,-0.02254974458355652,0.02254974458355652,0.02254974458355652,0.02254974458355652,0.02254974458355652,0.02254974458355652,0.02254974458355652,0.02254974458355652,0.02254974458355652,0.02254974458355652,0.02254974458355652
2015-08-05,0.0022360021279423936,0.0022360021279423936,0.0022360021279423936,0.0022360021279423936,-0.0022360021279423936,-0.0022360021279423936,0.0022360021279423936,0.0022360021279423936,0.0022360021279423936,0.0022360021279423936,0.0022360021279423936,0.0022360021279423936,0.0022360021279423936,0.0022360021279423936,0.0022360021279423936,0.0022360021279423936
2015-08-06,0.06413542003599493,-0.0,-0.0,-0.0,-0.06413542003599493,-0.06413542003599493,0.06413542003599493,-0.0,0.06413542003599493,0.06413542003599493,0.06413542003599493,0.06413542003599493,0.06413542003599493,0.06413542003599493,0.06413542003599493,0.06413542003599493
2015-08-07,0.017520614780290877,0.017520614780290877,0.017520614780290877,0.017520614780290877,-0.017520614780290877,-0.017520614780290877,0.017520614780290877,0.017520614780290877,0.017520614780290877,0.017520614780290877,0.017520614780290877,0.017520614780290877,0.017520614780290877,0.017520614780290877,0.017520614780290877,0.017520614780290877
2015-08-10,-0.06679994485040663,-0.06679994485040663,-0.06679994485040663,-0.06679994485040663,0.06679994485040663,0.06679994485040663,-0.06679994485040663,-0.06679994485040663,0.06679994485040663,0.06679994485040663,0.06679994485040663,0.06679994485040663,0.06679994485040663,0.06679994485040663,0.06679994485040663,0.06679994485040663
2015-08-11,0.053577454676000724,0.053577454676000724,0.053577454676000724,0.053577454676000724,-0.053577454676000724,-0.053577454676000724,0.053577454676000724,0.053577454676000724,-0.053577454676000724,-0.053577454676000724,-0.053577454676000724,-0.053577454676000724,-0.053577454676000724,-0.053577454676000724,-0.053577454676000724,-0.053577454676000724
2015-08-12,0.013648122719306932,0.013648122719306932,0.013648122719306932,0.013648122719306932,-0.013648122719306932,-0.013648122719306932,0.013648122719306932,0.013648122719306932,-0.013648122719306932,-0.013648122719306932,-0.013648122719306932,-0.013648122719306932,-0.013648122719306932,-0.013648122719306932,-0.013648122719306932,-0.013648122719306932
2015-08-13,-0.038726598673988866,-0.038726598673988866,-0.038726598673988866,-0.038726598673988866,0.038726598673988866,0.038726598673988866,-0.038726598673988866,-0.038726598673988866,0.038726598673988866,0.038726598673988866,0.038726598673988866,0.038726598673988866,0.038726598673988866,0.038726598673988866,0.038726598673988866,0.038726598673988866
2015-08-14,0.01663840531955063,0.01663840531955063,0.01663840531955063,0.01663840531955063,-0.01663840531955063,-0.01663840531955063,0.01663840531955063,0.01663840531955063,-0.01663840531955063,-0.01663840531955063,-0.01663840531955063,-0.01663840531955063,-0.01663840531955063,-0.01663840531955063,-0.01663840531955063,-0.01663840531955063
2015-08-17,-0.02843330672730837,-0.02843330672730837,-0.02843330672730837,-0.02843330672730837,0.02843330672730837,0.02843330672730837,-0.02843330672730837,-0.02843330672730837,-0.02843330672730837,-0.02843330672730837,-0.02843330672730837,-0.02843330672730837,0.02843330672730837,0.02843330672730837,0.02843330672730837,0.02843330672730837
2015-08-18,-0.04048968355079152,-0.04048968355079152,-0.04048968355079152,-0.0,0.04048968355079152,0.04048968355079152,-0.04048968355079152,-0.04048968355079152,-0.04048968355079152,-0.04048968355079152,-0.04048968355079152,-0.04048968355079152,0.04048968355079152,0.04048968355079152,0.04048968355079152,0.04048968355079152
2015-08-19,-0.026895037577054137,-0.026895037577054137,-0.026895037577054137,0.0,-0.026895037577054137,-0.026895037577054137,0.026895037577054137,0.026895037577054137,0.026895037577054137,0.026895037577054137,0.026895037577054137,0.026895037577054137,-0.026895037577054137,-0.026895037577054137,-0.026895037577054137,-0.026895037577054137
2015-08-20,0.0796754552160015,0.0796754552160015,0.0796754552160015,0.0796754552160015,-0.0796754552160015,-0.0796754552160015,0.0796754552160015,0.0796754552160015,0.0796754552160015,0.0796754552160015,0.0796754552160015,0.0796754552160015,-0.0796754552160015,-0.0796754552160015,-0.0796754552160015,-0.0796754552160015
2015-08-21,0.03211333563818097,0.03211333563818097,0.03211333563818097,0.03211333563818097,-0.03211333563818097,-0.03211333563818097,0.03211333563818097,0.03211333563818097,0.03211333563818097,0.03211333563818097,0.03211333563818097,0.03211333563818097,-0.03211333563818097,-0.03211333563818097,-0.03211333563818097,-0.03211333563818097
2015-08-24,-0.047442381536113465,-0.047442381536113465,-0.047442381536113465,-0.047442381536113465,0.047442381536113465,-0.0,0.0,0.0,0.047442381536113465,0.047442381536113465,0.047442381536113465,0.047442381536113465,-0.047442381536113465,-0.047442381536113465,-0.047442381536113465,-0.047442381536113465
2015-08-25,0.05631642192999653,0.05631642192999653,0.05631642192999653,0.05631642192999653,-0.05631642192999653,-0.05631642192999653,0.05631642192999653,0.05631642192999653,-0.0,-0.0,-0.0,-0.0,0.05631642192999653,0.05631642192999653,0.05631642192999653,0.05631642192999653
2015-08-26,0.033369639759570635,0.033369639759570635,0.033369639759570635,0.033369639759570635,-0.033369639759570635,-0.033369639759570635,0.033369639759570635,0.033369639759570635,0.033369639759570635,0.033369639759570635,0.033369639759570635,0.033369639759570635,0.033369639759570635,0.033369639759570635,0.033369639759570635,0.033369639759570635
2015-08-27,-0.010181057299677554,-0.010181057299677554,-0.010181057299677554,-0.010181057299677554,0.010181057299677554,0.010181057299677554,-0.010181057299677554,-0.010181057299677554,0.010181057299677554,0.010181057299677554,0.010181057299677554,0.010181057299677554,-0.010181057299677554,-0.010181057299677554,-0.010181057299677554,-0.010181057299677554
2015-08-28,-0.029074674428326786,-0.029074674428326786,-0.029074674428326786,-0.029074674428326786,0.029074674428326786,0.029074674428326786,0.0,0.0,0.029074674428326786,0.029074674428326786,0.029074674428326786,0.029074674428326786,-0.029074674428326786,-0.029074674428326786,-0.029074674428326786,-0.029074674428326786
2015-08-31,0.0,0.0,0.0,0.0,0.004744457352690357,0.004744457352690357,-0.004744457352690357,-0.004744457352690357,0.004744457352690357,0.004744457352690357,0.004744457352690357,0.004744457352690357,-0.004744457352690357,-0.004744457352690357,-0.004744457352690357,-0.004744457352690357
2015-09-01,0.0,0.0,0.0,0.0,0.017982645889622617,0.017982645889622617,-0.017982645889622617,-0.017982645889622617,0.017982645889622617,0.017982645889622617,0.017982645889622617,0.017982645889622617,-0.017982645889622617,-0.017982645889622617,-0.017982645889622617,-0.017982645889622617
2015-09-02,-0.0022360021279423936,-0.0022360021279423936,-0.0022360021279423936,-0.0022360021279423936,-0.0022360021279423936,-0.0022360021279423936,0.0022360021279423936,0.0022360021279423936,-0.0022360021279423936,-0.0022360021279423936,-0.0022360021279423936,-0.0022360021279423936,0.0022360021279423936,0.0022360021279423936,0.0022360021279423936,0.0022360021279423936
2015-09-03,0.010068589153458873,0.010068589153458873,0.010068589153458873,0.010068589153458873,-0.010068589153458873,-0.010068589153458873,0.010068589153458873,0.010068589153458873,-0.0,-0.0,-0.0,-0.0,0.010068589153458873,0.010068589153458873,0.010068589153458873,0.010068589153458873
2015-09-04,-0.029157463440268483,-0.029157463440268483,-0.029157463440268483,-0.029157463440268483,0.029157463440268483,0.029157463440268483,-0.029157463440268483,-0.029157463440268483,0.0,0.0,0.0,0.0,-0.029157463440268483,-0.029157463440268483,-0.029157463440268483,-0.029157463440268483
2015-09-08,-0.0015223789708718183,-0.0015223789708718183,-0.0015223789708718183,-0.0015223789708718183,0.0015223789708718183,0.0015223789708718183,-0.0015223789708718183,-0.0015223789708718183,-0.0015223789708718183,-0.0015223789708718183,-0.0015223789708718183,-0.0015223789708718183,-0.0015223789708718183,-0.0015223789708718183,-0.0015223789708718183,-0.0015223789708718183
2015-09-09,0.005327979941722516,0.005327979941722516,0.005327979941722516,0.005327979941722516,-0.005327979941722516,-0.005327979941722516,0.005327979941722516,0.005327979941722516,0.005327979941722516,0.005327979941722516,0.005327979941722516,0.005327979941722516,0.005327979941722516,0.005327979941722516,0.005327979941722516,0.005327979941722516
2015-09-10,-0.009470446981505565,-0.009470446981505565,-0.009470446981505565,-0.009470446981505565,-0.009470446981505565,-0.0,0.0,0.0,-0.009470446981505565,-0.009470446981505565,-0.009470446981505565,-0.009470446981505565,-0.009470446981505565,-0.009470446981505565,-0.009470446981505565,-0.009470446981505565
2015-09-11,0.003819293813424496,0.003819293813424496,-0.0,-0.0,-0.003819293813424496,-0.003819293813424496,0.003819293813424496,0.003819293813424496,0.003819293813424496,0.003819293813424496,0.003819293813424496,0.003819293813424496,0.003819293813424496,0.003819293813424496,0.003819293813424496,0.003819293813424496
2015-09-14,0.05676637573087029,0.05676637573087029,0.05676637573087029,0.05676637573087029,-0.05676637573087029,-0.05676637573087029,0.05676637573087029,0.05676637573087029,0.05676637573087029,0.05676637573087029,0.05676637573087029,0.05676637573087029,0.05676637573087029,0.05676637573087029,0.05676637573087029,0.05676637573087029
2015-09-15,0.028843146845857204,0.028843146845857204,0.028843146845857204,0.028843146845857204,-0.028843146845857204,-0.028843146845857204,0.028843146845857204,0.028843146845857204,0.028843146845857204,0.028843146845857204,0.028843146845857204,0.028843146845857204,0.028843146845857204,0.028843146845857204,0.028843146845857204,0.028843146845857204
2015-09-16,-0.014543357286487035,-0.014543357286487035,-0.014543357286487035,-0.014543357286487035,0.014543357286487035,0.014543357286487035,-0.0,-0.0,0.014543357286487035,0.014543357286487035,0.014543357286487035,0.014543357286487035,0.014543357286487035,0.014543357286487035,0.014543357286487035,0.014543357286487035
2015-09-17,0.03264142826414285,0.03264142826414285,0.03264142826414285,0.03264142826414285,-0.03264142826414285,-0.03264142826414285,0.03264142826414285,0.03264142826414285,-0.03264142826414285,-0.03264142826414285,-0.03264142826414285,-0.03264142826414285,-0.03264142826414285,-0.03264142826414285,-0.03264142826414285,-0.03264142826414285
2015-09-18,0.045694591139029406,0.045694591139029406,0.045694591139029406,0.045694591139029406,-0.045694591139029406,-0.045694591139029406,0.045694591139029406,0.045694591139029406,-0.045694591139029406,-0.045694591139029406,-0.045694591139029406,-0.045694591139029406,-0.045694591139029406,-0.045694591139029406,-0.045694591139029406,-0.045694591139029406
2015-09-21,0.007855603358603358,0.007855603358603358,0.007855603358603358,0.007855603358603358,-0.007855603358603358,-0.007855603358603358,0.007855603358603358,0.007855603358603358,-0.007855603358603358,-0.007855603358603358,-0.007855603358603358,-0.007855603358603358,-0.007855603358603358,-0.007855603358603358,-0.007855603358603358,-0.007855603358603358
2015-09-22,-0.07126022226881945,-0.07126022226881945,-0.07126022226881945,-0.0,-0.07126022226881945,-0.07126022226881945,-0.0,-0.0,0.07126022226881945,0.07126022226881945,0.07126022226881945,0.07126022226881945,0.07126022226881945,0.07126022226881945,0.07126022226881945,0.07126022226881945
2015-09-23,-0.015134551091833037,-0.015134551091833037,-0.015134551091833037,-0.015134551091833037,-0.015134551091833037,-0.0,0.0,0.0,-0.015134551091833037,-0.015134551091833037,-0.015134551091833037,-0.015134551091833037,-0.015134551091833037,-0.015134551091833037,-0.015134551091833037,-0.015134551091833037
2015-09-24,0.0,0.0,0.0,0.0,-0.0468248163576811,-0.0468248163576811,0.0468248163576811,0.0468248163576811,0.0468248163576811,0.0468248163576811,0.0468248163576811,0.0468248163576811,-0.0468248163576811,-0.0468248163576811,-0.0468248163576811,-0.0468248163576811
2015-09-25,0.0048874876978766135,0.0048874876978766135,0.0048874876978766135,0.0048874876978766135,0.0048874876978766135,0.0048874876978766135,-0.0048874876978766135,-0.0048874876978766135,-0.0048874876978766135,-0.0048874876978766135,-0.0,-0.0,0.0048874876978766135,0.0048874876978766135,0.0048874876978766135,0.0048874876978766135
2015-09-28,0.02387868928654413,0.02387868928654413,0.02387868928654413,0.02387868928654413,0.02387868928654413,0.02387868928654413,-0.02387868928654413,-0.0,0.02387868928654413,0.02387868928654413,0.02387868928654413,0.02387868928654413,0.02387868928654413,0.02387868928654413,0.02387868928654413,0.02387868928654413
2015-09-29,0.0,0.0,0.0,0.0,-0.02260033560039243,-0.02260033560039243,0.02260033560039243,0.02260033560039243,-0.02260033560039243,-0.02260033560039243,-0.02260033560039243,-0.02260033560039243,-0.02260033560039243,-0.02260033560039243,-0.02260033560039243,-0.02260033560039243
2015-09-30,-0.08054041949690238,-0.08054041949690238,-0.08054041949690238,-0.08054041949690238,-0.08054041949690238,-0.08054041949690238,-0.0,-0.0,-0.0,-0.0,-0.0,-0.0,0.08054041949690238,0.08054041949690238,0.08054041949690238,0.08054041949690238
2015-10-01,0.044165054803352755,0.044165054803352755,-0.044165054803352755,0.044165054803352755,-0.044165054803352755,0.044165054803352755,0.044165054803352755,0.044165054803352755,0.044165054803352755,0.044165054803352755,0.044165054803352755,-0.0,0.044165054803352755,0.044165054803352755,0.044165054803352755,0.044165054803352755
2015-10-02,-0.03569590849615545,-0.03569590849615545,0.03569590849615545,-0.03569590849615545,0.0,-0.0,-0.0,-0.0,-0.03569590849615545,-0.03569590849615545,-0.03569590849615545,-0.03569590849615545,0.03569590849615545,0.03569590849615545,0.03569590849615545,0.03569590849615545
2015-10-05,0.003832668530952321,0.003832668530952321,-0.003832668530952321,0.003832668530952321,-0.003832668530952321,0.003832668530952321,0.003832668530952321,0.003832668530952321,0.003832668530952321,0.003832668530952321,0.003832668530952321,0.003832668530952321,-0.003832668530952321,-0.003832668530952321,-0.003832668530952321,-0.003832668530952321
2015-10-06,0.01216922923464947,0.01216922923464947,-0.01216922923464947,0.01216922923464947,-0.01216922923464947,0.01216922923464947,0.01216922923464947,0.01216922923464947,0.01216922923464947,0.01216922923464947,0.01216922923464947,0.01216922923464947,-0.01216922923464947,-0.01216922923464947,-0.01216922923464947,-0.01216922923464947
2015-10-07,-0.05447686914876737,-0.05447686914876737,0.05447686914876737,-0.05447686914876737,0.05447686914876737,-0.05447686914876737,-0.05447686914876737,-0.05447686914876737,-0.05447686914876737,-0.05447686914876737,-0.05447686914876737,-0.05447686914876737,0.05447686914876737,0.05447686914876737,0.05447686914876737,0.05447686914876737
2015-10-08,0.02890580646926444,0.02890580646926444,-0.02890580646926444,0.02890580646926444,-0.02890580646926444,0.02890580646926444,0.02890580646926444,0.02890580646926444,0.02890580646926444,0.02890580646926444,0.02890580646926444,0.02890580646926444,-0.02890580646926444,-0.02890580646926444,-0.02890580646926444,-0.02890580646926444
2015-10-09,-0.005064343220189782,-0.005064343220189782,0.005064343220189782,-0.005064343220189782,0.005064343220189782,-0.005064343220189782,-0.005064343220189782,-0.005064343220189782,-0.005064343220189782,-0.005064343220189782,-0.005064343220189782,-0.005064343220189782,-0.005064343220189782,-0.0,-0.0,-0.0
2015-10-12,-0.06395593305861591,-0.06395593305861591,0.06395593305861591,-0.06395593305861591,0.06395593305861591,-0.06395593305861591,-0.06395593305861591,-0.06395593305861591,-0.06395593305861591,-0.06395593305861591,-0.06395593305861591,-0.06395593305861591,-0.06395593305861591,-0.06395593305861591,-0.06395593305861591,-0.06395593305861591
2015-10-13,-0.0002964075406077793,-0.0002964075406077793,0.0,-0.0,0.0002964075406077793,-0.0002964075406077793,-0.0002964075406077793,-0.0002964075406077793,-0.0002964075406077793,-0.0002964075406077793,-0.0002964075406077793,-0.0002964075406077793,-0.0002964075406077793,-0.0002964075406077793,-0.0002964075406077793,-0.0002964075406077793
2015-10-14,0.030191685927447698,0.030191685927447698,-0.030191685927447698,0.030191685927447698,-0.030191685927447698,0.030191685927447698,0.030191685927447698,0.030191685927447698,0.030191685927447698,0.030191685927447698,0.030191685927447698,0.030191685927447698,0.030191685927447698,0.030191685927447698,0.030191685927447698,0.030191685927447698
2015-10-15,0.04029793995029807,0.04029793995029807,-0.04029793995029807,0.04029793995029807,-0.04029793995029807,0.04029793995029807,0.04029793995029807,0.04029793995029807,0.04029793995029807,0.04029793995029807,0.04029793995029807,0.04029793995029807,0.04029793995029807,0.04029793995029807,0.04029793995029807,0.04029793995029807
2015-10-16,-0.03912468250992274,-0.0,0.0,-0.0,0.03912468250992274,-0.03912468250992274,-0.03912468250992274,-0.03912468250992274,-0.03912468250992274,-0.03912468250992274,-0.03912468250992274,-0.03912468250992274,-0.03912468250992274,-0.03912468250992274,-0.03912468250992274,-0.03912468250992274
2015-10-19,0.0,0.0,-0.0,0.0,-0.029522104130779714,0.029522104130779714,0.029522104130779714,0.029522104130779714,0.029522104130779714,0.029522104130779714,0.029522104130779714,0.029522104130779714,0.029522104130779714,0.029522104130779714,0.029522104130779714,0.029522104130779714
2015-10-20,-0.01622736552614401,-0.01622736552614401,0.01622736552614401,-0.01622736552614401,0.01622736552614401,-0.01622736552614401,-0.01622736552614401,-0.01622736552614401,-0.01622736552614401,-0.01622736552614401,-0.01622736552614401,-0.01622736552614401,-0.01622736552614401,-0.01622736552614401,-0.01622736552614401,-0.01622736552614401
2015-10-21,0.02700034518467387,0.02700034518467387,-0.02700034518467387,0.02700034518467387,0.02700034518467387,-0.02700034518467387,-0.02700034518467387,-0.0,-0.02700034518467387,-0.02700034518467387,-0.02700034518467387,-0.02700034518467387,-0.02700034518467387,-0.02700034518467387,-0.02700034518467387,-0.02700034518467387
2015-10-22,-0.032333743387043645,-0.032333743387043645,0.032333743387043645,-0.032333743387043645,-0.032333743387043645,0.032333743387043645,0.032333743387043645,0.032333743387043645,0.032333743387043645,0.032333743387043645,0.032333743387043645,0.032333743387043645,0.032333743387043645,0.032333743387043645,0.032333743387043645,0.032333743387043645
2015-10-23,-0.002493904175726369,-0.002493904175726369,0.0,-0.0,0.002493904175726369,-0.002493904175726369,-0.002493904175726369,-0.0,-0.002493904175726369,-0.002493904175726369,-0.002493904175726369,-0.002493904175726369,-0.002493904175726369,-0.002493904175726369,-0.002493904175726369,-0.002493904175726369
2015-10-26,0.010297276696001556,0.010297276696001556,-0.010297276696001556,0.0,-0.010297276696001556,0.010297276696001556,0.0,0.0,0.010297276696001556,0.010297276696001556,0.010297276696001556,0.010297276696001556,0.010297276696001556,0.010297276696001556,0.010297276696001556,0.010297276696001556
2015-10-27,-0.04688287682742398,-0.04688287682742398,0.04688287682742398,0.0,-0.04688287682742398,0.04688287682742398,0.0,0.0,0.04688287682742398,0.04688287682742398,0.04688287682742398,0.04688287682742398,0.04688287682742398,0.04688287682742398,0.04688287682742398,0.04688287682742398
2015-10-28,0.0,0.0,-0.0,0.0,0.010563587212035763,-0.010563587212035763,-0.010563587212035763,-0.010563587212035763,0.010563587212035763,0.010563587212035763,0.010563587212035763,0.010563587212035763,0.010563587212035763,0.010563587212035763,0.010563587212035763,0.010563587212035763
2015-10-29,0.003333580815205295,0.003333580815205295,-0.003333580815205295,0.003333580815205295,-0.003333580815205295,0.003333580815205295,0.003333580815205295,0.003333580815205295,-0.003333580815205295,-0.003333580815205295,-0.003333580815205295,-0.003333580815205295,-0.003333580815205295,-0.003333580815205295,-0.003333580815205295,-0.003333580815205295
2015-10-30,-0.006652409741081389,-0.006652409741081389,0.006652409741081389,-0.006652409741081389,0.006652409741081389,-0.006652409741081389,-0.006652409741081389,-0.006652409741081389,0.006652409741081389,0.006652409741081389,0.006652409741081389,0.006652409741081389,0.006652409741081389,0.006652409741081389,0.006652409741081389,0.006652409741081389
2015-11-02,-0.02143176400476754,-0.02143176400476754,0.02143176400476754,-0.02143176400476754,0.02143176400476754,-0.02143176400476754,-0.02143176400476754,-0.02143176400476754,-0.02143176400476754,0.0,0.0,0.0,0.02143176400476754,0.02143176400476754,0.02143176400476754,0.02143176400476754
2015-11-03,-0.034910895762124805,-0.034910895762124805,0.034910895762124805,-0.034910895762124805,0.034910895762124805,-0.034910895762124805,-0.034910895762124805,-0.034910895762124805,-0.034910895762124805,-0.034910895762124805,-0.034910895762124805,-0.034910895762124805,0.034910895762124805,0.034910895762124805,0.034910895762124805,0.034910895762124805
2015-11-04,-0.04467687356539429,-0.04467687356539429,0.04467687356539429,-0.04467687356539429,0.04467687356539429,-0.04467687356539429,-0.04467687356539429,-0.04467687356539429,-0.04467687356539429,-0.04467687356539429,-0.04467687356539429,-0.04467687356539429,0.04467687356539429,0.0,0.0,0.0
2015-11-05,0.026727106091005925,0.026727106091005925,-0.026727106091005925,0.026727106091005925,-0.026727106091005925,0.026727106091005925,0.026727106091005925,0.026727106091005925,0.026727106091005925,0.026727106091005925,0.026727106091005925,0.026727106091005925,0.026727106091005925,0.026727106091005925,0.026727106091005925,0.026727106091005925
2015-11-06,-0.024953759549658172,-0.024953759549658172,0.024953759549658172,-0.024953759549658172,0.024953759549658172,-0.024953759549658172,-0.024953759549658172,-0.024953759549658172,-0.024953759549658172,-0.024953759549658172,-0.024953759549658172,-0.024953759549658172,-0.024953759549658172,-0.024953759549658172,-0.024953759549658172,-0.024953759549658172
2015-11-09,0.012981764497265846,0.012981764497265846,-0.012981764497265846,0.012981764497265846,-0.012981764497265846,0.012981764497265846,0.012981764497265846,0.012981764497265846,0.012981764497265846,0.012981764497265846,0.012981764497265846,0.012981764497265846,0.012981764497265846,0.012981764497265846,0.012981764497265846,0.012981764497265846
2015-11-10,-0.013906416655132259,-0.013906416655132259,0.013906416655132259,-0.013906416655132259,0.013906416655132259,-0.013906416655132259,-0.013906416655132259,-0.013906416655132259,-0.013906416655132259,-0.013906416655132259,-0.013906416655132259,-0.013906416655132259,-0.013906416655132259,-0.013906416655132259,-0.013906416655132259,-0.013906416655132259
2015-11-11,0.010428277724108925,0.010428277724108925,-0.010428277724108925,0.010428277724108925,-0.010428277724108925,0.010428277724108925,0.010428277724108925,0.010428277724108925,0.010428277724108925,0.010428277724108925,0.010428277724108925,0.010428277724108925,0.010428277724108925,0.010428277724108925,0.010428277724108925,0.010428277724108925
2015-11-12,0.009160292867882669,0.009160292867882669,-0.009160292867882669,0.009160292867882669,-0.009160292867882669,0.009160292867882669,0.009160292867882669,0.009160292867882669,0.009160292867882669,0.009160292867882669,0.009160292867882669,0.009160292867882669,0.009160292867882669,0.009160292867882669,0.009160292867882669,0.009160292867882669
2015-11-13,0.04624403831672019,0.04624403831672019,-0.0,0.0,0.04624403831672019,-0.04624403831672019,-0.04624403831672019,-0.04624403831672019,-0.04624403831672019,-0.04624403831672019,-0.04624403831672019,-0.04624403831672019,-0.04624403831672019,-0.04624403831672019,-0.04624403831672019,-0.04624403831672019
2015-11-16,0.028628190107482965,-0.0,0.0,-0.0,-0.028628190107482965,0.028628190107482965,0.028628190107482965,0.028628190107482965,0.028628190107482965,0.028628190107482965,0.028628190107482965,0.028628190107482965,0.028628190107482965,0.028628190107482965,0.028628190107482965,0.028628190107482965
2015-11-17,0.035251489790191215,0.035251489790191215,-0.035251489790191215,0.035251489790191215,-0.035251489790191215,0.035251489790191215,0.035251489790191215,0.035251489790191215,0.035251489790191215,0.035251489790191215,0.035251489790191215,0.035251489790191215,0.035251489790191215,0.035251489790191215,0.035251489790191215,0.035251489790191215
2015-11-18,-0.038356360969153847,-0.038356360969153847,-0.0,0.0,0.038356360969153847,-0.038356360969153847,-0.038356360969153847,-0.038356360969153847,-0.038356360969153847,-0.038356360969153847,-0.038356360969153847,-0.038356360969153847,-0.038356360969153847,-0.038356360969153847,-0.038356360969153847,0.0
2015-11-19,0.006707124973055367,0.006707124973055367,-0.006707124973055367,0.006707124973055367,0.006707124973055367,-0.006707124973055367,0.0,0.0,-0.006707124973055367,-0.006707124973055367,-0.006707124973055367,-0.006707124973055367,0.006707124973055367,0.006707124973055367,0.006707124973055367,0.006707124973055367
2015-11-20,0.03939603869492281,0.03939603869492281,0.0,-0.0,0.0,-0.0,-0.0,-0.0,0.03939603869492281,0.03939603869492281,0.03939603869492281,0.03939603869492281,0.03939603869492281,0.03939603869492281,0.03939603869492281,0.03939603869492281
2015-11-23,-0.009379341358237814,-0.009379341358237814,0.009379341358237814,-0.009379341358237814,0.009379341358237814,-0.009379341358237814,-0.009379341358237814,-0.009379341358237814,-0.009379341358237814,-0.009379341358237814,-0.009379341358237814,-0.009379341358237814,-0.009379341358237814,-0.009379341358237814,-0.009379341358237814,-0.009379341358237814
2015-11-24,0.018952505248822638,0.018952505248822638,-0.018952505248822638,0.018952505248822638,-0.018952505248822638,0.018952505248822638,0.018952505248822638,0.018952505248822638,-0.018952505248822638,-0.018952505248822638,-0.018952505248822638,-0.018952505248822638,-0.018952505248822638,-0.018952505248822638,-0.018952505248822638,0.0
2015-11-25,-0.02116952975880615,-0.02116952975880615,0.02116952975880615,-0.0,0.0,-0.0,-0.0,-0.0,0.02116952975880615,0.02116952975880615,0.02116952975880615,0.02116952975880615,-0.0,-0.0,-0.0,-0.0
2015-11-27,0.03092608326253199,0.03092608326253199,-0.03092608326253199,0.03092608326253199,0.0,-0.0,-0.0,-0.0,0.03092608326253199,0.03092608326253199,0.03092608326253199,0.03092608326253199,0.03092608326253199,0.03092608326253199,-0.0,-0.0
2015-11-30,0.0274396226267003,0.0274396226267003,-0.0274396226267003,0.0274396226267003,-0.0274396226267003,0.0,0.0,0.0,-0.0274396226267003,-0.0274396226267003,-0.0274396226267003,-0.0274396226267003,0.0274396226267003,0.0274396226267003,0.0274396226267003,0.0274396226267003
2015-12-01,-0.022048082898209254,-0.022048082898209254,0.022048082898209254,-0.022048082898209254,0.022048082898209254,-0.022048082898209254,-0.022048082898209254,-0.022048082898209254,0.022048082898209254,0.022048082898209254,0.022048082898209254,0.022048082898209254,-0.022048082898209254,-0.022048082898209254,-0.022048082898209254,-0.022048082898209254
2015-12-02,-0.0,-0.0,0.0,-0.0,0.051822840583372054,-0.051822840583372054,-0.051822840583372054,-0.051822840583372054,0.051822840583372054,0.051822840583372054,0.051822840583372054,0.051822840583372054,-0.051822840583372054,-0.051822840583372054,-0.051822840583372054,-0.0
2015-12-03,0.04218278455925417,0.04218278455925417,-0.04218278455925417,0.04218278455925417,-0.04218278455925417,0.04218278455925417,0.04218278455925417,0.04218278455925417,-0.04218278455925417,-0.04218278455925417,-0.04218278455925417,-0.04218278455925417,0.04218278455925417,0.04218278455925417,0.04218278455925417,0.04218278455925417
2015-12-04,0.007046172415684948,0.007046172415684948,-0.007046172415684948,0.007046172415684948,-0.007046172415684948,0.007046172415684948,0.007046172415684948,0.007046172415684948,0.007046172415684948,0.007046172415684948,0.007046172415684948,0.007046172415684948,0.007046172415684948,0.007046172415684948,0.007046172415684948,0.007046172415684948
2015-12-07,-0.01348193988380908,-0.01348193988380908,0.01348193988380908,-0.01348193988380908,0.01348193988380908,-0.01348193988380908,-0.01348193988380908,-0.01348193988380908,-0.01348193988380908,-0.01348193988380908,-0.01348193988380908,-0.01348193988380908,-0.01348193988380908,-0.01348193988380908,-0.01348193988380908,-0.01348193988380908
2015-12-08,-0.004906694912614196,0.0,-0.0,0.0,-0.004906694912614196,0.004906694912614196,0.004906694912614196,0.004906694912614196,0.004906694912614196,0.004906694912614196,0.004906694912614196,0.0,0.004906694912614196,0.004906694912614196,0.004906694912614196,0.004906694912614196
2015-12-09,-0.01126277726468694,-0.01126277726468694,0.01126277726468694,-0.01126277726468694,0.01126277726468694,-0.01126277726468694,-0.01126277726468694,-0.01126277726468694,-0.01126277726468694,-0.01126277726468694,-0.01126277726468694,-0.01126277726468694,-0.01126277726468694,-0.01126277726468694,-0.01126277726468694,-0.01126277726468694
2015-12-10,0.05427808521342048,0.0,-0.0,0.0,-0.05427808521342048,0.05427808521342048,0.05427808521342048,0.05427808521342048,0.05427808521342048,0.05427808521342048,0.05427808521342048,0.05427808521342048,0.05427808521342048,0.05427808521342048,0.05427808521342048,0.05427808521342048
2015-12-11,0.002275108026712047,0.002275108026712047,-0.002275108026712047,0.002275108026712047,0.002275108026712047,-0.002275108026712047,-0.002275108026712047,-0.002275108026712047,-0.002275108026712047,-0.002275108026712047,-0.002275108026712047,-0.002275108026712047,-0.002275108026712047,-0.0,-0.0,-0.0
2015-12-14,0.04031191312158078,0.04031191312158078,-0.04031191312158078,0.04031191312158078,-0.04031191312158078,0.04031191312158078,-0.0,-0.0,-0.0,-0.0,-0.0,-0.0,0.04031191312158078,0.04031191312158078,0.04031191312158078,0.04031191312158078
2015-12-15,-0.059282457007856726,-0.059282457007856726,0.059282457007856726,-0.059282457007856726,0.059282457007856726,-0.059282457007856726,-0.059282457007856726,-0.059282457007856726,-0.059282457007856726,0.0,0.0,0.0,-0.059282457007856726,-0.059282457007856726,-0.059282457007856726,-0.059282457007856726
2015-12-16,0.02325329150466393,-0.0,0.0,-0.0,0.02325329150466393,-0.02325329150466393,-0.02325329150466393,-0.02325329150466393,-0.02325329150466393,-0.02325329150466393,-0.02325329150466393,-0.02325329150466393,-0.02325329150466393,-0.02325329150466393,-0.02325329150466393,-0.02325329150466393
2015-12-17,0.018191306333118717,0.018191306333118717,-0.018191306333118717,0.018191306333118717,-0.018191306333118717,0.018191306333118717,0.018191306333118717,0.018191306333118717,0.018191306333118717,0.018191306333118717,-0.0,-0.0,-0.018191306333118717,-0.0,-0.0,-0.0
2015-12-18,-0.006534691524120673,-0.006534691524120673,0.006534691524120673,-0.006534691524120673,0.006534691524120673,-0.006534691524120673,-0.006534691524120673,-0.006534691524120673,-0.006534691524120673,-0.006534691524120673,-0.006534691524120673,-0.006534691524120673,-0.006534691524120673,-0.006534691524120673,-0.006534691524120673,-0.006534691524120673
2015-12-21,-0.021200103179209284,-0.021200103179209284,0.021200103179209284,-0.021200103179209284,-0.021200103179209284,0.021200103179209284,0.021200103179209284,0.021200103179209284,-0.021200103179209284,-0.021200103179209284,-0.021200103179209284,-0.021200103179209284,0.021200103179209284,-0.0,-0.0,-0.0
2015-12-22,-0.019323366433544376,-0.019323366433544376,0.0,-0.0,-0.019323366433544376,0.019323366433544376,0.019323366433544376,0.019323366433544376,-0.019323366433544376,-0.019323366433544376,-0.019323366433544376,-0.019323366433544376,-0.019323366433544376,-0.019323366433544376,-0.019323366433544376,-0.019323366433544376
2015-12-23,-0.029844967243328524,0.0,-0.0,0.0,0.029844967243328524,-0.029844967243328524,0.0,0.0,0.029844967243328524,0.029844967243328524,0.029844967243328524,0.0,0.029844967243328524,0.029844967243328524,0.029844967243328524,0.029844967243328524
2015-12-24,-0.009778097062579816,-0.009778097062579816,0.009778097062579816,-0.009778097062579816,0.009778097062579816,-0.009778097062579816,-0.0,-0.0,-0.009778097062579816,-0.009778097062579816,-0.009778097062579816,-0.009778097062579816,-0.009778097062579816,-0.009778097062579816,-0.009778097062579816,-0.009778097062579816
2015-12-28,0.021509031263586387,0.021509031263586387,-0.021509031263586387,0.021509031263586387,0.021509031263586387,-0.021509031263586387,-0.021509031263586387,-0.021509031263586387,0.021509031263586387,0.021509031263586387,0.021509031263586387,0.021509031263586387,0.021509031263586387,0.021509031263586387,0.021509031263586387,0.021509031263586387
2015-12-29,-0.003748465068183382,-0.003748465068183382,0.0,-0.0,0.003748465068183382,-0.003748465068183382,-0.003748465068183382,-0.003748465068183382,-0.003748465068183382,-0.003748465068183382,-0.003748465068183382,-0.003748465068183382,0.003748465068183382,0.003748465068183382,0.003748465068183382,0.003748465068183382
2015-12-30,-0.0,-0.0,0.0,-0.0,0.02911113257356268,-0.02911113257356268,-0.0,-0.0,0.02911113257356268,0.02911113257356268,0.02911113257356268,0.02911113257356268,0.02911113257356268,0.02911113257356268,0.02911113257356268,0.02911113257356268
2015-12-31,-0.00567786337152465,-0.00567786337152465,0.00567786337152465,0.0,0.00567786337152465,-0.00567786337152465,-0.00567786337152465,-0.00567786337152465,0.0,0.0,0.0,0.0,-0.00567786337152465,-0.00567786337152465,-0.00567786337152465,-0.00567786337152465
2016-01-04,0.01712299137164819,-0.0,0.0,-0.0,0.01712299137164819,-0.01712299137164819,-0.01712299137164819,-0.01712299137164819,-0.01712299137164819,-0.0,-0.0,-0.0,0.01712299137164819,0.01712299137164819,0.01712299137164819,0.01712299137164819
2016-01-05,-0.043474898697763775,-0.043474898697763775,0.0,-0.0,0.043474898697763775,-0.043474898697763775,-0.043474898697763775,-0.043474898697763775,0.043474898697763775,0.043474898697763775,0.043474898697763775,0.043474898697763775,0.043474898697763775,0.043474898697763775,0.043474898697763775,0.043474898697763775
2016-01-06,0.025196757029154138,0.025196757029154138,-0.025196757029154138,0.025196757029154138,-0.025196757029154138,0.025196757029154138,0.025196757029154138,0.025196757029154138,0.025196757029154138,0.025196757029154138,0.0,0.0,-0.025196757029154138,-0.025196757029154138,-0.025196757029154138,-0.025196757029154138
2016-01-07,0.04033055086742998,0.04033055086742998,-0.04033055086742998,0.04033055086742998,-0.04033055086742998,0.04033055086742998,0.04033055086742998,0.04033055086742998,0.04033055086742998,0.04033055086742998,0.04033055086742998,0.04033055086742998,-0.04033055086742998,-0.04033055086742998,-0.04033055086742998,-0.04033055086742998
2016-01-08,0.021555377753836202,0.021555377753836202,-0.021555377753836202,0.021555377753836202,-0.021555377753836202,0.021555377753836202,0.021555377753836202,0.021555377753836202,0.021555377753836202,0.021555377753836202,0.021555377753836202,0.021555377753836202,-0.021555377753836202,-0.021555377753836202,-0.021555377753836202,-0.021555377753836202
2016-01-11,-0.0014654446531511267,-0.0014654446531511267,-0.0,0.0,0.0014654446531511267,-0.0014654446531511267,-0.0014654446531511267,-0.0014654446531511267,-0.0014654446531511267,-0.0014654446531511267,0.0,0.0,-0.0014654446531511267,-0.0014654446531511267,-0.0014654446531511267,-0.0014654446531511267
2016-01-12,-0.03456551880711256,-0.03456551880711256,0.03456551880711256,-0.03456551880711256,0.03456551880711256,-0.03456551880711256,0.0,0.0,-0.03456551880711256,-0.03456551880711256,-0.03456551880711256,-0.03456551880711256,-0.03456551880711256,-0.03456551880711256,-0.03456551880711256,-0.03456551880711256
2016-01-13,-0.0037205630396075495,-0.0037205630396075495,0.0037205630396075495,-0.0037205630396075495,0.0037205630396075495,-0.0037205630396075495,-0.0037205630396075495,-0.0037205630396075495,0.0037205630396075495,0.0,0.0,0.0,-0.0037205630396075495,-0.0037205630396075495,-0.0037205630396075495,-0.0037205630396075495
2016-01-14,-0.04442571127502648,-0.04442571127502648,0.04442571127502648,-0.04442571127502648,0.04442571127502648,-0.04442571127502648,-0.04442571127502648,-0.04442571127502648,-0.04442571127502648,-0.04442571127502648,-0.04442571127502648,-0.04442571127502648,-0.04442571127502648,-0.04442571127502648,-0.04442571127502648,-0.04442571127502648
2016-01-15,0.030400070574743143,0.030400070574743143,-0.030400070574743143,0.030400070574743143,-0.030400070574743143,0.030400070574743143,0.030400070574743143,0.030400070574743143,0.030400070574743143,0.030400070574743143,0.030400070574743143,0.030400070574743143,0.030400070574743143,0.030400070574743143,0.030400070574743143,0.030400070574743143
2016-01-19,0.0015582058372787255,0.0015582058372787255,-0.0015582058372787255,0.0015582058372787255,-0.0015582058372787255,0.0015582058372787255,0.0015582058372787255,0.0015582058372787255,0.0015582058372787255,0.0015582058372787255,0.0015582058372787255,0.0015582058372787255,0.0015582058372787255,0.0015582058372787255,0.0015582058372787255,0.0015582058372787255
2016-01-20,0.007753263294666857,0.007753263294666857,-0.007753263294666857,0.007753263294666857,-0.007753263294666857,0.007753263294666857,0.007753263294666857,0.007753263294666857,0.007753263294666857,0.007753263294666857,0.007753263294666857,0.007753263294666857,0.007753263294666857,0.007753263294666857,0.007753263294666857,0.007753263294666857
2016-01-21,0.02768682670285849,0.02768682670285849,-0.02768682670285849,0.02768682670285849,-0.02768682670285849,0.02768682670285849,0.02768682670285849,0.02768682670285849,0.02768682670285849,0.02768682670285849,0.02768682670285849,0.02768682670285849,0.02768682670285849,0.02768682670285849,0.02768682670285849,0.02768682670285849
2016-01-22,0.04490978424154379,-0.0,0.0,-0.0,-0.04490978424154379,0.04490978424154379,0.04490978424154379,0.04490978424154379,0.04490978424154379,0.04490978424154379,0.04490978424154379,0.04490978424154379,0.04490978424154379,0.04490978424154379,0.04490978424154379,0.04490978424154379
2016-01-25,-0.01647774398672941,-0.01647774398672941,0.01647774398672941,-0.01647774398672941,-0.01647774398672941,0.01647774398672941,0.01647774398672941,0.01647774398672941,0.01647774398672941,0.01647774398672941,0.01647774398672941,0.01647774398672941,0.01647774398672941,0.01647774398672941,0.01647774398672941,0.01647774398672941
2016-01-26,0.022209961066513295,0.022209961066513295,-0.022209961066513295,0.022209961066513295,-0.0,0.0,0.0,0.0,-0.022209961066513295,-0.022209961066513295,-0.022209961066513295,0.0,-0.022209961066513295,-0.022209961066513295,-0.022209961066513295,-0.022209961066513295
2016-01-27,-0.023429738601050687,-0.023429738601050687,0.023429738601050687,-0.023429738601050687,0.023429738601050687,-0.023429738601050687,-0.023429738601050687,-0.023429738601050687,-0.023429738601050687,-0.023429738601050687,-0.023429738601050687,-0.023429738601050687,0.023429738601050687,0.023429738601050687,0.023429738601050687,0.023429738601050687
2016-01-28,-0.029936864666733953,-0.029936864666733953,0.029936864666733953,-0.029936864666733953,0.029936864666733953,-0.029936864666733953,-0.029936864666733953,-0.029936864666733953,0.029936864666733953,-0.0,-0.0,-0.0,0.029936864666733953,0.029936864666733953,0.029936864666733953,0.029936864666733953
2016-01-29,0.022227919110883287,0.022227919110883287,-0.022227919110883287,0.022227919110883287,-0.022227919110883287,0.022227919110883287,0.022227919110883287,0.022227919110883287,0.022227919110883287,0.022227919110883287,0.022227919110883287,0.022227919110883287,-0.022227919110883287,-0.022227919110883287,-0.022227919110883287,-0.022227919110883287
2016-02-01,-0.07273400268357011,-0.07273400268357011,0.07273400268357011,-0.07273400268357011,0.07273400268357011,-0.07273400268357011,-0.07273400268357011,-0.07273400268357011,-0.07273400268357011,-0.07273400268357011,-0.07273400268357011,-0.07273400268357011,0.07273400268357011,0.07273400268357011,-0.0,-0.0
2016-02-02,-0.05182948745597016,-0.05182948745597016,0.05182948745597016,-0.05182948745597016,0.05182948745597016,-0.05182948745597016,-0.05182948745597016,-0.05182948745597016,-0.05182948745597016,-0.05182948745597016,-0.0,-0.0,0.05182948745597016,0.05182948745597016,-0.0,-0.0
2016-02-03,-0.05608255877528712,-0.05608255877528712,0.05608255877528712,-0.05608255877528712,0.05608255877528712,-0.05608255877528712,-0.05608255877528712,-0.05608255877528712,-0.05608255877528712,-0.05608255877528712,-0.05608255877528712,-0.05608255877528712,-0.05608255877528712,-0.05608255877528712,-0.05608255877528712,-0.05608255877528712
2016-02-04,-0.024649573534550884,-0.024649573534550884,0.024649573534550884,-0.024649573534550884,0.024649573534550884,-0.024649573534550884,-0.024649573534550884,-0.024649573534550884,-0.024649573534550884,-0.024649573534550884,-0.024649573534550884,-0.024649573534550884,-0.024649573534550884,-0.024649573534550884,-0.024649573534550884,-0.024649573534550884
2016-02-05,0.03982063346701625,0.03982063346701625,-0.03982063346701625,0.03982063346701625,-0.03982063346701625,0.03982063346701625,0.03982063346701625,0.03982063346701625,0.03982063346701625,0.03982063346701625,0.03982063346701625,0.03982063346701625,0.03982063346701625,0.03982063346701625,0.03982063346701625,0.03982063346701625
2016-02-08,-0.022982306123791485,-0.022982306123791485,0.022982306123791485,-0.022982306123791485,0.022982306123791485,-0.022982306123791485,-0.022982306123791485,-0.022982306123791485,-0.022982306123791485,-0.022982306123791485,-0.022982306123791485,-0.022982306123791485,-0.022982306123791485,-0.022982306123791485,-0.022982306123791485,-0.022982306123791485
2016-02-09,-0.07171883439211957,-0.07171883439211957,0.07171883439211957,-0.07171883439211957,0.07171883439211957,-0.07171883439211957,-0.07171883439211957,-0.07171883439211957,-0.07171883439211957,-0.07171883439211957,-0.07171883439211957,-0.07171883439211957,-0.07171883439211957,-0.07171883439211957,-0.07171883439211957,-0.07171883439211957
2016-02-10,-0.02502429834771247,-0.02502429834771247,0.02502429834771247,-0.02502429834771247,0.02502429834771247,-0.02502429834771247,-0.02502429834771247,-0.02502429834771247,-0.02502429834771247,-0.02502429834771247,-0.02502429834771247,-0.02502429834771247,-0.02502429834771247,-0.02502429834771247,-0.02502429834771247,-0.02502429834771247
2016-02-11,0.08492294365199682,0.08492294365199682,-0.08492294365199682,0.08492294365199682,-0.08492294365199682,0.08492294365199682,0.08492294365199682,0.08492294365199682,0.08492294365199682,0.08492294365199682,0.08492294365199682,0.08492294365199682,0.08492294365199682,0.08492294365199682,0.08492294365199682,0.08492294365199682
2016-02-12,-0.032480491237047326,-0.032480491237047326,0.032480491237047326,-0.032480491237047326,0.032480491237047326,-0.032480491237047326,-0.032480491237047326,-0.032480491237047326,-0.032480491237047326,-0.032480491237047326,-0.032480491237047326,-0.032480491237047326,-0.032480491237047326,-0.032480491237047326,-0.032480491237047326,-0.032480491237047326
2016-02-16,0.06123852358473014,0.06123852358473014,0.0,-0.0,0.06123852358473014,-0.06123852358473014,-0.06123852358473014,-0.06123852358473014,-0.06123852358473014,-0.06123852358473014,-0.06123852358473014,-0.06123852358473014,-0.06123852358473014,-0.06123852358473014,-0.06123852358473014,-0.06123852358473014
2016-02-17,0.02753016584648249,0.02753016584648249,-0.02753016584648249,0.02753016584648249,-0.02753016584648249,0.02753016584648249,0.02753016584648249,0.02753016584648249,0.02753016584648249,0.02753016584648249,0.02753016584648249,0.02753016584648249,0.02753016584648249,0.02753016584648249,0.02753016584648249,0.02753016584648249
2016-02-18,-0.009256424570944777,-0.009256424570944777,0.009256424570944777,-0.009256424570944777,0.009256424570944777,-0.009256424570944777,-0.009256424570944777,-0.009256424570944777,-0.009256424570944777,-0.009256424570944777,-0.009256424570944777,-0.009256424570944777,-0.009256424570944777,-0.009256424570944777,-0.009256424570944777,-0.009256424570944777
2016-02-19,-0.0,-0.0,0.0,-0.0,0.01887836125831943,-0.01887836125831943,-0.01887836125831943,-0.01887836125831943,-0.01887836125831943,-0.01887836125831943,-0.01887836125831943,-0.01887836125831943,-0.01887836125831943,-0.01887836125831943,-0.01887836125831943,-0.01887836125831943
2016-02-22,0.010320893387739893,0.010320893387739893,-0.010320893387739893,-0.0,0.010320893387739893,-0.010320893387739893,-0.010320893387739893,-0.010320893387739893,-0.010320893387739893,-0.010320893387739893,-0.010320893387739893,-0.010320893387739893,-0.010320893387739893,-0.010320893387739893,-0.010320893387739893,-0.010320893387739893
2016-02-23,-0.015196075599031689,-0.015196075599031689,0.015196075599031689,-0.015196075599031689,0.015196075599031689,-0.015196075599031689,-0.015196075599031689,-0.015196075599031689,-0.015196075599031689,-0.015196075599031689,-0.015196075599031689,-0.015196075599031689,-0.015196075599031689,-0.015196075599031689,-0.015196075599031689,-0.015196075599031689
2016-02-24,0.03562301865100381,0.03562301865100381,-0.03562301865100381,0.03562301865100381,-0.03562301865100381,0.03562301865100381,0.03562301865100381,0.03562301865100381,0.03562301865100381,0.03562301865100381,0.03562301865100381,0.03562301865100381,0.03562301865100381,0.03562301865100381,0.03562301865100381,0.03562301865100381
2016-02-25,-0.03666741421843467,-0.03666741421843467,0.03666741421843467,-0.03666741421843467,0.03666741421843467,-0.03666741421843467,-0.03666741421843467,-0.03666741421843467,-0.03666741421843467,-0.03666741421843467,-0.03666741421843467,-0.03666741421843467,-0.03666741421843467,-0.03666741421843467,-0.03666741421843467,-0.03666741421843467
2016-02-26,0.041296860322791895,0.041296860322791895,-0.041296860322791895,0.0,-0.041296860322791895,0.041296860322791895,0.041296860322791895,0.0,0.041296860322791895,0.041296860322791895,0.041296860322791895,0.041296860322791895,0.041296860322791895,0.041296860322791895,0.041296860322791895,0.041296860322791895
2016-02-29,-0.02652003254137436,-0.02652003254137436,0.02652003254137436,-0.02652003254137436,0.02652003254137436,-0.02652003254137436,-0.02652003254137436,-0.02652003254137436,-0.02652003254137436,-0.02652003254137436,-0.02652003254137436,-0.02652003254137436,-0.02652003254137436,-0.02652003254137436,-0.02652003254137436,-0.02652003254137436
2016-03-01,0.0393423846078198,0.0393423846078198,-0.0393423846078198,-0.0,0.0393423846078198,-0.0393423846078198,-0.0393423846078198,-0.0393423846078198,-0.0393423846078198,-0.0393423846078198,-0.0393423846078198,-0.0393423846078198,-0.0393423846078198,-0.0393423846078198,-0.0393423846078198,-0.0393423846078198
2016-03-02,0.0,0.0,-0.0,0.0,-0.004430393837522528,0.004430393837522528,0.004430393837522528,0.004430393837522528,0.004430393837522528,0.004430393837522528,0.004430393837522528,0.004430393837522528,0.004430393837522528,0.004430393837522528,0.004430393837522528,0.004430393837522528
2016-03-03,-0.03474551634688505,-0.03474551634688505,0.03474551634688505,-0.03474551634688505,0.03474551634688505,-0.03474551634688505,-0.03474551634688505,-0.03474551634688505,-0.03474551634688505,-0.03474551634688505,-0.03474551634688505,-0.03474551634688505,-0.03474551634688505,-0.03474551634688505,-0.03474551634688505,-0.03474551634688505
2016-03-04,0.048998579046610535,0.048998579046610535,-0.048998579046610535,0.048998579046610535,-0.048998579046610535,0.048998579046610535,0.048998579046610535,0.048998579046610535,0.048998579046610535,0.048998579046610535,0.048998579046610535,0.048998579046610535,0.048998579046610535,0.048998579046610535,0.048998579046610535,0.048998579046610535
2016-03-07,-0.0051528820916042495,-0.0051528820916042495,0.0051528820916042495,-0.0051528820916042495,0.0051528820916042495,-0.0051528820916042495,-0.0051528820916042495,-0.0051528820916042495,-0.0051528820916042495,-0.0051528820916042495,-0.0051528820916042495,-0.0051528820916042495,-0.0051528820916042495,-0.0051528820916042495,-0.0051528820916042495,-0.0051528820916042495
2016-03-08,-0.045618199802176074,-0.045618199802176074,0.045618199802176074,-0.045618199802176074,0.045618199802176074,-0.045618199802176074,-0.045618199802176074,-0.045618199802176074,-0.045618199802176074,-0.045618199802176074,-0.045618199802176074,-0.045618199802176074,-0.045618199802176074,-0.045618199802176074,-0.045618199802176074,-0.045618199802176074
2016-03-09,0.021086942420376675,0.021086942420376675,-0.021086942420376675,0.021086942420376675,-0.021086942420376675,0.021086942420376675,0.021086942420376675,0.021086942420376675,0.021086942420376675,0.021086942420376675,0.021086942420376675,0.021086942420376675,0.021086942420376675,0.021086942420376675,0.021086942420376675,0.021086942420376675
2016-03-10,0.04305475026919581,0.04305475026919581,-0.04305475026919581,0.04305475026919581,-0.04305475026919581,0.04305475026919581,0.04305475026919581,0.04305475026919581,0.04305475026919581,0.04305475026919581,0.04305475026919581,0.04305475026919581,0.04305475026919581,0.04305475026919581,0.04305475026919581,0.04305475026919581
2016-03-11,-0.022239148749552795,-0.022239148749552795,0.0,-0.0,0.022239148749552795,-0.022239148749552795,-0.022239148749552795,-0.022239148749552795,-0.022239148749552795,-0.022239148749552795,-0.022239148749552795,-0.022239148749552795,-0.022239148749552795,-0.022239148749552795,-0.022239148749552795,-0.022239148749552795
2016-03-14,0.06731507406069359,0.06731507406069359,-0.06731507406069359,0.06731507406069359,-0.06731507406069359,0.06731507406069359,-0.0,-0.0,-0.06731507406069359,-0.06731507406069359,-0.0,-0.0,-0.06731507406069359,-0.06731507406069359,-0.06731507406069359,-0.06731507406069359
2016-03-15,0.020145231836764754,0.0,-0.0,0.0,-0.020145231836764754,0.020145231836764754,0.020145231836764754,0.020145231836764754,0.020145231836764754,0.020145231836764754,0.020145231836764754,0.020145231836764754,0.020145231836764754,0.020145231836764754,0.020145231836764754,0.020145231836764754
2016-03-16,-0.007831897575404145,-0.007831897575404145,0.007831897575404145,-0.007831897575404145,0.007831897575404145,-0.007831897575404145,-0.007831897575404145,-0.007831897575404145,-0.007831897575404145,-0.007831897575404145,-0.007831897575404145,-0.007831897575404145,-0.007831897575404145,-0.007831897575404145,-0.007831897575404145,-0.007831897575404145
2016-03-17,0.0,0.0,-0.0,0.0,-0.00048736336419963333,0.00048736336419963333,0.00048736336419963333,0.00048736336419963333,0.00048736336419963333,0.00048736336419963333,0.00048736336419963333,0.00048736336419963333,0.00048736336419963333,0.00048736336419963333,0.00048736336419963333,0.00048736336419963333
2016-03-18,-0.0,-0.0,0.0,-0.0,0.0,-0.0,-0.0,-0.0,-0.0,-0.0,-0.0,-0.0,-0.0,-0.0,-0.0,-0.0
2016-03-21,0.07531560108879698,0.07531560108879698,-0.07531560108879698,0.07531560108879698,-0.07531560108879698,0.0,0.0,0.0,0.07531560108879698,0.07531560108879698,0.07531560108879698,0.07531560108879698,0.07531560108879698,0.07531560108879698,0.07531560108879698,0.07531560108879698
2016-03-22,-0.02312078436826348,-0.02312078436826348,0.02312078436826348,-0.02312078436826348,0.02312078436826348,-0.02312078436826348,-0.02312078436826348,-0.02312078436826348,-0.02312078436826348,-0.02312078436826348,-0.02312078436826348,-0.02312078436826348,-0.02312078436826348,-0.02312078436826348,-0.02312078436826348,-0.02312078436826348
2016-03-23,-0.0015405353360290475,-0.0015405353360290475,0.0015405353360290475,-0.0015405353360290475,0.0015405353360290475,-0.0015405353360290475,-0.0015405353360290475,-0.0015405353360290475,0.0,0.0,0.0,0.0,0.0015405353360290475,0.0015405353360290475,0.0015405353360290475,0.0015405353360290475
2016-03-24,0.05607238073628662,0.05607238073628662,-0.05607238073628662,0.05607238073628662,-0.05607238073628662,0.05607238073628662,0.05607238073628662,0.05607238073628662,-0.0,-0.0,-0.0,-0.0,-0.05607238073628662,-0.05607238073628662,-0.05607238073628662,-0.05607238073628662
2016-03-28,-0.015587484893245573,-0.015587484893245573,0.015587484893245573,-0.015587484893245573,0.015587484893245573,-0.015587484893245573,-0.015587484893245573,-0.015587484893245573,0.015587484893245573,0.015587484893245573,0.015587484893245573,0.015587484893245573,0.015587484893245573,0.015587484893245573,0.015587484893245573,0.015587484893245573
2016-03-29,0.0,0.0,-0.0,0.0,-0.0116329191970449,0.0116329191970449,0.0116329191970449,0.0116329191970449,0.0116329191970449,0.0116329191970449,0.0116329191970449,0.0116329191970449,0.0116329191970449,0.0116329191970449,0.0116329191970449,0.0116329191970449
2016-03-30,0.006762687630078146,0.006762687630078146,-0.006762687630078146,-0.0,0.006762687630078146,-0.006762687630078146,-0.006762687630078146,-0.006762687630078146,-0.006762687630078146,-0.006762687630078146,-0.006762687630078146,-0.006762687630078146,-0.006762687630078146,-0.006762687630078146,-0.006762687630078146,-0.006762687630078146
2016-03-31,0.027845102705548186,0.027845102705548186,-0.027845102705548186,0.027845102705548186,0.027845102705548186,-0.027845102705548186,-0.027845102705548186,-0.027845102705548186,0.027845102705548186,0.027845102705548186,0.027845102705548186,0.027845102705548186,0.027845102705548186,0.027845102705548186,0.027845102705548186,0.027845102705548186
2016-04-01,-0.02966359821307707,-0.02966359821307707,0.02966359821307707,-0.02966359821307707,-0.02966359821307707,-0.02966359821307707,0.02966359821307707,-0.0,-0.02966359821307707,-0.02966359821307707,-0.02966359821307707,-0.0,-0.02966359821307707,-0.02966359821307707,-0.02966359821307707,-0.02966359821307707
2016-04-04,-0.0022405188800693754,-0.0,0.0,-0.0,-0.0022405188800693754,-0.0022405188800693754,0.0022405188800693754,0.0022405188800693754,0.0022405188800693754,-0.0,-0.0,-0.0,-0.0022405188800693754,-0.0022405188800693754,-0.0022405188800693754,-0.0022405188800693754
2016-04-05,0.030728699796672476,0.030728699796672476,-0.030728699796672476,-0.0,-0.030728699796672476,-0.030728699796672476,0.030728699796672476,0.030728699796672476,0.030728699796672476,0.030728699796672476,-0.0,-0.0,-0.030728699796672476,-0.030728699796672476,-0.030728699796672476,-0.030728699796672476
2016-04-06,-0.0,-0.0,0.0,-0.0,-0.030533784428724342,-0.030533784428724342,0.030533784428724342,-0.0,-0.030533784428724342,-0.030533784428724342,-0.030533784428724342,-0.030533784428724342,-0.030533784428724342,-0.030533784428724342,-0.030533784428724342,-0.030533784428724342
2016-04-07,-0.059711015972336634,-0.059711015972336634,0.059711015972336634,-0.059711015972336634,0.059711015972336634,0.059711015972336634,-0.059711015972336634,-0.059711015972336634,-0.059711015972336634,-0.059711015972336634,-0.059711015972336634,-0.059711015972336634,-0.059711015972336634,-0.059711015972336634,-0.059711015972336634,-0.059711015972336634
2016-04-08,-0.007283674856754407,-0.007283674856754407,0.007283674856754407,-0.007283674856754407,0.007283674856754407,0.007283674856754407,-0.007283674856754407,-0.007283674856754407,-0.007283674856754407,-0.007283674856754407,-0.007283674856754407,-0.007283674856754407,-0.007283674856754407,-0.007283674856754407,-0.007283674856754407,-0.007283674856754407
2016-04-11,0.02776706517547245,0.02776706517547245,-0.02776706517547245,0.02776706517547245,-0.02776706517547245,-0.02776706517547245,0.02776706517547245,0.02776706517547245,0.02776706517547245,0.02776706517547245,0.02776706517547245,0.02776706517547245,0.02776706517547245,0.02776706517547245,0.02776706517547245,0.02776706517547245
2016-04-12,0.028545220150733686,0.028545220150733686,-0.028545220150733686,0.028545220150733686,-0.028545220150733686,-0.028545220150733686,0.028545220150733686,0.028545220150733686,0.028545220150733686,0.028545220150733686,0.028545220150733686,0.028545220150733686,0.028545220150733686,0.028545220150733686,0.028545220150733686,0.028545220150733686
2016-04-13,-0.02872046671396422,-0.02872046671396422,0.02872046671396422,-0.02872046671396422,0.02872046671396422,0.02872046671396422,-0.02872046671396422,-0.02872046671396422,-0.02872046671396422,-0.02872046671396422,-0.02872046671396422,-0.02872046671396422,-0.02872046671396422,-0.02872046671396422,-0.02872046671396422,-0.02872046671396422
2016-04-14,0.0011411560406846544,0.0011411560406846544,-0.0011411560406846544,0.0011411560406846544,-0.0011411560406846544,-0.0011411560406846544,0.0011411560406846544,0.0011411560406846544,0.0011411560406846544,0.0011411560406846544,0.0011411560406846544,0.0011411560406846544,0.0011411560406846544,0.0011411560406846544,0.0011411560406846544,0.0011411560406846544
2016-04-15,-0.04684085038744268,-0.04684085038744268,0.04684085038744268,-0.04684085038744268,0.04684085038744268,0.04684085038744268,-0.04684085038744268,-0.04684085038744268,-0.04684085038744268,-0.04684085038744268,-0.04684085038744268,-0.04684085038744268,-0.04684085038744268,-0.04684085038744268,-0.04684085038744268,-0.04684085038744268
2016-04-18,-0.0185053380782918,-0.0185053380782918,0.0185053380782918,-0.0185053380782918,-0.0185053380782918,-0.0185053380782918,0.0185053380782918,0.0185053380782918,0.0185053380782918,0.0185053380782918,0.0185053380782918,0.0185053380782918,0.0185053380782918,0.0185053380782918,0.0185053380782918,0.0185053380782918
2016-04-19,-0.019289340101522834,-0.019289340101522834,0.019289340101522834,-0.0,0.019289340101522834,0.019289340101522834,-0.019289340101522834,-0.019289340101522834,-0.019289340101522834,-0.019289340101522834,-0.019289340101522834,-0.019289340101522834,-0.019289340101522834,-0.019289340101522834,-0.019289340101522834,-0.019289340101522834
2016-04-20,0.028362739518117963,0.028362739518117963,-0.028362739518117963,0.028362739518117963,-0.028362739518117963,-0.028362739518117963,0.028362739518117963,0.028362739518117963,0.028362739518117963,0.028362739518117963,0.028362739518117963,0.028362739518117963,0.028362739518117963,0.028362739518117963,0.028362739518117963,0.028362739518117963
2016-04-21,0.0055647759445475176,0.0055647759445475176,-0.0055647759445475176,0.0055647759445475176,-0.0055647759445475176,-0.0055647759445475176,0.0055647759445475176,0.0055647759445475176,0.0055647759445475176,0.0055647759445475176,0.0055647759445475176,0.0055647759445475176,0.0055647759445475176,0.0055647759445475176,0.0055647759445475176,0.0055647759445475176
2016-04-22,-0.023807186334184216,-0.023807186334184216,0.023807186334184216,-0.0,0.023807186334184216,0.023807186334184216,-0.023807186334184216,-0.023807186334184216,-0.023807186334184216,-0.023807186334184216,-0.023807186334184216,-0.023807186334184216,-0.023807186334184216,-0.023807186334184216,-0.023807186334184216,-0.023807186334184216
2016-04-25,-0.010452126384427274,-0.010452126384427274,0.0,-0.0,-0.010452126384427274,-0.010452126384427274,-0.0,-0.0,-0.010452126384427274,-0.010452126384427274,-0.010452126384427274,-0.010452126384427274,-0.010452126384427274,-0.010452126384427274,-0.010452126384427274,-0.010452126384427274
2016-04-26,0.04455516014234884,0.04455516014234884,0.0,-0.0,0.04455516014234884,0.0,-0.0,-0.0,-0.04455516014234884,-0.04455516014234884,-0.04455516014234884,-0.04455516014234884,-0.04455516014234884,-0.04455516014234884,-0.04455516014234884,-0.04455516014234884
2016-04-27,-0.06323248841646212,-0.06323248841646212,0.06323248841646212,-0.0,0.06323248841646212,0.06323248841646212,-0.06323248841646212,-0.06323248841646212,-0.06323248841646212,-0.06323248841646212,-0.06323248841646212,-0.06323248841646212,-0.06323248841646212,-0.06323248841646212,-0.06323248841646212,-0.06323248841646212
2016-04-28,0.017431427839015523,0.017431427839015523,-0.017431427839015523,0.017431427839015523,-0.017431427839015523,-0.017431427839015523,0.017431427839015523,0.017431427839015523,0.017431427839015523,0.017431427839015523,0.017431427839015523,0.017431427839015523,0.017431427839015523,0.017431427839015523,0.017431427839015523,0.017431427839015523
2016-04-29,0.026828419862596764,0.026828419862596764,-0.026828419862596764,0.026828419862596764,-0.026828419862596764,-0.026828419862596764,0.026828419862596764,0.026828419862596764,0.026828419862596764,0.026828419862596764,0.026828419862596764,0.026828419862596764,0.026828419862596764,0.026828419862596764,0.026828419862596764,0.026828419862596764
2016-05-02,0.051874357714132624,0.051874357714132624,-0.051874357714132624,0.051874357714132624,-0.051874357714132624,-0.051874357714132624,0.051874357714132624,0.051874357714132624,0.051874357714132624,0.051874357714132624,0.051874357714132624,0.051874357714132624,0.051874357714132624,0.051874357714132624,0.051874357714132624,0.051874357714132624
2016-05-03,-0.0333176248821867,-0.0333176248821867,0.0333176248821867,-0.0333176248821867,0.0333176248821867,0.0333176248821867,-0.0333176248821867,-0.0333176248821867,-0.0333176248821867,-0.0333176248821867,-0.0333176248821867,-0.0333176248821867,-0.0333176248821867,-0.0333176248821867,-0.0333176248821867,-0.0333176248821867
2016-05-04,-0.039494686915674704,-0.0,0.0,-0.0,0.039494686915674704,0.039494686915674704,-0.039494686915674704,-0.039494686915674704,-0.039494686915674704,-0.039494686915674704,-0.039494686915674704,-0.039494686915674704,-0.039494686915674704,-0.039494686915674704,-0.039494686915674704,-0.039494686915674704
2016-05-05,0.0,0.0,-0.0,0.0,-0.06423024612819717,-0.06423024612819717,0.06423024612819717,0.06423024612819717,0.06423024612819717,0.06423024612819717,0.06423024612819717,0.06423024612819717,0.06423024612819717,0.06423024612819717,0.06423024612819717,0.06423024612819717
2016-05-06,0.03760138778189326,0.03760138778189326,-0.03760138778189326,0.03760138778189326,0.03760138778189326,0.03760138778189326,-0.03760138778189326,-0.03760138778189326,-0.03760138778189326,-0.03760138778189326,-0.03760138778189326,-0.03760138778189326,-0.03760138778189326,-0.03760138778189326,-0.03760138778189326,-0.03760138778189326
2016-05-09,0.027292033798743898,0.027292033798743898,-0.027292033798743898,0.027292033798743898,0.027292033798743898,0.027292033798743898,-0.027292033798743898,-0.027292033798743898,-0.027292033798743898,-0.027292033798743898,-0.027292033798743898,-0.027292033798743898,-0.027292033798743898,-0.027292033798743898,-0.027292033798743898,-0.027292033798743898
2016-05-10,-0.022344402903012983,-0.022344402903012983,-0.0,0.0,-0.022344402903012983,-0.022344402903012983,0.022344402903012983,0.022344402903012983,0.022344402903012983,0.022344402903012983,0.022344402903012983,0.022344402903012983,0.022344402903012983,0.022344402903012983,0.022344402903012983,0.022344402903012983
2016-05-11,-0.011427543078238234,-0.011427543078238234,0.011427543078238234,-0.011427543078238234,0.011427543078238234,0.011427543078238234,-0.011427543078238234,-0.011427543078238234,-0.011427543078238234,-0.011427543078238234,-0.011427543078238234,-0.011427543078238234,-0.011427543078238234,-0.011427543078238234,-0.011427543078238234,-0.011427543078238234
2016-05-12,-0.018148658867487955,-0.018148658867487955,0.0,-0.0,0.018148658867487955,0.0,-0.0,-0.0,-0.018148658867487955,-0.018148658867487955,-0.018148658867487955,-0.018148658867487955,-0.018148658867487955,-0.018148658867487955,-0.018148658867487955,-0.018148658867487955
2016-05-13,0.013456245358032248,0.013456245358032248,0.0,-0.0,-0.013456245358032248,-0.013456245358032248,0.013456245358032248,0.013456245358032248,-0.013456245358032248,-0.013456245358032248,-0.013456245358032248,-0.013456245358032248,-0.013456245358032248,-0.013456245358032248,-0.013456245358032248,-0.013456245358032248
2016-05-16,0.07936371082467553,0.07936371082467553,-0.07936371082467553,0.07936371082467553,-0.0,-0.0,0.0,0.0,0.07936371082467553,0.07936371082467553,0.07936371082467553,0.07936371082467553,0.07936371082467553,0.07936371082467553,0.07936371082467553,0.07936371082467553
2016-05-17,-0.01784041955422344,-0.01784041955422344,0.01784041955422344,-0.01784041955422344,0.01784041955422344,0.01784041955422344,-0.01784041955422344,-0.01784041955422344,-0.01784041955422344,-0.01784041955422344,-0.01784041955422344,-0.01784041955422344,-0.01784041955422344,-0.01784041955422344,-0.01784041955422344,-0.01784041955422344
2016-05-18,0.003082302065602338,0.003082302065602338,-0.003082302065602338,0.003082302065602338,0.003082302065602338,0.0,-0.0,-0.0,-0.003082302065602338,-0.003082302065602338,-0.003082302065602338,-0.003082302065602338,-0.003082302065602338,-0.003082302065602338,-0.003082302065602338,-0.003082302065602338
2016-05-19,-0.011374059805540182,-0.011374059805540182,0.011374059805540182,-0.011374059805540182,0.011374059805540182,-0.0,0.0,0.0,0.011374059805540182,0.011374059805540182,0.011374059805540182,0.011374059805540182,0.011374059805540182,0.011374059805540182,0.011374059805540182,0.011374059805540182
2016-05-20,-0.05511226572647998,-0.05511226572647998,0.05511226572647998,-0.05511226572647998,0.05511226572647998,0.05511226572647998,-0.05511226572647998,-0.05511226572647998,0.05511226572647998,0.05511226572647998,0.05511226572647998,0.05511226572647998,0.05511226572647998,0.05511226572647998,0.05511226572647998,0.05511226572647998
2016-05-23,0.02513747054202664,0.02513747054202664,-0.02513747054202664,0.02513747054202664,0.02513747054202664,0.02513747054202664,-0.0,-0.0,-0.02513747054202664,-0.02513747054202664,-0.02513747054202664,-0.02513747054202664,-0.02513747054202664,-0.02513747054202664,-0.02513747054202664,-0.02513747054202664
2016-05-24,-0.004118773946360066,-0.004118773946360066,0.004118773946360066,-0.004118773946360066,0.004118773946360066,0.004118773946360066,-0.004118773946360066,-0.004118773946360066,-0.004118773946360066,-0.004118773946360066,-0.004118773946360066,-0.004118773946360066,0.004118773946360066,0.004118773946360066,0.004118773946360066,0.004118773946360066
2016-05-25,-0.025295758391843837,-0.025295758391843837,0.025295758391843837,-0.025295758391843837,0.025295758391843837,0.025295758391843837,-0.025295758391843837,-0.025295758391843837,-0.025295758391843837,0.0,0.0,0.0,0.025295758391843837,0.025295758391843837,0.025295758391843837,0.025295758391843837
2016-05-26,0.01075587132425504,0.01075587132425504,-0.01075587132425504,0.01075587132425504,-0.01075587132425504,-0.01075587132425504,0.01075587132425504,0.01075587132425504,0.01075587132425504,0.01075587132425504,0.01075587132425504,0.01075587132425504,-0.01075587132425504,-0.01075587132425504,-0.01075587132425504,-0.01075587132425504
2016-05-27,0.006638680074196879,0.006638680074196879,-0.006638680074196879,0.006638680074196879,-0.006638680074196879,-0.006638680074196879,0.006638680074196879,0.006638680074196879,0.006638680074196879,0.006638680074196879,0.006638680074196879,0.006638680074196879,-0.006638680074196879,-0.006638680074196879,-0.006638680074196879,-0.006638680074196879
2016-05-31,0.0021821355833575584,0.0021821355833575584,-0.0021821355833575584,0.0021821355833575584,-0.0021821355833575584,-0.0021821355833575584,0.0021821355833575584,0.0021821355833575584,0.0021821355833575584,0.0021821355833575584,0.0021821355833575584,0.0021821355833575584,-0.0021821355833575584,-0.0021821355833575584,-0.0021821355833575584,-0.0021821355833575584
2016-06-01,-0.10949823389945323,-0.10949823389945323,0.0,-0.0,-0.10949823389945323,-0.10949823389945323,0.10949823389945323,0.10949823389945323,0.10949823389945323,0.10949823389945323,0.10949823389945323,0.10949823389945323,-0.10949823389945323,-0.10949823389945323,-0.10949823389945323,-0.10949823389945323
2016-06-02,0.005713039686000787,0.005713039686000787,0.0,-0.0,-0.005713039686000787,-0.005713039686000787,0.005713039686000787,0.005713039686000787,0.005713039686000787,0.005713039686000787,0.005713039686000787,0.005713039686000787,-0.005713039686000787,-0.005713039686000787,-0.005713039686000787,-0.005713039686000787
2016-06-03,0.012185074367980553,0.012185074367980553,-0.012185074367980553,0.012185074367980553,-0.012185074367980553,-0.012185074367980553,0.012185074367980553,0.012185074367980553,0.012185074367980553,0.012185074367980553,0.012185074367980553,0.012185074367980553,0.012185074367980553,0.012185074367980553,0.012185074367980553,0.012185074367980553
2016-06-06,-0.03384547848990338,-0.03384547848990338,0.03384547848990338,-0.03384547848990338,0.03384547848990338,0.03384547848990338,-0.03384547848990338,-0.03384547848990338,-0.03384547848990338,-0.03384547848990338,-0.0,-0.0,-0.03384547848990338,-0.03384547848990338,-0.03384547848990338,-0.03384547848990338
2016-06-07,-0.01307800093414313,-0.01307800093414313,0.01307800093414313,-0.01307800093414313,0.01307800093414313,0.01307800093414313,-0.01307800093414313,-0.01307800093414313,-0.01307800093414313,-0.01307800093414313,-0.01307800093414313,-0.01307800093414313,-0.01307800093414313,-0.01307800093414313,-0.01307800093414313,-0.01307800093414313
2016-06-08,0.013705519929586352,0.013705519929586352,-0.013705519929586352,0.013705519929586352,-0.013705519929586352,-0.013705519929586352,0.013705519929586352,0.013705519929586352,0.013705519929586352,0.013705519929586352,0.013705519929586352,0.013705519929586352,0.013705519929586352,0.013705519929586352,0.013705519929586352,0.013705519929586352
2016-06-09,0.003059663437021909,0.003059663437021909,-0.003059663437021909,0.003059663437021909,-0.003059663437021909,-0.003059663437021909,0.003059663437021909,0.003059663437021909,0.003059663437021909,0.003059663437021909,0.003059663437021909,0.003059663437021909,0.003059663437021909,0.003059663437021909,0.003059663437021909,0.003059663437021909
2016-06-10,0.019693094629156027,0.019693094629156027,-0.019693094629156027,0.019693094629156027,-0.019693094629156027,-0.019693094629156027,0.019693094629156027,0.019693094629156027,0.019693094629156027,0.019693094629156027,0.019693094629156027,0.019693094629156027,0.019693094629156027,0.019693094629156027,0.019693094629156027,0.019693094629156027
2016-06-13,-0.0366553613357683,-0.0366553613357683,0.0366553613357683,-0.0,0.0366553613357683,0.0366553613357683,-0.0366553613357683,-0.0366553613357683,-0.0366553613357683,-0.0366553613357683,-0.0366553613357683,-0.0366553613357683,-0.0366553613357683,-0.0366553613357683,-0.0366553613357683,-0.0366553613357683
2016-06-14,0.030829243739776024,0.0,-0.0,0.0,-0.030829243739776024,-0.030829243739776024,0.030829243739776024,0.030829243739776024,0.0,0.0,0.0,0.0,0.030829243739776024,0.030829243739776024,0.030829243739776024,0.030829243739776024
2016-06-15,-0.012594131394442876,-0.012594131394442876,0.0,-0.0,0.012594131394442876,0.012594131394442876,-0.012594131394442876,-0.012594131394442876,-0.012594131394442876,-0.012594131394442876,-0.012594131394442876,-0.012594131394442876,-0.012594131394442876,-0.012594131394442876,-0.012594131394442876,-0.012594131394442876
2016-06-16,-0.005812711031328743,-0.005812711031328743,0.005812711031328743,-0.005812711031328743,-0.005812711031328743,-0.005812711031328743,0.005812711031328743,0.005812711031328743,0.005812711031328743,0.005812711031328743,0.005812711031328743,0.005812711031328743,0.005812711031328743,0.005812711031328743,0.005812711031328743,0.005812711031328743
2016-06-17,-0.028072739779029243,0.0,-0.0,0.0,-0.028072739779029243,-0.028072739779029243,0.028072739779029243,0.028072739779029243,0.028072739779029243,0.028072739779029243,0.028072739779029243,0.028072739779029243,0.028072739779029243,0.028072739779029243,0.028072739779029243,0.028072739779029243
2016-06-20,0.022027600849257034,-0.0,0.0,-0.0,0.022027600849257034,0.0,-0.0,-0.0,-0.022027600849257034,-0.022027600849257034,-0.022027600849257034,-0.022027600849257034,-0.022027600849257034,-0.022027600849257034,-0.022027600849257034,-0.022027600849257034
2016-06-21,-0.009391500043278933,-0.009391500043278933,0.009391500043278933,0.0,0.009391500043278933,-0.0,0.0,0.0,0.009391500043278933,0.009391500043278933,0.009391500043278933,0.009391500043278933,0.009391500043278933,0.009391500043278933,0.009391500043278933,0.009391500043278933
2016-06-22,0.059417187295207174,0.059417187295207174,-0.059417187295207174,0.059417187295207174,-0.059417187295207174,-0.059417187295207174,0.059417187295207174,-0.0,-0.059417187295207174,-0.059417187295207174,-0.059417187295207174,-0.059417187295207174,-0.059417187295207174,-0.059417187295207174,-0.059417187295207174,-0.059417187295207174
2016-06-23,0.011588106726050595,-0.0,0.0,-0.0,-0.011588106726050595,-0.011588106726050595,0.011588106726050595,0.011588106726050595,-0.011588106726050595,-0.011588106726050595,-0.011588106726050595,-0.011588106726050595,-0.011588106726050595,-0.011588106726050595,-0.011588106726050595,-0.011588106726050595
2016-06-24,0.016265796983285785,0.016265796983285785,-0.016265796983285785,0.016265796983285785,-0.016265796983285785,-0.016265796983285785,0.016265796983285785,0.016265796983285785,0.016265796983285785,0.016265796983285785,0.016265796983285785,0.016265796983285785,0.016265796983285785,0.016265796983285785,0.016265796983285785,0.016265796983285785
2016-06-27,-0.020803116323401483,-0.020803116323401483,0.020803116323401483,-0.020803116323401483,0.020803116323401483,0.020803116323401483,-0.020803116323401483,-0.020803116323401483,-0.020803116323401483,-0.020803116323401483,-0.020803116323401483,-0.020803116323401483,-0.020803116323401483,-0.020803116323401483,-0.020803116323401483,-0.020803116323401483
2016-06-28,-0.019364267446108974,-0.019364267446108974,0.019364267446108974,-0.019364267446108974,0.019364267446108974,0.019364267446108974,-0.019364267446108974,-0.019364267446108974,-0.019364267446108974,-0.019364267446108974,-0.019364267446108974,-0.019364267446108974,-0.019364267446108974,-0.019364267446108974,-0.019364267446108974,-0.019364267446108974
2016-06-29,-0.04878534448426919,-0.04878534448426919,0.04878534448426919,-0.04878534448426919,0.04878534448426919,0.04878534448426919,-0.04878534448426919,-0.04878534448426919,-0.04878534448426919,-0.04878534448426919,-0.04878534448426919,-0.04878534448426919,-0.04878534448426919,-0.04878534448426919,-0.04878534448426919,-0.04878534448426919
2016-06-30,-0.02065692044807288,-0.02065692044807288,0.02065692044807288,-0.02065692044807288,0.02065692044807288,0.02065692044807288,-0.02065692044807288,-0.02065692044807288,-0.02065692044807288,-0.02065692044807288,-0.02065692044807288,-0.02065692044807288,-0.02065692044807288,-0.02065692044807288,-0.02065692044807288,-0.02065692044807288
2016-07-01,-0.0316976077979092,0.0316976077979092,0.0316976077979092,-0.0316976077979092,0.0316976077979092,0.0316976077979092,-0.0316976077979092,-0.0316976077979092,-0.0316976077979092,-0.0316976077979092,-0.0316976077979092,-0.0316976077979092,-0.0316976077979092,-0.0316976077979092,-0.0316976077979092,-0.0316976077979092
2016-07-05,0.0340052648660345,-0.0340052648660345,-0.0340052648660345,0.0340052648660345,-0.0340052648660345,-0.0340052648660345,0.0340052648660345,0.0340052648660345,0.0340052648660345,0.0340052648660345,0.0340052648660345,0.0340052648660345,0.0340052648660345,0.0340052648660345,0.0340052648660345,0.0340052648660345
2016-07-06,-0.03251455875765252,0.03251455875765252,0.03251455875765252,-0.03251455875765252,0.03251455875765252,0.03251455875765252,-0.03251455875765252,-0.03251455875765252,-0.03251455875765252,-0.03251455875765252,-0.03251455875765252,-0.03251455875765252,-0.03251455875765252,-0.03251455875765252,-0.03251455875765252,-0.03251455875765252
2016-07-07,-0.0032539137351315084,0.0032539137351315084,0.0032539137351315084,-0.0032539137351315084,0.0032539137351315084,0.0032539137351315084,-0.0032539137351315084,-0.0032539137351315084,-0.0032539137351315084,-0.0032539137351315084,-0.0032539137351315084,-0.0032539137351315084,-0.0032539137351315084,-0.0032539137351315084,-0.0032539137351315084,-0.0032539137351315084
2016-07-08,0.038884284118346546,-0.038884284118346546,-0.038884284118346546,0.038884284118346546,-0.038884284118346546,-0.038884284118346546,0.038884284118346546,0.038884284118346546,0.038884284118346546,0.038884284118346546,0.038884284118346546,0.038884284118346546,0.038884284118346546,0.038884284118346546,0.038884284118346546,0.038884284118346546
2016-07-11,-0.03404574428196461,0.03404574428196461,0.03404574428196461,-0.03404574428196461,0.03404574428196461,0.03404574428196461,-0.03404574428196461,-0.03404574428196461,-0.03404574428196461,-0.03404574428196461,-0.03404574428196461,-0.03404574428196461,-0.03404574428196461,-0.03404574428196461,-0.03404574428196461,-0.03404574428196461
2016-07-12,-0.006454420190006527,-0.0,-0.0,0.0,-0.006454420190006527,-0.006454420190006527,0.006454420190006527,0.006454420190006527,0.006454420190006527,0.006454420190006527,0.006454420190006527,0.006454420190006527,0.006454420190006527,0.006454420190006527,0.006454420190006527,0.006454420190006527
2016-07-13,-0.011423357664233524,-0.0,-0.0,0.0,-0.011423357664233524,-0.011423357664233524,0.011423357664233524,0.011423357664233524,0.011423357664233524,0.011423357664233524,0.011423357664233524,0.011423357664233524,0.011423357664233524,0.011423357664233524,0.011423357664233524,0.011423357664233524
2016-07-14,-0.004024070587366646,0.004024070587366646,0.004024070587366646,-0.004024070587366646,0.004024070587366646,0.004024070587366646,-0.004024070587366646,-0.004024070587366646,-0.004024070587366646,-0.004024070587366646,-0.004024070587366646,-0.004024070587366646,-0.004024070587366646,-0.004024070587366646,-0.004024070587366646,-0.004024070587366646
2016-07-15,-0.010001470804530177,0.010001470804530177,0.010001470804530177,-0.010001470804530177,-0.010001470804530177,-0.010001470804530177,0.010001470804530177,0.010001470804530177,0.010001470804530177,0.010001470804530177,0.010001470804530177,0.010001470804530177,0.010001470804530177,0.010001470804530177,0.010001470804530177,0.010001470804530177
2016-07-18,-0.05794087059872233,0.05794087059872233,0.05794087059872233,0.0,-0.05794087059872233,-0.05794087059872233,0.05794087059872233,0.05794087059872233,0.05794087059872233,0.05794087059872233,0.05794087059872233,0.05794087059872233,0.05794087059872233,0.05794087059872233,0.05794087059872233,0.05794087059872233
2016-07-19,-0.03181674814697999,0.0,0.0,-0.0,0.0,0.0,-0.0,-0.0,-0.03181674814697999,-0.03181674814697999,-0.03181674814697999,-0.03181674814697999,-0.03181674814697999,-0.03181674814697999,-0.03181674814697999,-0.03181674814697999
2016-07-20,-0.0024072446601199893,0.0024072446601199893,0.0024072446601199893,-0.0024072446601199893,0.0024072446601199893,0.0024072446601199893,-0.0024072446601199893,-0.0024072446601199893,0.0024072446601199893,0.0024072446601199893,0.0024072446601199893,0.0024072446601199893,0.0024072446601199893,0.0024072446601199893,0.0024072446601199893,0.0024072446601199893
2016-07-21,-0.03577447525662636,0.03577447525662636,0.03577447525662636,-0.03577447525662636,0.03577447525662636,0.03577447525662636,-0.03577447525662636,-0.03577447525662636,0.03577447525662636,0.03577447525662636,0.03577447525662636,0.03577447525662636,0.03577447525662636,0.03577447525662636,0.03577447525662636,0.03577447525662636
2016-07-22,0.02629697306745049,-0.02629697306745049,-0.02629697306745049,0.02629697306745049,-0.02629697306745049,-0.02629697306745049,0.02629697306745049,0.02629697306745049,-0.02629697306745049,-0.02629697306745049,-0.02629697306745049,-0.02629697306745049,-0.02629697306745049,-0.02629697306745049,-0.02629697306745049,-0.02629697306745049
2016-07-25,0.045285647933116735,-0.045285647933116735,-0.045285647933116735,0.045285647933116735,-0.045285647933116735,-0.045285647933116735,0.045285647933116735,0.045285647933116735,-0.045285647933116735,-0.045285647933116735,-0.045285647933116735,-0.045285647933116735,-0.045285647933116735,-0.045285647933116735,-0.045285647933116735,-0.045285647933116735
2016-07-26,-0.0017033251869954524,0.0017033251869954524,0.0017033251869954524,-0.0017033251869954524,0.0017033251869954524,0.0017033251869954524,-0.0017033251869954524,-0.0017033251869954524,0.0017033251869954524,0.0017033251869954524,0.0017033251869954524,0.0017033251869954524,0.0017033251869954524,0.0017033251869954524,0.0017033251869954524,0.0017033251869954524
2016-07-27,-0.02852373887240356,0.02852373887240356,0.02852373887240356,-0.02852373887240356,-0.02852373887240356,-0.02852373887240356,0.02852373887240356,0.02852373887240356,-0.02852373887240356,-0.02852373887240356,-0.02852373887240356,-0.02852373887240356,-0.02852373887240356,-0.02852373887240356,-0.02852373887240356,-0.02852373887240356
2016-07-28,-0.011864834649644829,0.011864834649644829,0.011864834649644829,-0.011864834649644829,-0.011864834649644829,-0.011864834649644829,0.011864834649644829,-0.0,-0.011864834649644829,-0.011864834649644829,-0.011864834649644829,-0.011864834649644829,-0.011864834649644829,-0.011864834649644829,-0.011864834649644829,-0.011864834649644829
2016-07-29,-0.01161878965001062,0.01161878965001062,0.01161878965001062,-0.01161878965001062,0.01161878965001062,0.01161878965001062,-0.01161878965001062,-0.01161878965001062,-0.01161878965001062,-0.01161878965001062,-0.01161878965001062,-0.01161878965001062,-0.01161878965001062,-0.01161878965001062,-0.01161878965001062,-0.01161878965001062
2016-08-01,0.011168263810597545,-0.011168263810597545,-0.011168263810597545,0.011168263810597545,-0.011168263810597545,-0.011168263810597545,0.011168263810597545,0.011168263810597545,0.011168263810597545,0.011168263810597545,0.011168263810597545,0.011168263810597545,0.011168263810597545,0.011168263810597545,0.011168263810597545,0.011168263810597545
2016-08-02,-0.008550967328178949,0.008550967328178949,0.008550967328178949,-0.008550967328178949,0.008550967328178949,0.008550967328178949,-0.008550967328178949,-0.008550967328178949,-0.008550967328178949,-0.008550967328178949,-0.008550967328178949,-0.008550967328178949,-0.008550967328178949,-0.008550967328178949,-0.008550967328178949,-0.008550967328178949
2016-08-03,0.031546967181262486,-0.031546967181262486,-0.031546967181262486,0.031546967181262486,-0.031546967181262486,-0.031546967181262486,0.031546967181262486,0.031546967181262486,0.031546967181262486,0.031546967181262486,0.0,0.0,0.031546967181262486,0.031546967181262486,0.031546967181262486,0.031546967181262486
2016-08-04,-0.008280440650762166,0.008280440650762166,0.008280440650762166,-0.008280440650762166,0.008280440650762166,0.008280440650762166,-0.008280440650762166,-0.008280440650762166,-0.008280440650762166,-0.008280440650762166,-0.008280440650762166,-0.008280440650762166,-0.008280440650762166,-0.008280440650762166,-0.008280440650762166,-0.008280440650762166
2016-08-05,0.009333960421113563,-0.009333960421113563,0.0,-0.0,0.009333960421113563,0.009333960421113563,-0.009333960421113563,-0.009333960421113563,0.009333960421113563,-0.0,-0.0,-0.0,-0.009333960421113563,-0.009333960421113563,-0.009333960421113563,-0.009333960421113563
2016-08-08,0.017061543424495396,-0.017061543424495396,0.0,-0.0,0.017061543424495396,0.017061543424495396,-0.017061543424495396,-0.017061543424495396,-0.0,-0.0,-0.0,-0.0,-0.017061543424495396,-0.017061543424495396,-0.017061543424495396,-0.017061543424495396
2016-08-09,-0.0075066079295154076,0.0075066079295154076,0.0075066079295154076,0.0,-0.0075066079295154076,-0.0075066079295154076,0.0075066079295154076,0.0075066079295154076,0.0075066079295154076,0.0075066079295154076,0.0075066079295154076,0.0075066079295154076,0.0075066079295154076,0.0075066079295154076,0.0075066079295154076,0.0075066079295154076
2016-08-10,-0.000497123783822051,0.000497123783822051,0.0,-0.0,0.000497123783822051,0.000497123783822051,-0.000497123783822051,-0.000497123783822051,-0.000497123783822051,-0.000497123783822051,-0.000497123783822051,-0.000497123783822051,-0.000497123783822051,-0.000497123783822051,-0.000497123783822051,-0.000497123783822051
2016-08-11,-0.0067788188529244175,-0.0,-0.0,0.0,-0.0067788188529244175,-0.0067788188529244175,0.0067788188529244175,0.0067788188529244175,0.0067788188529244175,0.0067788188529244175,0.0067788188529244175,0.0067788188529244175,0.0067788188529244175,0.0067788188529244175,0.0067788188529244175,0.0067788188529244175
2016-08-12,0.0021082722887261207,-0.0021082722887261207,-0.0021082722887261207,0.0021082722887261207,-0.0021082722887261207,-0.0021082722887261207,0.0021082722887261207,0.0,0.0021082722887261207,0.0021082722887261207,0.0021082722887261207,0.0021082722887261207,0.0021082722887261207,0.0021082722887261207,0.0021082722887261207,0.0021082722887261207
2016-08-15,0.014108715892000245,-0.014108715892000245,-0.0,0.0,-0.0,-0.0,0.0,0.0,0.014108715892000245,0.014108715892000245,0.014108715892000245,0.014108715892000245,0.014108715892000245,0.014108715892000245,0.014108715892000245,0.014108715892000245
2016-08-16,-0.0,0.0,0.0,-0.0,-0.012167659450820878,-0.012167659450820878,0.012167659450820878,-0.0,-0.012167659450820878,-0.012167659450820878,-0.012167659450820878,-0.012167659450820878,-0.012167659450820878,-0.012167659450820878,-0.012167659450820878,-0.012167659450820878
2016-08-17,-0.02554993361323432,0.02554993361323432,0.02554993361323432,-0.02554993361323432,0.02554993361323432,0.02554993361323432,-0.02554993361323432,0.0,0.02554993361323432,0.02554993361323432,0.02554993361323432,0.02554993361323432,0.02554993361323432,0.02554993361323432,0.02554993361323432,0.02554993361323432
2016-08-18,-0.01616645185048793,0.01616645185048793,-0.0,0.0,0.01616645185048793,0.01616645185048793,-0.01616645185048793,0.0,0.01616645185048793,0.01616645185048793,0.01616645185048793,0.01616645185048793,0.01616645185048793,0.01616645185048793,0.01616645185048793,0.01616645185048793
2016-08-19,-0.014597993711633506,0.014597993711633506,0.014597993711633506,-0.014597993711633506,0.014597993711633506,-0.0,0.0,0.0,0.014597993711633506,0.014597993711633506,0.014597993711633506,0.014597993711633506,0.014597993711633506,0.014597993711633506,0.014597993711633506,0.014597993711633506
2016-08-22,-0.07133632150725522,0.07133632150725522,0.07133632150725522,-0.07133632150725522,0.07133632150725522,0.07133632150725522,-0.07133632150725522,-0.07133632150725522,0.07133632150725522,0.07133632150725522,0.07133632150725522,0.07133632150725522,0.07133632150725522,0.07133632150725522,0.07133632150725522,0.07133632150725522
2016-08-23,0.012639070680628306,-0.012639070680628306,-0.012639070680628306,0.012639070680628306,-0.012639070680628306,-0.012639070680628306,0.012639070680628306,0.012639070680628306,-0.012639070680628306,-0.012639070680628306,-0.012639070680628306,-0.0,-0.012639070680628306,-0.012639070680628306,-0.012639070680628306,-0.012639070680628306
2016-08-24,-0.005493395807246504,0.005493395807246504,0.005493395807246504,-0.005493395807246504,0.005493395807246504,0.005493395807246504,-0.005493395807246504,-0.005493395807246504,-0.005493395807246504,-0.005493395807246504,-0.005493395807246504,-0.005493395807246504,0.005493395807246504,0.005493395807246504,0.005493395807246504,0.005493395807246504
2016-08-25,0.003289874497380385,-0.003289874497380385,-0.003289874497380385,0.003289874497380385,-0.003289874497380385,-0.003289874497380385,0.003289874497380385,0.003289874497380385,0.003289874497380385,0.003289874497380385,0.003289874497380385,0.003289874497380385,-0.003289874497380385,-0.003289874497380385,-0.003289874497380385,-0.003289874497380385
2016-08-26,-0.04918630070439656,0.04918630070439656,0.04918630070439656,-0.04918630070439656,0.04918630070439656,0.04918630070439656,-0.04918630070439656,-0.04918630070439656,-0.04918630070439656,-0.04918630070439656,-0.04918630070439656,-0.04918630070439656,0.04918630070439656,0.04918630070439656,0.04918630070439656,0.04918630070439656
2016-08-29,-0.018009962958232095,0.018009962958232095,0.018009962958232095,-0.018009962958232095,0.018009962958232095,0.018009962958232095,-0.018009962958232095,-0.018009962958232095,-0.018009962958232095,-0.018009962958232095,-0.018009962958232095,-0.018009962958232095,0.018009962958232095,0.018009962958232095,0.018009962958232095,0.018009962958232095
2016-08-30,0.03897849462365599,-0.03897849462365599,-0.03897849462365599,0.03897849462365599,-0.03897849462365599,-0.03897849462365599,0.03897849462365599,0.03897849462365599,0.03897849462365599,0.03897849462365599,0.03897849462365599,0.03897849462365599,-0.03897849462365599,-0.03897849462365599,-0.03897849462365599,-0.0
2016-08-31,0.0353878896632307,-0.0353878896632307,-0.0353878896632307,0.0353878896632307,-0.0353878896632307,-0.0353878896632307,0.0353878896632307,0.0353878896632307,0.0353878896632307,0.0353878896632307,0.0353878896632307,0.0353878896632307,-0.0353878896632307,-0.0353878896632307,-0.0,-0.0
2016-09-01,0.04788198782797948,-0.04788198782797948,-0.04788198782797948,0.04788198782797948,-0.04788198782797948,-0.04788198782797948,0.04788198782797948,0.04788198782797948,0.04788198782797948,0.04788198782797948,0.04788198782797948,0.04788198782797948,-0.04788198782797948,-0.04788198782797948,-0.04788198782797948,-0.0
2016-09-02,0.005230970421939318,-0.0,-0.0,0.0,0.005230970421939318,0.005230970421939318,-0.005230970421939318,-0.005230970421939318,-0.005230970421939318,-0.005230970421939318,-0.005230970421939318,-0.005230970421939318,0.005230970421939318,0.005230970421939318,0.005230970421939318,0.005230970421939318
2016-09-06,0.021652553841394973,-0.021652553841394973,-0.021652553841394973,0.021652553841394973,0.021652553841394973,0.021652553841394973,-0.021652553841394973,-0.021652553841394973,-0.021652553841394973,-0.021652553841394973,-0.021652553841394973,-0.021652553841394973,0.021652553841394973,0.021652553841394973,0.021652553841394973,0.021652553841394973
2016-09-07,0.05493419752598505,-0.05493419752598505,-0.05493419752598505,0.05493419752598505,0.05493419752598505,0.05493419752598505,-0.05493419752598505,0.0,-0.05493419752598505,-0.05493419752598505,-0.05493419752598505,-0.05493419752598505,0.05493419752598505,0.05493419752598505,0.05493419752598505,0.05493419752598505
2016-09-08,-0.025801865094300158,0.025801865094300158,0.025801865094300158,-0.025801865094300158,0.025801865094300158,0.025801865094300158,-0.025801865094300158,-0.025801865094300158,0.025801865094300158,0.025801865094300158,0.025801865094300158,0.025801865094300158,-0.025801865094300158,-0.025801865094300158,-0.025801865094300158,-0.025801865094300158
2016-09-09,0.0,-0.0,-0.0,0.0,0.03770892784345703,0.03770892784345703,-0.03770892784345703,-0.03770892784345703,-0.03770892784345703,-0.03770892784345703,-0.03770892784345703,-0.03770892784345703,0.0,0.0,0.0,0.0
2016-09-12,0.00021181952976068175,-0.00021181952976068175,0.0,-0.0,0.0,0.0,-0.0,-0.0,0.00021181952976068175,0.00021181952976068175,0.00021181952976068175,0.00021181952976068175,-0.00021181952976068175,-0.00021181952976068175,-0.00021181952976068175,-0.00021181952976068175
2016-09-13,0.005929690808979204,-0.005929690808979204,-0.005929690808979204,0.005929690808979204,-0.005929690808979204,-0.005929690808979204,0.005929690808979204,0.005929690808979204,0.005929690808979204,0.005929690808979204,0.005929690808979204,0.005929690808979204,-0.005929690808979204,-0.0,-0.0,-0.0
2016-09-14,-0.008757894736842076,0.008757894736842076,0.008757894736842076,-0.008757894736842076,-0.008757894736842076,-0.0,0.0,0.0,-0.008757894736842076,-0.008757894736842076,-0.008757894736842076,-0.008757894736842076,0.008757894736842076,0.008757894736842076,0.008757894736842076,0.0
2016-09-15,0.0057769093534958404,-0.0057769093534958404,-0.0057769093534958404,0.0057769093534958404,0.0057769093534958404,0.0057769093534958404,-0.0057769093534958404,-0.0057769093534958404,0.0057769093534958404,0.0057769093534958404,0.0057769093534958404,0.0057769093534958404,-0.0057769093534958404,-0.0057769093534958404,-0.0057769093534958404,-0.0057769093534958404
2016-09-16,-0.0017315651659768339,0.0017315651659768339,0.0017315651659768339,0.0,0.0017315651659768339,0.0017315651659768339,-0.0017315651659768339,0.0,-0.0017315651659768339,-0.0017315651659768339,-0.0017315651659768339,-0.0017315651659768339,0.0017315651659768339,0.0017315651659768339,0.0017315651659768339,0.0
2016-09-19,0.0692558277277151,-0.0692558277277151,-0.0692558277277151,0.0692558277277151,-0.0692558277277151,-0.0692558277277151,0.0692558277277151,0.0692558277277151,0.0692558277277151,0.0692558277277151,0.0692558277277151,0.0692558277277151,-0.0692558277277151,-0.0692558277277151,-0.0692558277277151,-0.0692558277277151
2016-09-20,0.0,-0.0,-0.0,0.0,0.004668829627284987,0.004668829627284987,-0.004668829627284987,-0.004668829627284987,-0.004668829627284987,-0.004668829627284987,-0.004668829627284987,-0.004668829627284987,-0.004668829627284987,-0.004668829627284987,-0.004668829627284987,-0.004668829627284987
2016-09-21,0.02560025441246616,-0.02560025441246616,-0.02560025441246616,0.02560025441246616,0.02560025441246616,0.02560025441246616,-0.02560025441246616,-0.02560025441246616,-0.02560025441246616,-0.02560025441246616,-0.02560025441246616,-0.02560025441246616,0.02560025441246616,0.02560025441246616,0.02560025441246616,0.02560025441246616
2016-09-22,0.008893603133159234,-0.008893603133159234,-0.008893603133159234,0.008893603133159234,0.008893603133159234,-0.0,0.0,0.0,0.008893603133159234,0.008893603133159234,0.008893603133159234,0.008893603133159234,0.008893603133159234,0.008893603133159234,0.008893603133159234,0.008893603133159234
2016-09-23,0.017699843582777652,-0.017699843582777652,-0.017699843582777652,0.017699843582777652,-0.017699843582777652,-0.017699843582777652,0.017699843582777652,0.017699843582777652,-0.017699843582777652,0.0,0.0,0.0,0.0,0.0,0.0,0.0
2016-09-26,-0.022586322494133393,0.022586322494133393,0.022586322494133393,-0.022586322494133393,-0.022586322494133393,0.0,-0.0,-0.0,0.022586322494133393,0.022586322494133393,-0.0,-0.0,0.022586322494133393,0.022586322494133393,0.022586322494133393,0.022586322494133393
2016-09-27,0.008523542187435895,-0.0,-0.0,0.0,-0.008523542187435895,-0.008523542187435895,0.0,0.0,-0.008523542187435895,-0.008523542187435895,-0.008523542187435895,-0.008523542187435895,-0.008523542187435895,-0.008523542187435895,-0.008523542187435895,-0.008523542187435895
2016-09-28,-0.008100847282496493,0.008100847282496493,0.008100847282496493,-0.008100847282496493,-0.008100847282496493,-0.008100847282496493,0.008100847282496493,0.008100847282496493,0.008100847282496493,0.008100847282496493,0.008100847282496493,0.008100847282496493,-0.008100847282496493,-0.008100847282496493,-0.008100847282496493,-0.008100847282496493
2016-09-29,-0.01941747572815522,0.01941747572815522,0.01941747572815522,-0.01941747572815522,-0.01941747572815522,-0.01941747572815522,0.01941747572815522,0.0,0.01941747572815522,0.01941747572815522,0.01941747572815522,0.01941747572815522,-0.01941747572815522,-0.01941747572815522,-0.01941747572815522,-0.01941747572815522
2016-09-30,-0.0979050694769048,0.0979050694769048,0.0979050694769048,-0.0979050694769048,-0.0979050694769048,-0.0979050694769048,0.0979050694769048,0.0,0.0,0.0,0.0,0.0,-0.0979050694769048,-0.0979050694769048,-0.0979050694769048,-0.0979050694769048
2016-10-03,0.006830279334872014,-0.006830279334872014,-0.006830279334872014,-0.006830279334872014,-0.006830279334872014,-0.0,-0.0,-0.0,0.006830279334872014,0.006830279334872014,0.006830279334872014,0.006830279334872014,0.006830279334872014,0.006830279334872014,0.006830279334872014,0.006830279334872014
2016-10-04,-0.029241134088144438,0.029241134088144438,0.029241134088144438,0.029241134088144438,0.029241134088144438,-0.029241134088144438,-0.029241134088144438,-0.029241134088144438,-0.029241134088144438,-0.029241134088144438,-0.029241134088144438,-0.029241134088144438,-0.029241134088144438,-0.029241134088144438,-0.029241134088144438,-0.029241134088144438
2016-10-05,0.0052050701238615105,-0.0052050701238615105,-0.0052050701238615105,-0.0052050701238615105,-0.0052050701238615105,0.0052050701238615105,0.0052050701238615105,0.0052050701238615105,0.0052050701238615105,0.0052050701238615105,0.0052050701238615105,0.0052050701238615105,0.0052050701238615105,0.0052050701238615105,0.0052050701238615105,0.0052050701238615105
2016-10-06,0.006520592606798603,-0.006520592606798603,-0.006520592606798603,-0.006520592606798603,-0.006520592606798603,0.006520592606798603,0.006520592606798603,0.006520592606798603,0.006520592606798603,0.006520592606798603,0.006520592606798603,0.006520592606798603,0.006520592606798603,0.006520592606798603,0.006520592606798603,0.006520592606798603
2016-10-07,-0.02548468537131421,0.02548468537131421,0.02548468537131421,0.02548468537131421,0.02548468537131421,-0.02548468537131421,-0.02548468537131421,-0.02548468537131421,-0.02548468537131421,-0.02548468537131421,-0.02548468537131421,-0.02548468537131421,-0.02548468537131421,-0.02548468537131421,-0.02548468537131421,-0.02548468537131421
2016-10-10,0.023071659008700784,-0.023071659008700784,-0.023071659008700784,-0.023071659008700784,-0.023071659008700784,0.023071659008700784,0.023071659008700784,0.023071659008700784,0.023071659008700784,0.023071659008700784,0.023071659008700784,0.023071659008700784,0.023071659008700784,0.023071659008700784,0.023071659008700784,0.023071659008700784
2016-10-11,0.01753463927376986,-0.01753463927376986,-0.01753463927376986,-0.01753463927376986,-0.01753463927376986,0.01753463927376986,0.01753463927376986,0.01753463927376986,0.01753463927376986,0.01753463927376986,0.01753463927376986,0.01753463927376986,0.01753463927376986,0.01753463927376986,0.01753463927376986,0.01753463927376986
2016-10-12,-0.020237592149129013,0.020237592149129013,0.020237592149129013,0.020237592149129013,0.020237592149129013,-0.020237592149129013,-0.020237592149129013,-0.020237592149129013,-0.020237592149129013,-0.020237592149129013,-0.020237592149129013,-0.020237592149129013,-0.020237592149129013,-0.020237592149129013,-0.020237592149129013,-0.020237592149129013
2016-10-13,-0.01437745614875885,0.01437745614875885,0.01437745614875885,0.01437745614875885,-0.01437745614875885,0.01437745614875885,0.01437745614875885,0.01437745614875885,0.01437745614875885,0.01437745614875885,0.01437745614875885,0.01437745614875885,0.01437745614875885,0.01437745614875885,0.01437745614875885,0.01437745614875885
2016-10-14,-0.0,0.0,0.0,0.0,-0.03619011622413293,0.03619011622413293,0.03619011622413293,0.03619011622413293,0.03619011622413293,0.03619011622413293,0.03619011622413293,0.03619011622413293,0.03619011622413293,0.03619011622413293,0.03619011622413293,0.03619011622413293
2016-10-17,-0.027904431880357627,0.0,0.0,0.0,-0.027904431880357627,0.027904431880357627,0.027904431880357627,0.027904431880357627,0.027904431880357627,0.027904431880357627,0.027904431880357627,0.027904431880357627,0.027904431880357627,0.027904431880357627,0.027904431880357627,0.027904431880357627
2016-10-18,0.002794535131298792,-0.002794535131298792,-0.002794535131298792,-0.002794535131298792,-0.002794535131298792,0.002794535131298792,0.002794535131298792,0.002794535131298792,-0.002794535131298792,-0.002794535131298792,-0.002794535131298792,-0.002794535131298792,-0.002794535131298792,-0.002794535131298792,-0.002794535131298792,-0.002794535131298792
2016-10-19,0.006271962990970215,-0.006271962990970215,-0.006271962990970215,-0.006271962990970215,-0.006271962990970215,0.006271962990970215,0.006271962990970215,0.006271962990970215,-0.006271962990970215,-0.006271962990970215,-0.006271962990970215,-0.006271962990970215,-0.006271962990970215,-0.006271962990970215,-0.006271962990970215,-0.006271962990970215
2016-10-20,0.02170993733213966,-0.02170993733213966,-0.02170993733213966,-0.02170993733213966,-0.02170993733213966,0.02170993733213966,0.02170993733213966,0.02170993733213966,-0.02170993733213966,-0.02170993733213966,-0.02170993733213966,-0.02170993733213966,-0.02170993733213966,-0.02170993733213966,-0.02170993733213966,-0.02170993733213966
2016-10-21,-0.023244108899565186,0.023244108899565186,0.023244108899565186,0.023244108899565186,0.023244108899565186,-0.023244108899565186,-0.023244108899565186,-0.023244108899565186,0.023244108899565186,0.023244108899565186,0.023244108899565186,0.023244108899565186,0.023244108899565186,0.023244108899565186,0.023244108899565186,0.023244108899565186
2016-10-24,0.02231364307114425,-0.02231364307114425,-0.02231364307114425,-0.02231364307114425,-0.02231364307114425,0.02231364307114425,0.02231364307114425,0.02231364307114425,-0.02231364307114425,-0.02231364307114425,-0.02231364307114425,-0.02231364307114425,-0.02231364307114425,-0.02231364307114425,-0.02231364307114425,-0.02231364307114425
2016-10-25,0.01577936333699248,-0.01577936333699248,-0.01577936333699248,-0.0,-0.01577936333699248,0.01577936333699248,0.01577936333699248,0.01577936333699248,-0.01577936333699248,-0.01577936333699248,-0.01577936333699248,-0.01577936333699248,-0.01577936333699248,-0.01577936333699248,-0.01577936333699248,-0.01577936333699248
2016-10-26,0.0038105859937729303,-0.0038105859937729303,-0.0038105859937729303,-0.0038105859937729303,0.0038105859937729303,-0.0038105859937729303,-0.0038105859937729303,-0.0038105859937729303,0.0038105859937729303,0.0038105859937729303,0.0038105859937729303,0.0038105859937729303,0.0038105859937729303,0.0038105859937729303,0.0038105859937729303,0.0038105859937729303
2016-10-27,0.029813434563214836,-0.029813434563214836,-0.029813434563214836,-0.029813434563214836,0.029813434563214836,-0.029813434563214836,-0.0,-0.0,0.029813434563214836,0.029813434563214836,0.029813434563214836,0.029813434563214836,0.029813434563214836,0.029813434563214836,0.029813434563214836,0.029813434563214836
2016-10-28,0.025264104293099443,-0.025264104293099443,-0.025264104293099443,-0.025264104293099443,0.025264104293099443,-0.025264104293099443,-0.025264104293099443,-0.025264104293099443,0.025264104293099443,0.025264104293099443,0.025264104293099443,0.025264104293099443,0.025264104293099443,0.025264104293099443,0.025264104293099443,0.025264104293099443
2016-10-31,0.01591616608935853,-0.01591616608935853,-0.01591616608935853,-0.0,-0.01591616608935853,0.01591616608935853,0.01591616608935853,0.01591616608935853,-0.01591616608935853,-0.01591616608935853,-0.01591616608935853,-0.01591616608935853,-0.01591616608935853,-0.01591616608935853,-0.01591616608935853,-0.01591616608935853
2016-11-01,-0.022634111566565807,0.022634111566565807,0.022634111566565807,0.0,0.022634111566565807,-0.022634111566565807,-0.022634111566565807,-0.022634111566565807,-0.022634111566565807,-0.022634111566565807,-0.022634111566565807,-0.022634111566565807,0.022634111566565807,0.022634111566565807,0.022634111566565807,0.022634111566565807
2016-11-02,0.011850819100732046,-0.011850819100732046,-0.011850819100732046,-0.011850819100732046,-0.0,0.0,0.0,0.0,0.011850819100732046,0.011850819100732046,0.011850819100732046,0.011850819100732046,-0.011850819100732046,-0.011850819100732046,-0.011850819100732046,-0.011850819100732046
2016-11-03,0.037169312169312185,-0.037169312169312185,-0.037169312169312185,-0.037169312169312185,-0.037169312169312185,0.037169312169312185,0.037169312169312185,0.037169312169312185,0.037169312169312185,0.037169312169312185,0.037169312169312185,0.037169312169312185,-0.037169312169312185,-0.037169312169312185,-0.037169312169312185,-0.037169312169312185
2016-11-04,0.00416723908961858,-0.00416723908961858,-0.00416723908961858,-0.00416723908961858,-0.00416723908961858,0.00416723908961858,0.00416723908961858,0.0,0.00416723908961858,0.00416723908961858,0.00416723908961858,0.00416723908961858,-0.00416723908961858,-0.00416723908961858,-0.00416723908961858,-0.00416723908961858
2016-11-07,0.02542996413133447,-0.02542996413133447,-0.02542996413133447,0.0,0.0,-0.0,-0.0,-0.0,-0.02542996413133447,-0.02542996413133447,-0.02542996413133447,-0.02542996413133447,0.02542996413133447,0.02542996413133447,0.02542996413133447,0.02542996413133447
2016-11-08,-0.07439795506524949,0.07439795506524949,0.07439795506524949,0.07439795506524949,0.07439795506524949,-0.07439795506524949,-0.07439795506524949,-0.07439795506524949,0.07439795506524949,0.07439795506524949,0.07439795506524949,0.07439795506524949,-0.07439795506524949,-0.07439795506524949,-0.07439795506524949,-0.07439795506524949
2016-11-09,-0.08129360465116287,-0.0,-0.0,-0.0,-0.08129360465116287,0.08129360465116287,0.08129360465116287,0.0,0.08129360465116287,0.08129360465116287,0.08129360465116287,0.08129360465116287,-0.08129360465116287,-0.08129360465116287,-0.08129360465116287,-0.08129360465116287
2016-11-10,0.010283671112376824,-0.010283671112376824,-0.010283671112376824,-0.010283671112376824,-0.010283671112376824,0.010283671112376824,0.010283671112376824,0.010283671112376824,0.010283671112376824,0.010283671112376824,0.010283671112376824,0.010283671112376824,0.010283671112376824,0.010283671112376824,0.010283671112376824,0.010283671112376824
2016-11-11,0.04236549373339371,-0.04236549373339371,-0.04236549373339371,-0.04236549373339371,-0.04236549373339371,0.04236549373339371,0.04236549373339371,0.04236549373339371,0.04236549373339371,0.04236549373339371,0.04236549373339371,0.04236549373339371,0.04236549373339371,0.04236549373339371,0.04236549373339371,0.04236549373339371
2016-11-14,-0.00862850360814671,0.00862850360814671,0.00862850360814671,0.00862850360814671,0.00862850360814671,-0.00862850360814671,-0.00862850360814671,-0.00862850360814671,-0.00862850360814671,-0.00862850360814671,-0.00862850360814671,-0.00862850360814671,-0.00862850360814671,-0.00862850360814671,-0.00862850360814671,-0.00862850360814671
2016-11-15,-0.023600250550605106,0.023600250550605106,0.023600250550605106,0.023600250550605106,0.023600250550605106,-0.023600250550605106,-0.023600250550605106,-0.023600250550605106,-0.023600250550605106,-0.023600250550605106,-0.023600250550605106,-0.023600250550605106,-0.023600250550605106,-0.023600250550605106,-0.023600250550605106,-0.023600250550605106
2016-11-16,-0.011019597293214445,0.011019597293214445,0.011019597293214445,0.011019597293214445,0.011019597293214445,-0.011019597293214445,-0.011019597293214445,-0.011019597293214445,-0.011019597293214445,-0.011019597293214445,-0.011019597293214445,-0.011019597293214445,-0.011019597293214445,-0.011019597293214445,-0.011019597293214445,-0.011019597293214445
2016-11-17,0.01944947217543236,-0.01944947217543236,-0.01944947217543236,-0.01944947217543236,-0.01944947217543236,0.01944947217543236,0.01944947217543236,0.01944947217543236,0.01944947217543236,0.01944947217543236,0.01944947217543236,0.01944947217543236,0.01944947217543236,0.01944947217543236,0.01944947217543236,0.01944947217543236
2016-11-18,-0.0037253694581280694,0.0,0.0,0.0,-0.0037253694581280694,0.0037253694581280694,0.0037253694581280694,0.0037253694581280694,0.0037253694581280694,0.0037253694581280694,0.0037253694581280694,0.0037253694581280694,0.0037253694581280694,0.0037253694581280694,0.0037253694581280694,0.0037253694581280694
2016-11-21,0.04960481784812332,-0.04960481784812332,-0.04960481784812332,-0.0,0.04960481784812332,-0.04960481784812332,-0.04960481784812332,-0.04960481784812332,-0.04960481784812332,-0.04960481784812332,-0.04960481784812332,-0.04960481784812332,-0.04960481784812332,-0.04960481784812332,-0.04960481784812332,-0.04960481784812332
2016-11-22,0.005852514483359661,-0.005852514483359661,-0.005852514483359661,-0.005852514483359661,-0.005852514483359661,0.005852514483359661,0.005852514483359661,0.005852514483359661,0.005852514483359661,0.005852514483359661,0.005852514483359661,0.005852514483359661,0.005852514483359661,0.005852514483359661,0.005852514483359661,0.005852514483359661
2016-11-23,0.03782534988314956,-0.03782534988314956,-0.03782534988314956,-0.03782534988314956,-0.03782534988314956,0.03782534988314956,0.03782534988314956,0.03782534988314956,0.03782534988314956,0.03782534988314956,0.03782534988314956,0.03782534988314956,0.03782534988314956,0.03782534988314956,0.03782534988314956,0.03782534988314956
2016-11-25,-0.008409596834034083,0.008409596834034083,0.008409596834034083,0.008409596834034083,0.008409596834034083,-0.008409596834034083,-0.008409596834034083,-0.008409596834034083,-0.008409596834034083,-0.008409596834034083,-0.008409596834034083,-0.008409596834034083,-0.008409596834034083,-0.008409596834034083,-0.008409596834034083,-0.008409596834034083
2016-11-28,0.018848216512846072,-0.018848216512846072,-0.018848216512846072,-0.0,-0.018848216512846072,0.018848216512846072,0.018848216512846072,0.018848216512846072,-0.018848216512846072,-0.018848216512846072,-0.018848216512846072,-0.018848216512846072,-0.018848216512846072,-0.018848216512846072,-0.018848216512846072,-0.018848216512846072
2016-11-29,-0.008649135351288528,0.008649135351288528,-0.0,-0.0,-0.0,0.0,0.0,0.0,-0.008649135351288528,-0.008649135351288528,-0.008649135351288528,-0.008649135351288528,-0.008649135351288528,-0.008649135351288528,-0.008649135351288528,-0.008649135351288528
2016-11-30,0.03560895860491975,-0.03560895860491975,-0.03560895860491975,-0.03560895860491975,-0.03560895860491975,0.03560895860491975,0.03560895860491975,0.03560895860491975,0.03560895860491975,0.03560895860491975,0.03560895860491975,0.03560895860491975,0.03560895860491975,0.03560895860491975,0.03560895860491975,0.03560895860491975
2016-12-01,0.0025691689409143015,-0.0,-0.0,-0.0,0.0025691689409143015,-0.0025691689409143015,-0.0025691689409143015,-0.0025691689409143015,-0.0025691689409143015,-0.0025691689409143015,-0.0025691689409143015,-0.0025691689409143015,-0.0025691689409143015,-0.0025691689409143015,-0.0025691689409143015,-0.0025691689409143015
2016-12-02,0.00609809712473941,-0.00609809712473941,-0.00609809712473941,-0.00609809712473941,-0.0,0.0,0.0,0.0,-0.00609809712473941,-0.00609809712473941,-0.00609809712473941,-0.00609809712473941,-0.00609809712473941,-0.00609809712473941,-0.00609809712473941,-0.00609809712473941
2016-12-05,-0.0,0.0,0.0,0.0,0.012973563696919044,-0.012973563696919044,-0.0,-0.0,0.012973563696919044,0.012973563696919044,0.012973563696919044,0.012973563696919044,0.012973563696919044,0.012973563696919044,0.012973563696919044,0.012973563696919044
2016-12-06,0.0,-0.0,-0.0,-0.0,0.0006935418411224692,-0.0006935418411224692,0.0,0.0,-0.0006935418411224692,-0.0006935418411224692,-0.0006935418411224692,-0.0006935418411224692,-0.0006935418411224692,-0.0006935418411224692,-0.0006935418411224692,-0.0006935418411224692
2016-12-07,0.03682949649903866,-0.03682949649903866,-0.03682949649903866,-0.03682949649903866,-0.0,0.0,0.0,0.0,-0.03682949649903866,-0.03682949649903866,-0.03682949649903866,-0.03682949649903866,-0.03682949649903866,-0.03682949649903866,-0.03682949649903866,-0.03682949649903866
2016-12-08,-0.004355391398102038,0.004355391398102038,0.004355391398102038,0.004355391398102038,0.004355391398102038,-0.004355391398102038,-0.004355391398102038,-0.004355391398102038,0.004355391398102038,0.004355391398102038,0.004355391398102038,0.004355391398102038,0.004355391398102038,0.004355391398102038,0.004355391398102038,0.004355391398102038
2016-12-09,0.014455014083009976,-0.014455014083009976,-0.014455014083009976,-0.014455014083009976,0.0,-0.0,-0.0,-0.0,0.014455014083009976,0.014455014083009976,0.014455014083009976,0.014455014083009976,0.014455014083009976,0.014455014083009976,0.014455014083009976,0.014455014083009976
2016-12-12,-0.05462831997485462,0.05462831997485462,0.05462831997485462,0.05462831997485462,0.05462831997485462,-0.05462831997485462,-0.05462831997485462,-0.05462831997485462,-0.05462831997485462,0.0,0.0,0.0,-0.05462831997485462,-0.05462831997485462,-0.05462831997485462,-0.05462831997485462
2016-12-13,-0.04195897197193854,-0.0,-0.0,-0.0,0.04195897197193854,0.0,0.0,0.0,0.0,0.0,0.0,0.0,-0.04195897197193854,-0.04195897197193854,-0.04195897197193854,-0.04195897197193854
2016-12-14,-0.0007866273352998832,0.0007866273352998832,0.0007866273352998832,0.0007866273352998832,0.0007866273352998832,-0.0007866273352998832,-0.0007866273352998832,-0.0007866273352998832,-0.0007866273352998832,-0.0007866273352998832,-0.0007866273352998832,-0.0007866273352998832,-0.0007866273352998832,-0.0007866273352998832,-0.0007866273352998832,-0.0007866273352998832
2016-12-15,0.004468782198964849,-0.004468782198964849,-0.004468782198964849,-0.004468782198964849,-0.004468782198964849,0.004468782198964849,0.004468782198964849,0.004468782198964849,0.004468782198964849,0.004468782198964849,0.004468782198964849,0.004468782198964849,0.004468782198964849,0.004468782198964849,0.004468782198964849,0.004468782198964849
2016-12-16,0.002881412583705112,-0.002881412583705112,-0.002881412583705112,-0.002881412583705112,-0.002881412583705112,0.002881412583705112,0.002881412583705112,0.002881412583705112,0.002881412583705112,0.002881412583705112,0.002881412583705112,0.002881412583705112,0.002881412583705112,0.002881412583705112,0.002881412583705112,0.002881412583705112
2016-12-19,-0.001304402790387682,0.001304402790387682,0.001304402790387682,0.001304402790387682,0.001304402790387682,-0.001304402790387682,-0.001304402790387682,-0.001304402790387682,-0.001304402790387682,-0.001304402790387682,-0.001304402790387682,-0.001304402790387682,-0.001304402790387682,-0.001304402790387682,-0.001304402790387682,-0.001304402790387682
2016-12-20,-0.001047186692673785,0.001047186692673785,0.001047186692673785,0.001047186692673785,0.001047186692673785,-0.001047186692673785,-0.001047186692673785,-0.001047186692673785,-0.001047186692673785,-0.001047186692673785,-0.001047186692673785,-0.001047186692673785,-0.001047186692673785,-0.001047186692673785,-0.001047186692673785,-0.001047186692673785
2016-12-21,0.013092035918141676,-0.013092035918141676,-0.013092035918141676,-0.013092035918141676,-0.013092035918141676,0.013092035918141676,0.013092035918141676,0.013092035918141676,0.013092035918141676,0.013092035918141676,0.013092035918141676,0.013092035918141676,0.013092035918141676,0.013092035918141676,0.013092035918141676,0.013092035918141676
2016-12-22,-0.0,0.0,0.0,0.0,-0.026891807379612498,0.026891807379612498,0.026891807379612498,0.026891807379612498,0.026891807379612498,0.026891807379612498,0.026891807379612498,0.026891807379612498,0.026891807379612498,0.026891807379612498,0.026891807379612498,0.026891807379612498
2016-12-23,-0.019383235522090425,0.019383235522090425,0.019383235522090425,0.0,-0.019383235522090425,0.019383235522090425,0.019383235522090425,0.019383235522090425,0.019383235522090425,0.019383235522090425,0.019383235522090425,0.019383235522090425,0.019383235522090425,0.019383235522090425,0.019383235522090425,0.019383235522090425
2016-12-27,-0.07631394572047734,0.07631394572047734,0.07631394572047734,0.07631394572047734,-0.07631394572047734,0.07631394572047734,0.07631394572047734,0.07631394572047734,0.07631394572047734,0.07631394572047734,0.07631394572047734,0.07631394572047734,0.07631394572047734,0.07631394572047734,0.07631394572047734,0.07631394572047734
2016-12-28,0.04154471872918475,-0.04154471872918475,-0.04154471872918475,-0.04154471872918475,0.04154471872918475,-0.04154471872918475,-0.04154471872918475,-0.04154471872918475,-0.04154471872918475,-0.04154471872918475,-0.04154471872918475,-0.04154471872918475,-0.04154471872918475,-0.04154471872918475,-0.04154471872918475,-0.04154471872918475
2016-12-29,-0.04095525405524936,0.04095525405524936,0.04095525405524936,0.04095525405524936,0.04095525405524936,-0.04095525405524936,-0.04095525405524936,-0.04095525405524936,-0.04095525405524936,-0.04095525405524936,-0.04095525405524936,-0.04095525405524936,0.04095525405524936,0.04095525405524936,0.04095525405524936,0.04095525405524936
2016-12-30,-0.007358965799775463,0.007358965799775463,0.007358965799775463,0.007358965799775463,0.007358965799775463,-0.007358965799775463,-0.007358965799775463,-0.007358965799775463,-0.007358965799775463,-0.007358965799775463,-0.0,-0.0,0.007358965799775463,0.007358965799775463,0.007358965799775463,0.007358965799775463
2017-01-03,-0.05887846244219852,0.05887846244219852,0.05887846244219852,-0.05887846244219852,0.05887846244219852,-0.05887846244219852,-0.05887846244219852,-0.05887846244219852,-0.05887846244219852,-0.05887846244219852,-0.05887846244219852,-0.05887846244219852,0.05887846244219852,0.05887846244219852,0.05887846244219852,0.05887846244219852
2017-01-04,0.03470839260312941,-0.03470839260312941,-0.03470839260312941,0.03470839260312941,-0.03470839260312941,0.03470839260312941,0.03470839260312941,0.03470839260312941,0.03470839260312941,0.03470839260312941,0.03470839260312941,0.03470839260312941,-0.03470839260312941,-0.03470839260312941,-0.03470839260312941,-0.03470839260312941
2017-01-05,-0.00338933097553773,0.00338933097553773,0.00338933097553773,-0.00338933097553773,0.00338933097553773,-0.00338933097553773,-0.00338933097553773,-0.00338933097553773,-0.00338933097553773,-0.00338933097553773,-0.00338933097553773,-0.00338933097553773,-0.0,-0.0,-0.0,-0.0
2017-01-06,-0.006657854800019569,0.006657854800019569,0.006657854800019569,-0.006657854800019569,0.006657854800019569,-0.006657854800019569,-0.006657854800019569,-0.006657854800019569,-0.006657854800019569,-0.006657854800019569,-0.006657854800019569,-0.006657854800019569,-0.0,-0.0,-0.0,-0.0
2017-01-09,0.002188396634732248,-0.002188396634732248,-0.002188396634732248,0.002188396634732248,-0.002188396634732248,0.002188396634732248,0.002188396634732248,0.002188396634732248,0.002188396634732248,0.002188396634732248,0.002188396634732248,0.002188396634732248,-0.002188396634732248,-0.002188396634732248,-0.002188396634732248,-0.002188396634732248
2017-01-10,-0.002875523930207624,0.002875523930207624,0.002875523930207624,-0.002875523930207624,0.002875523930207624,-0.002875523930207624,-0.002875523930207624,-0.002875523930207624,-0.002875523930207624,-0.002875523930207624,-0.002875523930207624,-0.002875523930207624,0.002875523930207624,0.002875523930207624,0.002875523930207624,0.002875523930207624
2017-01-11,-0.0054915682558196455,0.0054915682558196455,0.0054915682558196455,-0.0054915682558196455,0.0054915682558196455,-0.0054915682558196455,-0.0054915682558196455,-0.0054915682558196455,-0.0054915682558196455,-0.0054915682558196455,-0.0054915682558196455,-0.0054915682558196455,0.0054915682558196455,0.0054915682558196455,0.0054915682558196455,-0.0
2017-01-12,0.027259545674238828,-0.027259545674238828,-0.027259545674238828,0.027259545674238828,0.027259545674238828,-0.027259545674238828,-0.027259545674238828,-0.027259545674238828,-0.027259545674238828,-0.027259545674238828,-0.027259545674238828,-0.027259545674238828,0.027259545674238828,0.027259545674238828,0.027259545674238828,0.027259545674238828
2017-01-13,0.01580878893384785,-0.01580878893384785,-0.01580878893384785,0.0,-0.01580878893384785,0.01580878893384785,0.01580878893384785,0.01580878893384785,0.01580878893384785,0.01580878893384785,0.01580878893384785,0.01580878893384785,-0.01580878893384785,-0.01580878893384785,-0.01580878893384785,-0.01580878893384785
2017-01-17,0.006740606176498631,-0.006740606176498631,-0.006740606176498631,0.006740606176498631,-0.006740606176498631,0.006740606176498631,0.006740606176498631,0.006740606176498631,0.006740606176498631,0.006740606176498631,0.006740606176498631,0.006740606176498631,-0.006740606176498631,-0.006740606176498631,-0.006740606176498631,-0.006740606176498631
2017-01-18,-0.011599364682100433,0.011599364682100433,0.011599364682100433,-0.0,0.011599364682100433,-0.011599364682100433,-0.011599364682100433,-0.011599364682100433,-0.011599364682100433,-0.011599364682100433,-0.011599364682100433,-0.011599364682100433,0.011599364682100433,0.011599364682100433,0.011599364682100433,0.011599364682100433
2017-01-19,-0.029403368541250252,0.029403368541250252,0.0,-0.0,0.029403368541250252,-0.029403368541250252,-0.029403368541250252,-0.029403368541250252,-0.029403368541250252,-0.029403368541250252,-0.029403368541250252,-0.029403368541250252,0.029403368541250252,0.029403368541250252,0.029403368541250252,0.029403368541250252
2017-01-20,-0.001479016454058124,0.001479016454058124,0.001479016454058124,-0.001479016454058124,0.0,-0.0,-0.0,-0.0,-0.001479016454058124,-0.001479016454058124,-0.001479016454058124,-0.001479016454058124,0.001479016454058124,0.001479016454058124,0.001479016454058124,0.001479016454058124
2017-01-23,0.014722170943326507,-0.014722170943326507,-0.014722170943326507,0.014722170943326507,-0.014722170943326507,0.014722170943326507,0.014722170943326507,0.014722170943326507,0.014722170943326507,0.014722170943326507,0.014722170943326507,0.014722170943326507,-0.014722170943326507,-0.014722170943326507,-0.014722170943326507,-0.014722170943326507
2017-01-24,0.025762330788327348,-0.025762330788327348,-0.025762330788327348,0.0,-0.025762330788327348,0.025762330788327348,0.025762330788327348,0.025762330788327348,0.025762330788327348,0.025762330788327348,0.025762330788327348,0.025762330788327348,-0.025762330788327348,0.0,0.0,0.0
2017-01-25,-0.015337275830568764,0.015337275830568764,0.015337275830568764,-0.015337275830568764,0.015337275830568764,-0.015337275830568764,-0.015337275830568764,-0.015337275830568764,-0.015337275830568764,-0.015337275830568764,-0.015337275830568764,-0.015337275830568764,0.015337275830568764,-0.0,-0.0,-0.0
2017-01-26,0.0,-0.0,-0.0,0.0,-0.0026044132967136813,0.0026044132967136813,0.0,0.0,0.0026044132967136813,0.0026044132967136813,0.0026044132967136813,0.0026044132967136813,-0.0026044132967136813,-0.0026044132967136813,-0.0026044132967136813,-0.0026044132967136813
2017-01-27,-0.0,0.0,0.0,-0.0,0.0330437259649623,-0.0330437259649623,-0.0330437259649623,-0.0330437259649623,-0.0330437259649623,-0.0330437259649623,-0.0330437259649623,-0.0330437259649623,0.0330437259649623,0.0330437259649623,0.0330437259649623,0.0330437259649623
2017-01-30,-0.0035387655682707075,0.0035387655682707075,0.0035387655682707075,-0.0035387655682707075,-0.0035387655682707075,0.0035387655682707075,0.0035387655682707075,0.0,0.0035387655682707075,0.0035387655682707075,0.0035387655682707075,0.0035387655682707075,-0.0035387655682707075,-0.0035387655682707075,-0.0035387655682707075,-0.0035387655682707075
2017-01-31,-0.0,0.0,0.0,-0.0,0.023060603265381507,-0.023060603265381507,-0.023060603265381507,-0.023060603265381507,-0.023060603265381507,-0.023060603265381507,-0.023060603265381507,-0.023060603265381507,0.023060603265381507,0.023060603265381507,0.023060603265381507,0.023060603265381507
2017-02-01,-0.004913894148408593,0.004913894148408593,0.004913894148408593,-0.0,0.004913894148408593,-0.004913894148408593,-0.004913894148408593,-0.004913894148408593,-0.004913894148408593,-0.004913894148408593,-0.004913894148408593,-0.004913894148408593,0.004913894148408593,0.004913894148408593,0.004913894148408593,0.004913894148408593
2017-02-02,-0.036696424565968444,0.036696424565968444,0.036696424565968444,-0.036696424565968444,0.036696424565968444,-0.036696424565968444,-0.036696424565968444,-0.036696424565968444,-0.036696424565968444,-0.036696424565968444,-0.036696424565968444,-0.036696424565968444,0.036696424565968444,0.036696424565968444,0.036696424565968444,0.036696424565968444
2017-02-03,0.005106235665758074,-0.005106235665758074,-0.005106235665758074,0.005106235665758074,-0.005106235665758074,0.005106235665758074,0.005106235665758074,0.005106235665758074,0.005106235665758074,0.005106235665758074,0.005106235665758074,0.005106235665758074,0.005106235665758074,0.005106235665758074,0.005106235665758074,0.005106235665758074
2017-02-06,-0.011874211648036148,0.011874211648036148,0.011874211648036148,-0.011874211648036148,0.011874211648036148,-0.011874211648036148,-0.011874211648036148,-0.011874211648036148,-0.011874211648036148,-0.011874211648036148,-0.011874211648036148,-0.011874211648036148,-0.011874211648036148,-0.011874211648036148,-0.011874211648036148,-0.011874211648036148
2017-02-07,0.026177785419532196,-0.026177785419532196,-0.026177785419532196,0.026177785419532196,-0.026177785419532196,0.026177785419532196,0.026177785419532196,0.026177785419532196,0.026177785419532196,0.026177785419532196,0.026177785419532196,0.026177785419532196,0.026177785419532196,0.026177785419532196,0.026177785419532196,0.026177785419532196
2017-02-08,-0.015228426395939021,0.015228426395939021,0.015228426395939021,-0.015228426395939021,0.015228426395939021,-0.015228426395939021,-0.015228426395939021,-0.015228426395939021,-0.015228426395939021,-0.015228426395939021,-0.015228426395939021,-0.015228426395939021,-0.015228426395939021,-0.015228426395939021,-0.015228426395939021,-0.015228426395939021
2017-02-09,0.013695652173913109,-0.013695652173913109,-0.013695652173913109,0.013695652173913109,-0.013695652173913109,0.013695652173913109,0.013695652173913109,0.013695652173913109,0.013695652173913109,0.013695652173913109,0.013695652173913109,0.013695652173913109,0.013695652173913109,0.013695652173913109,0.013695652173913109,0.013695652173913109
2017-02-10,0.000749393872602977,-0.000749393872602977,-0.000749393872602977,0.000749393872602977,-0.000749393872602977,0.000749393872602977,0.000749393872602977,0.000749393872602977,0.000749393872602977,0.000749393872602977,0.000749393872602977,0.000749393872602977,0.000749393872602977,0.000749393872602977,0.000749393872602977,0.000749393872602977
2017-02-13,0.0006176107287805266,-0.0006176107287805266,-0.0006176107287805266,-0.0,0.0006176107287805266,-0.0006176107287805266,-0.0006176107287805266,-0.0006176107287805266,-0.0006176107287805266,-0.0006176107287805266,-0.0006176107287805266,-0.0006176107287805266,-0.0006176107287805266,-0.0006176107287805266,-0.0006176107287805266,-0.0006176107287805266
2017-02-14,0.011021955735825761,-0.011021955735825761,0.0,-0.0,0.011021955735825761,-0.011021955735825761,-0.011021955735825761,-0.011021955735825761,-0.011021955735825761,-0.011021955735825761,-0.011021955735825761,-0.011021955735825761,-0.011021955735825761,-0.011021955735825761,-0.011021955735825761,-0.011021955735825761
2017-02-15,-0.016832373975231074,0.016832373975231074,0.016832373975231074,-0.016832373975231074,-0.016832373975231074,0.016832373975231074,0.016832373975231074,0.016832373975231074,0.016832373975231074,0.016832373975231074,0.016832373975231074,0.016832373975231074,0.016832373975231074,0.016832373975231074,0.016832373975231074,0.016832373975231074
2017-02-16,0.006874833673378933,-0.006874833673378933,-0.0,0.0,-0.006874833673378933,0.006874833673378933,0.006874833673378933,0.006874833673378933,0.006874833673378933,0.006874833673378933,0.006874833673378933,0.006874833673378933,0.006874833673378933,0.006874833673378933,0.006874833673378933,0.006874833673378933
2017-02-17,-0.012147737930418456,0.012147737930418456,0.012147737930418456,0.0,-0.012147737930418456,0.012147737930418456,0.0,0.0,0.012147737930418456,0.012147737930418456,0.012147737930418456,0.012147737930418456,0.012147737930418456,0.012147737930418456,0.012147737930418456,0.012147737930418456
2017-02-21,0.0016275600162756199,-0.0016275600162756199,0.0,-0.0,-0.0016275600162756199,0.0016275600162756199,0.0016275600162756199,0.0016275600162756199,-0.0016275600162756199,-0.0016275600162756199,-0.0016275600162756199,-0.0016275600162756199,-0.0016275600162756199,-0.0016275600162756199,-0.0016275600162756199,-0.0016275600162756199
2017-02-22,-0.009478672985781977,0.009478672985781977,0.009478672985781977,-0.009478672985781977,0.009478672985781977,-0.009478672985781977,-0.009478672985781977,-0.009478672985781977,0.009478672985781977,0.009478672985781977,0.009478672985781977,0.009478672985781977,0.009478672985781977,0.009478672985781977,0.009478672985781977,0.009478672985781977
2017-02-23,-0.053861927546138055,0.053861927546138055,0.053861927546138055,-0.053861927546138055,0.053861927546138055,-0.053861927546138055,-0.053861927546138055,-0.053861927546138055,0.053861927546138055,0.053861927546138055,0.053861927546138055,0.053861927546138055,0.053861927546138055,0.053861927546138055,0.053861927546138055,0.053861927546138055
2017-02-24,0.001733853489380044,-0.001733853489380044,-0.001733853489380044,0.001733853489380044,-0.001733853489380044,0.001733853489380044,0.001733853489380044,0.001733853489380044,-0.001733853489380044,-0.001733853489380044,-0.001733853489380044,-0.001733853489380044,-0.001733853489380044,-0.001733853489380044,-0.001733853489380044,-0.001733853489380044
2017-02-27,0.005913745853166175,-0.005913745853166175,-0.005913745853166175,0.005913745853166175,-0.005913745853166175,0.005913745853166175,0.005913745853166175,0.005913745853166175,0.005913745853166175,0.005913745853166175,0.005913745853166175,-0.0,-0.005913745853166175,-0.005913745853166175,-0.005913745853166175,-0.005913745853166175
2017-02-28,-0.04694101902303793,0.04694101902303793,0.04694101902303793,-0.04694101902303793,0.04694101902303793,-0.04694101902303793,-0.04694101902303793,-0.04694101902303793,-0.04694101902303793,-0.04694101902303793,0.0,0.0,0.04694101902303793,0.04694101902303793,0.04694101902303793,0.04694101902303793
2017-03-01,0.011840580945741808,-0.011840580945741808,-0.011840580945741808,0.011840580945741808,-0.011840580945741808,0.011840580945741808,0.011840580945741808,0.011840580945741808,0.011840580945741808,0.011840580945741808,0.011840580945741808,0.011840580945741808,-0.011840580945741808,-0.011840580945741808,-0.011840580945741808,-0.011840580945741808
2017-03-02,-0.024995043616177548,0.024995043616177548,0.024995043616177548,-0.024995043616177548,0.024995043616177548,-0.024995043616177548,-0.024995043616177548,-0.024995043616177548,-0.024995043616177548,-0.024995043616177548,-0.024995043616177548,-0.024995043616177548,0.024995043616177548,0.024995043616177548,0.024995043616177548,0.024995043616177548
2017-03-03,-0.006008631689177979,0.006008631689177979,0.006008631689177979,-0.006008631689177979,0.006008631689177979,-0.006008631689177979,-0.006008631689177979,-0.006008631689177979,-0.006008631689177979,-0.006008631689177979,-0.006008631689177979,-0.006008631689177979,0.006008631689177979,0.006008631689177979,0.006008631689177979,0.006008631689177979
2017-03-06,-0.006510343416779474,0.006510343416779474,0.006510343416779474,-0.006510343416779474,0.006510343416779474,-0.006510343416779474,-0.006510343416779474,-0.006510343416779474,-0.006510343416779474,-0.006510343416779474,-0.006510343416779474,-0.006510343416779474,0.006510343416779474,0.006510343416779474,0.006510343416779474,0.006510343416779474
2017-03-07,-0.01009461448970983,0.01009461448970983,0.01009461448970983,-0.01009461448970983,0.01009461448970983,-0.01009461448970983,-0.01009461448970983,-0.01009461448970983,-0.01009461448970983,-0.01009461448970983,-0.01009461448970983,-0.01009461448970983,0.0,0.0,0.0,0.0
2017-03-08,0.028169380294434276,-0.028169380294434276,-0.028169380294434276,0.028169380294434276,-0.028169380294434276,0.028169380294434276,0.028169380294434276,0.028169380294434276,0.028169380294434276,0.028169380294434276,0.028169380294434276,0.028169380294434276,-0.0,-0.0,-0.0,-0.0
2017-03-09,0.012416674253229232,-0.012416674253229232,-0.012416674253229232,0.012416674253229232,-0.012416674253229232,0.012416674253229232,0.012416674253229232,0.012416674253229232,0.012416674253229232,0.012416674253229232,0.012416674253229232,0.012416674253229232,-0.012416674253229232,-0.012416674253229232,-0.012416674253229232,-0.012416674253229232
2017-03-10,-0.029529457019677796,0.029529457019677796,0.029529457019677796,-0.029529457019677796,0.029529457019677796,-0.029529457019677796,-0.029529457019677796,-0.029529457019677796,-0.029529457019677796,-0.029529457019677796,-0.029529457019677796,-0.029529457019677796,0.029529457019677796,0.029529457019677796,0.029529457019677796,0.029529457019677796
2017-03-13,-0.07560922877351195,0.07560922877351195,0.07560922877351195,-0.0,-0.07560922877351195,0.07560922877351195,0.07560922877351195,0.07560922877351195,0.07560922877351195,0.07560922877351195,0.07560922877351195,0.07560922877351195,-0.07560922877351195,-0.07560922877351195,-0.07560922877351195,-0.07560922877351195
2017-03-14,-0.009380234505862561,-0.0,-0.0,0.0,0.009380234505862561,-0.009380234505862561,-0.009380234505862561,-0.009380234505862561,-0.009380234505862561,-0.009380234505862561,-0.009380234505862561,-0.009380234505862561,0.009380234505862561,0.009380234505862561,0.009380234505862561,0.009380234505862561
2017-03-15,0.004396347649644916,-0.004396347649644916,-0.004396347649644916,0.004396347649644916,-0.0,0.0,0.0,0.0,-0.004396347649644916,-0.004396347649644916,-0.004396347649644916,-0.004396347649644916,0.004396347649644916,0.004396347649644916,0.004396347649644916,0.004396347649644916
2017-03-16,-0.01125776397515521,0.01125776397515521,0.01125776397515521,-0.01125776397515521,0.01125776397515521,-0.01125776397515521,-0.01125776397515521,-0.01125776397515521,0.01125776397515521,0.01125776397515521,0.01125776397515521,0.01125776397515521,-0.01125776397515521,-0.01125776397515521,-0.01125776397515521,-0.01125776397515521
2017-03-17,-0.015067178502879086,0.015067178502879086,0.015067178502879086,-0.015067178502879086,0.015067178502879086,-0.015067178502879086,-0.015067178502879086,-0.015067178502879086,0.015067178502879086,0.015067178502879086,0.015067178502879086,0.015067178502879086,-0.015067178502879086,-0.015067178502879086,-0.015067178502879086,-0.015067178502879086
2017-03-20,-0.0,0.0,0.0,-0.0,0.0,-0.0,-0.0,-0.0,0.0,0.0,0.0,0.0,-0.0,-0.0,-0.0,-0.0
2017-03-21,0.010305379597239317,-0.010305379597239317,-0.010305379597239317,0.010305379597239317,-0.010305379597239317,0.010305379597239317,0.010305379597239317,0.010305379597239317,-0.010305379597239317,-0.010305379597239317,-0.010305379597239317,-0.010305379597239317,0.010305379597239317,0.010305379597239317,0.010305379597239317,0.010305379597239317
2017-03-22,0.0039166985097439655,-0.0039166985097439655,-0.0,0.0,-0.0039166985097439655,0.0039166985097439655,0.0039166985097439655,0.0039166985097439655,-0.0039166985097439655,-0.0039166985097439655,-0.0039166985097439655,-0.0039166985097439655,0.0039166985097439655,0.0039166985097439655,0.0039166985097439655,0.0039166985097439655
2017-03-23,-0.021386784309964657,0.021386784309964657,0.0,-0.0,0.021386784309964657,-0.021386784309964657,-0.021386784309964657,-0.021386784309964657,0.021386784309964657,0.021386784309964657,0.021386784309964657,0.021386784309964657,-0.021386784309964657,-0.021386784309964657,-0.021386784309964657,-0.021386784309964657
2017-03-24,0.025868544600939014,-0.025868544600939014,-0.0,0.0,-0.025868544600939014,0.025868544600939014,0.025868544600939014,0.025868544600939014,-0.025868544600939014,-0.025868544600939014,-0.025868544600939014,-0.025868544600939014,0.025868544600939014,0.025868544600939014,0.025868544600939014,0.025868544600939014
2017-03-27,-0.005253265217600944,0.005253265217600944,0.005253265217600944,-0.005253265217600944,0.005253265217600944,-0.005253265217600944,-0.005253265217600944,-0.005253265217600944,-0.005253265217600944,-0.005253265217600944,-0.005253265217600944,-0.005253265217600944,-0.005253265217600944,-0.005253265217600944,-0.005253265217600944,-0.005253265217600944
2017-03-28,-0.0167801323233292,0.0167801323233292,0.0167801323233292,0.0,-0.0167801323233292,0.0167801323233292,0.0167801323233292,0.0167801323233292,0.0,0.0,0.0,0.0,0.0167801323233292,0.0167801323233292,0.0167801323233292,0.0167801323233292
2017-03-29,0.01131265847474161,-0.01131265847474161,0.0,-0.0,0.0,-0.0,-0.0,-0.0,-0.0,-0.0,-0.0,-0.0,-0.01131265847474161,-0.01131265847474161,-0.01131265847474161,-0.01131265847474161
2017-03-30,0.01644165863066549,-0.01644165863066549,-0.01644165863066549,0.01644165863066549,-0.01644165863066549,-0.0,-0.0,-0.0,-0.01644165863066549,-0.01644165863066549,-0.01644165863066549,-0.01644165863066549,-0.01644165863066549,-0.01644165863066549,-0.01644165863066549,-0.01644165863066549
2017-03-31,0.01233338076941326,0.0,0.0,-0.0,0.01233338076941326,-0.0,-0.0,-0.0,-0.01233338076941326,-0.01233338076941326,-0.01233338076941326,-0.01233338076941326,-0.01233338076941326,-0.01233338076941326,-0.01233338076941326,-0.01233338076941326
2017-04-03,-0.0010308795276696703,-0.0010308795276696703,0.0,0.0,0.0010308795276696703,0.0010308795276696703,-0.0,-0.0,-0.0010308795276696703,-0.0010308795276696703,-0.0010308795276696703,-0.0010308795276696703,-0.0,-0.0,-0.0,-0.0
2017-04-04,-0.0008425782895661316,-0.0008425782895661316,-0.0008425782895661316,-0.0008425782895661316,-0.0008425782895661316,-0.0,0.0,0.0,0.0008425782895661316,0.0008425782895661316,0.0008425782895661316,0.0008425782895661316,0.0008425782895661316,0.0008425782895661316,0.0008425782895661316,0.0008425782895661316
2017-04-05,0.0008432888264231497,0.0008432888264231497,0.0008432888264231497,0.0008432888264231497,0.0008432888264231497,0.0,-0.0,-0.0,-0.0008432888264231497,-0.0008432888264231497,-0.0008432888264231497,-0.0008432888264231497,-0.0008432888264231497,-0.0008432888264231497,-0.0008432888264231497,-0.0008432888264231497
2017-04-06,0.006412956981697304,0.006412956981697304,0.006412956981697304,0.006412956981697304,0.006412956981697304,0.006412956981697304,-0.006412956981697304,-0.0,-0.006412956981697304,-0.006412956981697304,-0.006412956981697304,-0.006412956981697304,-0.006412956981697304,-0.006412956981697304,-0.006412956981697304,-0.006412956981697304
2017-04-07,0.02958139534883708,0.02958139534883708,0.02958139534883708,0.02958139534883708,0.02958139534883708,0.02958139534883708,-0.02958139534883708,-0.02958139534883708,-0.02958139534883708,-0.02958139534883708,-0.02958139534883708,-0.02958139534883708,-0.02958139534883708,-0.02958139534883708,-0.02958139534883708,-0.02958139534883708
2017-04-10,0.009486808818214731,0.009486808818214731,0.009486808818214731,0.0,0.009486808818214731,0.0,-0.0,-0.0,-0.009486808818214731,-0.009486808818214731,-0.009486808818214731,-0.009486808818214731,-0.009486808818214731,-0.009486808818214731,-0.009486808818214731,-0.009486808818214731
2017-04-11,-0.0020585339658104607,-0.0020585339658104607,-0.0020585339658104607,-0.0020585339658104607,-0.0020585339658104607,-0.0020585339658104607,0.0020585339658104607,0.0020585339658104607,0.0020585339658104607,0.0020585339658104607,0.0020585339658104607,0.0020585339658104607,0.0020585339658104607,0.0020585339658104607,0.0020585339658104607,0.0020585339658104607
2017-04-12,-0.0018834080717489154,-0.0018834080717489154,-0.0018834080717489154,-0.0018834080717489154,-0.0018834080717489154,-0.0018834080717489154,0.0018834080717489154,0.0018834080717489154,0.0018834080717489154,0.0018834080717489154,0.0018834080717489154,0.0018834080717489154,0.0018834080717489154,0.0018834080717489154,0.0018834080717489154,0.0018834080717489154
2017-04-13,-0.007907269296432706,-0.007907269296432706,-0.007907269296432706,-0.007907269296432706,-0.007907269296432706,-0.007907269296432706,0.007907269296432706,0.007907269296432706,0.007907269296432706,0.007907269296432706,0.007907269296432706,0.007907269296432706,0.007907269296432706,0.007907269296432706,0.007907269296432706,0.007907269296432706
2017-04-17,-0.03627388823476141,-0.03627388823476141,-0.03627388823476141,-0.03627388823476141,-0.03627388823476141,-0.03627388823476141,0.03627388823476141,0.03627388823476141,0.03627388823476141,0.03627388823476141,0.03627388823476141,0.03627388823476141,0.03627388823476141,0.03627388823476141,0.03627388823476141,0.03627388823476141
2017-04-18,0.007706404774211917,0.007706404774211917,0.007706404774211917,0.007706404774211917,0.007706404774211917,0.007706404774211917,-0.007706404774211917,-0.007706404774211917,-0.007706404774211917,-0.007706404774211917,-0.007706404774211917,-0.007706404774211917,-0.007706404774211917,-0.007706404774211917,-0.007706404774211917,-0.007706404774211917
2017-04-19,-0.0017253439030076034,-0.0017253439030076034,-0.0017253439030076034,-0.0017253439030076034,0.0,0.0,-0.0,-0.0,-0.0017253439030076034,-0.0,-0.0,-0.0,0.0017253439030076034,0.0017253439030076034,0.0017253439030076034,-0.0
2017-04-20,0.0173633739875243,0.0173633739875243,0.0173633739875243,0.0173633739875243,-0.0,-0.0,0.0,0.0,0.0173633739875243,0.0173633739875243,0.0,0.0,-0.0173633739875243,-0.0173633739875243,0.0,0.0
2017-04-21,0.04310957411530625,0.04310957411530625,0.04310957411530625,0.04310957411530625,-0.04310957411530625,-0.0,0.0,0.0,0.04310957411530625,0.04310957411530625,0.04310957411530625,0.04310957411530625,0.04310957411530625,0.0,0.0,0.0
2017-04-24,-0.00183177385019051,-0.00183177385019051,-0.00183177385019051,-0.00183177385019051,-0.00183177385019051,-0.00183177385019051,-0.0,-0.0,-0.00183177385019051,-0.00183177385019051,-0.0,-0.0,-0.00183177385019051,-0.00183177385019051,-0.0,-0.0
2017-04-25,0.019346708835738302,0.019346708835738302,0.019346708835738302,0.019346708835738302,0.019346708835738302,0.019346708835738302,-0.019346708835738302,-0.019346708835738302,-0.019346708835738302,-0.019346708835738302,-0.019346708835738302,-0.019346708835738302,-0.019346708835738302,-0.019346708835738302,-0.019346708835738302,-0.019346708835738302
2017-04-26,-0.019728388218398063,-0.019728388218398063,-0.019728388218398063,-0.019728388218398063,-0.019728388218398063,-0.019728388218398063,0.019728388218398063,0.019728388218398063,0.019728388218398063,0.019728388218398063,0.019728388218398063,0.019728388218398063,0.019728388218398063,0.019728388218398063,0.019728388218398063,0.019728388218398063
2017-04-27,0.026087171377742635,0.026087171377742635,0.026087171377742635,0.026087171377742635,0.026087171377742635,0.026087171377742635,-0.026087171377742635,-0.026087171377742635,-0.026087171377742635,-0.026087171377742635,-0.026087171377742635,-0.026087171377742635,-0.026087171377742635,-0.026087171377742635,-0.026087171377742635,-0.026087171377742635
2017-04-28,-0.0036888385993574246,-0.0036888385993574246,-0.0036888385993574246,-0.0036888385993574246,-0.0036888385993574246,-0.0036888385993574246,0.0036888385993574246,0.0036888385993574246,0.0036888385993574246,0.0036888385993574246,-0.0,-0.0,0.0036888385993574246,0.0036888385993574246,0.0036888385993574246,0.0036888385993574246
2017-05-01,0.009650772466229807,0.009650772466229807,0.009650772466229807,0.009650772466229807,0.009650772466229807,0.009650772466229807,-0.009650772466229807,-0.009650772466229807,-0.009650772466229807,-0.009650772466229807,-0.009650772466229807,-0.009650772466229807,-0.009650772466229807,-0.009650772466229807,-0.009650772466229807,-0.009650772466229807
2017-05-02,0.02047483652290205,0.02047483652290205,0.02047483652290205,0.02047483652290205,0.02047483652290205,0.02047483652290205,-0.02047483652290205,-0.02047483652290205,-0.02047483652290205,-0.02047483652290205,-0.02047483652290205,-0.02047483652290205,-0.02047483652290205,-0.02047483652290205,-0.02047483652290205,-0.02047483652290205
2017-05-03,-0.021851288251480083,-0.021851288251480083,-0.021851288251480083,-0.021851288251480083,-0.021851288251480083,-0.021851288251480083,0.021851288251480083,0.021851288251480083,0.021851288251480083,0.021851288251480083,0.021851288251480083,0.021851288251480083,0.021851288251480083,0.021851288251480083,0.021851288251480083,0.021851288251480083
2017-05-04,0.0004640939203696126,0.0004640939203696126,0.0004640939203696126,0.0004640939203696126,0.0004640939203696126,0.0004640939203696126,-0.0004640939203696126,-0.0004640939203696126,-0.0004640939203696126,-0.0004640939203696126,-0.0004640939203696126,-0.0004640939203696126,-0.0004640939203696126,-0.0004640939203696126,-0.0004640939203696126,-0.0004640939203696126
2017-05-05,0.001392928210622979,0.001392928210622979,0.001392928210622979,0.001392928210622979,0.001392928210622979,0.001392928210622979,-0.001392928210622979,-0.001392928210622979,-0.001392928210622979,-0.001392928210622979,-0.001392928210622979,-0.001392928210622979,-0.001392928210622979,-0.001392928210622979,-0.001392928210622979,-0.001392928210622979
2017-05-08,-0.019053020432563406,0.0,0.0,0.0,-0.019053020432563406,-0.019053020432563406,0.019053020432563406,0.019053020432563406,0.019053020432563406,0.019053020432563406,0.019053020432563406,0.019053020432563406,0.019053020432563406,0.019053020432563406,0.019053020432563406,0.019053020432563406
2017-05-09,-0.02007560943814357,-0.02007560943814357,0.0,0.0,-0.02007560943814357,-0.02007560943814357,0.02007560943814357,0.02007560943814357,0.02007560943814357,0.02007560943814357,0.02007560943814357,0.02007560943814357,0.02007560943814357,0.02007560943814357,0.02007560943814357,0.02007560943814357
2017-05-10,0.016072745146227696,0.016072745146227696,0.016072745146227696,0.0,-0.016072745146227696,-0.016072745146227696,-0.0,-0.0,0.016072745146227696,0.016072745146227696,0.016072745146227696,0.016072745146227696,0.016072745146227696,0.016072745146227696,0.016072745146227696,0.016072745146227696
2017-05-11,0.003095975232198178,0.003095975232198178,0.003095975232198178,0.003095975232198178,0.003095975232198178,0.003095975232198178,-0.003095975232198178,-0.003095975232198178,0.003095975232198178,0.003095975232198178,0.003095975232198178,0.003095975232198178,0.003095975232198178,0.003095975232198178,0.003095975232198178,0.003095975232198178
2017-05-12,0.006799768518518379,0.006799768518518379,0.006799768518518379,0.006799768518518379,0.006799768518518379,0.006799768518518379,-0.006799768518518379,-0.006799768518518379,0.006799768518518379,0.006799768518518379,0.006799768518518379,0.006799768518518379,0.006799768518518379,0.006799768518518379,0.006799768518518379,0.006799768518518379
2017-05-15,0.01786655170762086,0.01786655170762086,0.01786655170762086,0.01786655170762086,0.01786655170762086,0.01786655170762086,-0.01786655170762086,-0.01786655170762086,0.01786655170762086,0.01786655170762086,0.01786655170762086,0.01786655170762086,0.01786655170762086,0.01786655170762086,0.01786655170762086,0.01786655170762086
2017-05-16,-0.030211764705882382,-0.030211764705882382,-0.030211764705882382,-0.030211764705882382,-0.030211764705882382,-0.030211764705882382,0.030211764705882382,0.030211764705882382,-0.030211764705882382,-0.030211764705882382,-0.030211764705882382,-0.030211764705882382,-0.030211764705882382,-0.030211764705882382,-0.030211764705882382,-0.030211764705882382
2017-05-17,0.009753493788819956,0.009753493788819956,0.009753493788819956,0.009753493788819956,0.009753493788819956,0.009753493788819956,-0.009753493788819956,-0.009753493788819956,-0.0,-0.0,-0.0,-0.0,0.009753493788819956,0.009753493788819956,0.009753493788819956,0.009753493788819956
2017-05-18,0.012638762074102416,0.012638762074102416,0.0,0.0,0.012638762074102416,0.012638762074102416,-0.012638762074102416,-0.012638762074102416,0.012638762074102416,0.012638762074102416,0.012638762074102416,0.012638762074102416,0.012638762074102416,0.012638762074102416,0.012638762074102416,0.012638762074102416
2017-05-19,-0.02330106302201973,-0.0,-0.0,-0.0,-0.02330106302201973,-0.02330106302201973,0.02330106302201973,0.02330106302201973,-0.02330106302201973,-0.02330106302201973,-0.02330106302201973,-0.02330106302201973,-0.02330106302201973,-0.02330106302201973,-0.02330106302201973,-0.02330106302201973
2017-05-22,0.014576551187988951,0.014576551187988951,0.014576551187988951,0.0,0.014576551187988951,0.014576551187988951,-0.014576551187988951,-0.014576551187988951,-0.0,-0.0,-0.0,-0.0,0.014576551187988951,0.014576551187988951,0.014576551187988951,0.014576551187988951
2017-05-23,0.010440113021407016,0.010440113021407016,-0.0,-0.0,-0.010440113021407016,-0.010440113021407016,0.010440113021407016,0.010440113021407016,0.010440113021407016,0.010440113021407016,0.010440113021407016,0.0,-0.010440113021407016,0.0,0.0,0.0
2017-05-24,-0.008808014325122127,-0.008808014325122127,-0.008808014325122127,0.0,0.008808014325122127,0.008808014325122127,-0.008808014325122127,-0.008808014325122127,-0.008808014325122127,-0.008808014325122127,-0.008808014325122127,-0.008808014325122127,-0.0,-0.0,-0.0,-0.0
2017-05-25,-0.0,-0.0,-0.0,-0.0,-0.013528424082513757,-0.013528424082513757,0.013528424082513757,0.0,0.013528424082513757,0.013528424082513757,0.013528424082513757,0.013528424082513757,-0.013528424082513757,-0.013528424082513757,0.0,0.0
2017-05-26,0.0,0.0,0.0,0.0,0.0044254243057919584,0.0,-0.0,-0.0,-0.0044254243057919584,-0.0044254243057919584,-0.0044254243057919584,-0.0044254243057919584,-0.0044254243057919584,-0.0044254243057919584,-0.0044254243057919584,-0.0044254243057919584
2017-05-30,0.004841677156967261,0.004841677156967261,0.004841677156967261,0.004841677156967261,0.004841677156967261,-0.0,0.0,0.0,0.004841677156967261,0.004841677156967261,0.004841677156967261,0.004841677156967261,0.004841677156967261,0.004841677156967261,0.004841677156967261,0.0
2017-05-31,0.0,0.0,0.0,0.0,-0.006178845966722024,-0.006178845966722024,-0.0,-0.0,-0.006178845966722024,-0.006178845966722024,-0.006178845966722024,-0.006178845966722024,-0.006178845966722024,-0.006178845966722024,-0.006178845966722024,-0.006178845966722024
2017-06-01,-0.0004351820511581117,-0.0004351820511581117,-0.0004351820511581117,0.0,-0.0004351820511581117,-0.0004351820511581117,0.0004351820511581117,0.0004351820511581117,-0.0004351820511581117,-0.0004351820511581117,-0.0004351820511581117,-0.0004351820511581117,-0.0004351820511581117,-0.0004351820511581117,-0.0004351820511581117,-0.0004351820511581117
2017-06-02,0.0,0.0,0.0,0.0,0.0,0.0,-0.0,-0.0,-0.04659255679072016,-0.04659255679072016,-0.04659255679072016,-0.04659255679072016,-0.04659255679072016,-0.04659255679072016,-0.04659255679072016,-0.04659255679072016
2017-06-05,0.007527477602290555,-0.0,-0.0,-0.0,0.007527477602290555,-0.0,0.0,0.0,0.007527477602290555,0.007527477602290555,0.007527477602290555,0.007527477602290555,0.007527477602290555,0.007527477602290555,0.007527477602290555,0.007527477602290555
2017-06-06,-0.017356102554557773,-0.017356102554557773,-0.017356102554557773,-0.017356102554557773,-0.017356102554557773,-0.017356102554557773,0.017356102554557773,0.017356102554557773,0.017356102554557773,0.017356102554557773,0.017356102554557773,0.017356102554557773,0.017356102554557773,0.017356102554557773,0.017356102554557773,0.017356102554557773
2017-06-07,-0.016431480253811803,-0.016431480253811803,-0.016431480253811803,-0.016431480253811803,-0.016431480253811803,-0.016431480253811803,0.016431480253811803,0.016431480253811803,0.016431480253811803,0.016431480253811803,0.016431480253811803,0.016431480253811803,0.016431480253811803,0.016431480253811803,0.016431480253811803,0.016431480253811803
2017-06-08,-0.003947811853064365,-0.003947811853064365,-0.003947811853064365,-0.003947811853064365,-0.003947811853064365,-0.003947811853064365,0.0,0.0,0.003947811853064365,0.003947811853064365,0.003947811853064365,0.003947811853064365,0.003947811853064365,0.003947811853064365,0.003947811853064365,0.003947811853064365
2017-06-09,0.0,0.0,0.0,0.0,0.009715307651408933,0.0,-0.0,-0.0,-0.009715307651408933,-0.009715307651408933,-0.009715307651408933,-0.009715307651408933,0.009715307651408933,-0.0,-0.0,-0.0
2017-06-12,-0.0,-0.0,-0.0,-0.0,0.03130684538056483,-0.0,0.0,0.0,0.0,0.0,0.0,0.0,0.0,0.0,0.0,0.0
2017-06-13,0.006325360743229869,0.006325360743229869,0.006325360743229869,0.006325360743229869,-0.006325360743229869,-0.006325360743229869,0.006325360743229869,0.0,0.006325360743229869,0.0,0.0,0.0,0.006325360743229869,0.006325360743229869,0.0,0.0
2017-06-14,0.002685498309130785,0.002685498309130785,0.002685498309130785,0.002685498309130785,0.002685498309130785,0.002685498309130785,-0.002685498309130785,-0.002685498309130785,-0.002685498309130785,-0.002685498309130785,-0.002685498309130785,-0.002685498309130785,-0.002685498309130785,-0.002685498309130785,-0.002685498309130785,-0.002685498309130785
2017-06-15,0.0047820883614240195,0.0047820883614240195,0.0047820883614240195,0.0047820883614240195,0.0047820883614240195,0.0047820883614240195,-0.0047820883614240195,-0.0047820883614240195,-0.0047820883614240195,-0.0047820883614240195,-0.0047820883614240195,-0.0047820883614240195,-0.0047820883614240195,-0.0047820883614240195,-0.0047820883614240195,-0.0047820883614240195
2017-06-16,0.0075157454867949,0.0075157454867949,0.0075157454867949,0.0075157454867949,0.0075157454867949,0.0075157454867949,-0.0075157454867949,-0.0075157454867949,-0.0075157454867949,-0.0075157454867949,-0.0075157454867949,-0.0075157454867949,-0.0075157454867949,-0.0075157454867949,-0.0075157454867949,-0.0075157454867949
2017-06-19,-0.015140270899278718,-0.015140270899278718,-0.015140270899278718,-0.015140270899278718,-0.015140270899278718,-0.015140270899278718,0.015140270899278718,0.015140270899278718,0.015140270899278718,0.015140270899278718,0.015140270899278718,0.015140270899278718,0.015140270899278718,0.015140270899278718,0.015140270899278718,0.015140270899278718
2017-06-20,-0.012233936741595342,-0.012233936741595342,-0.012233936741595342,-0.012233936741595342,-0.012233936741595342,-0.012233936741595342,0.012233936741595342,0.012233936741595342,0.012233936741595342,0.012233936741595342,0.012233936741595342,0.012233936741595342,0.012233936741595342,0.012233936741595342,0.012233936741595342,0.012233936741595342
2017-06-21,-0.016753463692640302,0.0,0.0,0.0,-0.016753463692640302,-0.016753463692640302,0.016753463692640302,0.016753463692640302,0.016753463692640302,0.016753463692640302,0.016753463692640302,0.016753463692640302,0.016753463692640302,0.016753463692640302,0.016753463692640302,0.016753463692640302
2017-06-22,-0.008166223725537547,-0.008166223725537547,-0.0,-0.0,0.008166223725537547,0.008166223725537547,-0.008166223725537547,-0.008166223725537547,-0.008166223725537547,-0.008166223725537547,-0.008166223725537547,-0.008166223725537547,-0.008166223725537547,-0.008166223725537547,-0.008166223725537547,0.0
2017-06-23,-0.013689954204423649,-0.013689954204423649,-0.013689954204423649,-0.013689954204423649,-0.0,-0.0,0.0,0.0,0.0,0.0,0.0,0.0,-0.013689954204423649,0.0,0.0,0.0
2017-06-26,0.007606816497900626,0.007606816497900626,0.007606816497900626,0.007606816497900626,-0.007606816497900626,0.0,-0.0,-0.0,0.007606816497900626,0.007606816497900626,0.007606816497900626,-0.0,-0.0,-0.0,-0.0,-0.0
2017-06-27,-0.02094220304916905,-0.02094220304916905,-0.02094220304916905,-0.02094220304916905,0.02094220304916905,0.02094220304916905,-0.02094220304916905,-0.02094220304916905,-0.02094220304916905,-0.02094220304916905,-0.02094220304916905,0.0,-0.02094220304916905,-0.02094220304916905,-0.02094220304916905,-0.02094220304916905
2017-06-28,0.005017074074444849,0.005017074074444849,0.0,0.0,0.005017074074444849,0.0,-0.0,-0.0,0.005017074074444849,0.005017074074444849,-0.0,-0.0,0.005017074074444849,0.005017074074444849,0.005017074074444849,0.005017074074444849
2017-06-29,0.025832004782781914,0.025832004782781914,0.025832004782781914,-0.0,0.025832004782781914,-0.0,0.0,0.0,-0.025832004782781914,-0.025832004782781914,-0.025832004782781914,-0.025832004782781914,-0.025832004782781914,-0.025832004782781914,-0.025832004782781914,-0.025832004782781914
2017-06-30,-0.012555297005651056,-0.012555297005651056,-0.012555297005651056,-0.012555297005651056,0.0,0.0,-0.0,-0.0,0.012555297005651056,0.012555297005651056,0.012555297005651056,0.012555297005651056,0.012555297005651056,0.012555297005651056,0.012555297005651056,0.012555297005651056
2017-07-03,0.01285923531491484,0.01285923531491484,0.01285923531491484,0.01285923531491484,0.01285923531491484,-0.01285923531491484,-0.01285923531491484,-0.01285923531491484,-0.01285923531491484,-0.01285923531491484,-0.01285923531491484,-0.01285923531491484,-0.01285923531491484,-0.01285923531491484,-0.01285923531491484,-0.01285923531491484
2017-07-05,0.013497472421767909,0.013497472421767909,0.013497472421767909,0.013497472421767909,-0.0,0.0,0.0,0.0,-0.013497472421767909,-0.013497472421767909,-0.013497472421767909,-0.013497472421767909,-0.013497472421767909,-0.013497472421767909,-0.013497472421767909,-0.013497472421767909
2017-07-06,-0.015570054873810912,-0.015570054873810912,-0.015570054873810912,-0.015570054873810912,-0.015570054873810912,0.015570054873810912,0.015570054873810912,0.015570054873810912,0.015570054873810912,0.015570054873810912,0.015570054873810912,0.015570054873810912,0.015570054873810912,0.015570054873810912,0.015570054873810912,0.015570054873810912
2017-07-07,-0.006036525576074592,-0.006036525576074592,-0.006036525576074592,-0.006036525576074592,-0.006036525576074592,0.006036525576074592,0.006036525576074592,0.006036525576074592,0.006036525576074592,0.006036525576074592,0.006036525576074592,0.006036525576074592,0.006036525576074592,0.006036525576074592,0.006036525576074592,0.006036525576074592
2017-07-10,-0.0036956190669574784,-0.0036956190669574784,-0.0036956190669574784,-0.0036956190669574784,-0.0036956190669574784,0.0036956190669574784,0.0036956190669574784,0.0036956190669574784,0.0036956190669574784,0.0036956190669574784,0.0036956190669574784,0.0036956190669574784,0.0036956190669574784,0.0036956190669574784,0.0036956190669574784,0.0036956190669574784
2017-07-11,-0.010580726084625569,-0.0,-0.0,-0.0,0.010580726084625569,-0.010580726084625569,-0.010580726084625569,-0.010580726084625569,-0.010580726084625569,-0.010580726084625569,-0.010580726084625569,-0.010580726084625569,-0.010580726084625569,-0.010580726084625569,-0.010580726084625569,-0.010580726084625569
2017-07-12,0.0,0.0,0.0,0.0,-0.01464018075306961,0.01464018075306961,0.01464018075306961,0.01464018075306961,0.01464018075306961,0.01464018075306961,0.01464018075306961,0.01464018075306961,0.01464018075306961,0.01464018075306961,0.01464018075306961,0.01464018075306961
2017-07-13,0.0,0.0,0.0,0.0,-0.007562093808252124,0.007562093808252124,0.007562093808252124,0.007562093808252124,0.007562093808252124,0.007562093808252124,0.007562093808252124,0.007562093808252124,0.007562093808252124,0.007562093808252124,0.007562093808252124,0.007562093808252124
2017-07-14,0.0068453080388617416,0.0068453080388617416,0.0068453080388617416,0.0068453080388617416,-0.0068453080388617416,-0.0,-0.0,-0.0,0.0068453080388617416,0.0068453080388617416,-0.0,-0.0,0.0068453080388617416,0.0068453080388617416,0.0068453080388617416,0.0068453080388617416
2017-07-17,0.001340882002383914,0.001340882002383914,0.001340882002383914,0.001340882002383914,0.0,-0.0,-0.0,-0.0,-0.0,-0.0,-0.0,-0.0,0.001340882002383914,0.001340882002383914,0.001340882002383914,0.001340882002383914
2017-07-18,0.007191390170113499,0.007191390170113499,0.007191390170113499,0.007191390170113499,0.007191390170113499,-0.007191390170113499,-0.007191390170113499,-0.007191390170113499,-0.007191390170113499,-0.0,-0.0,-0.0,0.007191390170113499,0.007191390170113499,0.007191390170113499,0.007191390170113499
2017-07-19,0.003594642505416523,0.003594642505416523,0.003594642505416523,0.0,0.003594642505416523,-0.003594642505416523,-0.003594642505416523,-0.0,-0.003594642505416523,-0.003594642505416523,-0.003594642505416523,-0.0,0.003594642505416523,0.003594642505416523,0.003594642505416523,0.003594642505416523
2017-07-20,-0.015406506059565284,-0.015406506059565284,-0.015406506059565284,-0.015406506059565284,-0.015406506059565284,0.015406506059565284,0.015406506059565284,0.015406506059565284,0.015406506059565284,0.0,0.0,0.0,0.015406506059565284,0.0,0.0,0.0
2017-07-21,0.01066427467982245,0.01066427467982245,0.01066427467982245,0.01066427467982245,0.01066427467982245,-0.01066427467982245,-0.01066427467982245,-0.01066427467982245,-0.0,-0.0,-0.0,-0.0,-0.01066427467982245,-0.0,-0.0,-0.0
2017-07-24,0.0,0.0,0.0,0.0,0.02465361668556776,-0.02465361668556776,-0.02465361668556776,-0.02465361668556776,0.02465361668556776,0.02465361668556776,0.02465361668556776,0.02465361668556776,-0.02465361668556776,-0.02465361668556776,-0.0,-0.0
2017-07-25,-0.012655791347865764,-0.0,-0.0,-0.0,-0.012655791347865764,0.012655791347865764,0.012655791347865764,0.012655791347865764,-0.012655791347865764,-0.012655791347865764,0.0,0.0,0.0,0.0,0.0,0.0
2017-07-26,0.01505994736329086,0.01505994736329086,0.01505994736329086,0.01505994736329086,0.01505994736329086,-0.01505994736329086,-0.01505994736329086,-0.01505994736329086,-0.01505994736329086,-0.01505994736329086,-0.01505994736329086,-0.01505994736329086,-0.01505994736329086,-0.01505994736329086,-0.01505994736329086,-0.01505994736329086
2017-07-27,-0.0022086714361166937,-0.0022086714361166937,-0.0,-0.0,-0.0022086714361166937,0.0022086714361166937,0.0022086714361166937,0.0022086714361166937,0.0022086714361166937,0.0,0.0,0.0,0.0022086714361166937,0.0022086714361166937,0.0022086714361166937,0.0022086714361166937
2017-07-28,-0.0008661758336940828,-0.0008661758336940828,-0.0008661758336940828,-0.0008661758336940828,-0.0008661758336940828,0.0008661758336940828,0.0008661758336940828,0.0008661758336940828,0.0008661758336940828,0.0008661758336940828,0.0008661758336940828,0.0008661758336940828,0.0008661758336940828,0.0008661758336940828,0.0008661758336940828,0.0008661758336940828
2017-07-31,-0.002600780234070288,-0.002600780234070288,-0.002600780234070288,-0.002600780234070288,-0.002600780234070288,0.002600780234070288,0.002600780234070288,0.002600780234070288,0.002600780234070288,0.002600780234070288,0.002600780234070288,0.002600780234070288,0.002600780234070288,0.002600780234070288,0.002600780234070288,0.002600780234070288
2017-08-01,-0.0026558501134772428,-0.0026558501134772428,-0.0026558501134772428,-0.0026558501134772428,-0.0026558501134772428,0.0026558501134772428,0.0026558501134772428,0.0026558501134772428,0.0026558501134772428,0.0026558501134772428,0.0026558501134772428,0.0026558501134772428,0.0026558501134772428,0.0026558501134772428,0.0026558501134772428,0.0026558501134772428
2017-08-02,-0.0,-0.0,-0.0,-0.0,-0.016316452018979355,0.016316452018979355,0.016316452018979355,0.016316452018979355,0.016316452018979355,0.016316452018979355,0.016316452018979355,0.016316452018979355,0.016316452018979355,0.016316452018979355,0.016316452018979355,0.016316452018979355
2017-08-03,-0.0062509228724713095,-0.0,-0.0,-0.0,-0.0062509228724713095,0.0062509228724713095,0.0062509228724713095,0.0,0.0062509228724713095,0.0062509228724713095,0.0062509228724713095,0.0062509228724713095,0.0062509228724713095,0.0062509228724713095,0.0062509228724713095,0.0062509228724713095
2017-08-04,-0.0020307082714214886,-0.0020307082714214886,-0.0020307082714214886,-0.0020307082714214886,0.0,-0.0,-0.0,-0.0,-0.0020307082714214886,-0.0020307082714214886,-0.0020307082714214886,-0.0020307082714214886,-0.0020307082714214886,-0.0020307082714214886,-0.0020307082714214886,-0.0
2017-08-07,-0.015075873659235794,-0.015075873659235794,-0.015075873659235794,-0.015075873659235794,0.015075873659235794,-0.0,-0.0,-0.0,-0.015075873659235794,-0.015075873659235794,-0.015075873659235794,-0.015075873659235794,0.015075873659235794,-0.0,-0.0,-0.0
2017-08-08,-0.021669263731982857,-0.021669263731982857,-0.021669263731982857,-0.021669263731982857,0.0,-0.0,-0.0,-0.0,-0.021669263731982857,-0.021669263731982857,-0.021669263731982857,-0.021669263731982857,0.021669263731982857,0.021669263731982857,0.021669263731982857,0.021669263731982857
2017-08-09,-0.0034793384490727775,0.0,0.0,0.0,-0.0034793384490727775,0.0034793384490727775,-0.0,-0.0,-0.0034793384490727775,-0.0034793384490727775,-0.0034793384490727775,-0.0034793384490727775,0.0034793384490727775,-0.0,-0.0,-0.0
2017-08-10,-0.01315664481808676,-0.01315664481808676,-0.01315664481808676,-0.0,-0.01315664481808676,0.01315664481808676,0.01315664481808676,0.01315664481808676,0.01315664481808676,0.01315664481808676,0.01315664481808676,0.01315664481808676,0.0,0.0,0.0,0.0
2017-08-11,-0.012947008711556185,-0.012947008711556185,-0.012947008711556185,-0.012947008711556185,-0.012947008711556185,0.012947008711556185,0.0,0.0,0.012947008711556185,0.012947008711556185,0.012947008711556185,0.012947008711556185,-0.012947008711556185,0.0,0.0,0.0
2017-08-14,0.023990637799883086,0.023990637799883086,0.023990637799883086,0.023990637799883086,0.0,-0.0,-0.0,-0.0,-0.023990637799883086,-0.023990637799883086,-0.023990637799883086,-0.023990637799883086,-0.023990637799883086,-0.0,-0.0,-0.0
2017-08-15,-0.002190476190476187,-0.002190476190476187,-0.0,-0.0,0.002190476190476187,-0.002190476190476187,0.0,0.0,0.002190476190476187,0.002190476190476187,0.002190476190476187,0.0,-0.002190476190476187,-0.002190476190476187,0.0,0.0
2017-08-16,-0.004342846234609232,-0.004342846234609232,-0.004342846234609232,-0.004342846234609232,-0.004342846234609232,0.004342846234609232,0.0,0.0,0.004342846234609232,0.004342846234609232,0.004342846234609232,0.004342846234609232,0.0,0.0,0.0,0.0
2017-08-17,0.0,0.0,0.0,0.0,0.015242294971959947,-0.015242294971959947,-0.0,-0.0,-0.015242294971959947,-0.015242294971959947,-0.015242294971959947,-0.015242294971959947,-0.015242294971959947,-0.015242294971959947,-0.015242294971959947,-0.0
2017-08-18,0.008545394457296629,-0.0,-0.0,-0.0,-0.008545394457296629,0.008545394457296629,0.008545394457296629,0.008545394457296629,0.008545394457296629,0.008545394457296629,0.008545394457296629,0.008545394457296629,0.0,0.0,0.0,0.0
2017-08-21,0.007761904761904859,0.007761904761904859,0.007761904761904859,0.0,0.007761904761904859,-0.007761904761904859,-0.007761904761904859,-0.007761904761904859,-0.007761904761904859,-0.007761904761904859,-0.007761904761904859,-0.007761904761904859,-0.007761904761904859,-0.007761904761904859,-0.007761904761904859,-0.007761904761904859
2017-08-22,0.0032131550347305193,0.0032131550347305193,0.0032131550347305193,0.0032131550347305193,0.0032131550347305193,-0.0032131550347305193,-0.0032131550347305193,-0.0032131550347305193,-0.0032131550347305193,-0.0032131550347305193,-0.0032131550347305193,-0.0032131550347305193,-0.0032131550347305193,-0.0,-0.0,-0.0
2017-08-23,0.0036738731100749433,0.0,0.0,0.0,0.0036738731100749433,-0.0036738731100749433,-0.0036738731100749433,-0.0036738731100749433,-0.0036738731100749433,-0.0036738731100749433,-0.0036738731100749433,-0.0,-0.0036738731100749433,-0.0036738731100749433,-0.0036738731100749433,-0.0036738731100749433
2017-08-24,0.03453939649913185,0.03453939649913185,0.0,0.0,0.03453939649913185,-0.03453939649913185,-0.0,-0.0,-0.03453939649913185,-0.03453939649913185,-0.03453939649913185,-0.03453939649913185,-0.03453939649913185,-0.03453939649913185,-0.03453939649913185,-0.03453939649913185
2017-08-25,0.00703107280562465,0.00703107280562465,0.00703107280562465,0.00703107280562465,0.00703107280562465,-0.00703107280562465,-0.0,-0.0,-0.00703107280562465,-0.00703107280562465,-0.00703107280562465,-0.00703107280562465,-0.00703107280562465,-0.00703107280562465,-0.00703107280562465,-0.00703107280562465
2017-08-28,-0.010225225225225287,-0.010225225225225287,-0.010225225225225287,-0.010225225225225287,-0.010225225225225287,0.010225225225225287,0.010225225225225287,0.010225225225225287,0.010225225225225287,0.010225225225225287,0.010225225225225287,0.010225225225225287,0.010225225225225287,0.010225225225225287,0.010225225225225287,0.010225225225225287
2017-08-29,0.02357438674737189,0.02357438674737189,0.02357438674737189,0.02357438674737189,0.02357438674737189,-0.02357438674737189,-0.02357438674737189,-0.02357438674737189,-0.02357438674737189,-0.02357438674737189,-0.02357438674737189,-0.02357438674737189,-0.02357438674737189,-0.02357438674737189,-0.02357438674737189,-0.02357438674737189
2017-08-30,0.0024454226134897894,0.0024454226134897894,0.0024454226134897894,0.0024454226134897894,0.0024454226134897894,-0.0024454226134897894,-0.0024454226134897894,-0.0024454226134897894,-0.0024454226134897894,-0.0024454226134897894,-0.0024454226134897894,-0.0024454226134897894,-0.0024454226134897894,-0.0024454226134897894,-0.0,-0.0
2017-08-31,0.020136609598154998,0.020136609598154998,0.020136609598154998,0.020136609598154998,0.020136609598154998,-0.020136609598154998,-0.020136609598154998,-0.020136609598154998,-0.020136609598154998,-0.020136609598154998,-0.020136609598154998,-0.020136609598154998,-0.020136609598154998,-0.020136609598154998,-0.020136609598154998,-0.020136609598154998
2017-09-01,-0.014217391304347848,-0.014217391304347848,-0.014217391304347848,-0.014217391304347848,-0.014217391304347848,0.014217391304347848,0.014217391304347848,0.014217391304347848,0.014217391304347848,0.014217391304347848,0.014217391304347848,0.014217391304347848,0.014217391304347848,0.014217391304347848,0.014217391304347848,0.014217391304347848
2017-09-05,0.021876240462223917,0.021876240462223917,0.021876240462223917,0.021876240462223917,0.021876240462223917,-0.021876240462223917,-0.021876240462223917,-0.021876240462223917,-0.021876240462223917,-0.021876240462223917,-0.021876240462223917,-0.021876240462223917,-0.021876240462223917,-0.021876240462223917,-0.021876240462223917,-0.021876240462223917
2017-09-06,-0.008459579610686774,-0.008459579610686774,-0.008459579610686774,-0.008459579610686774,-0.008459579610686774,0.008459579610686774,0.008459579610686774,0.008459579610686774,0.008459579610686774,0.008459579610686774,0.008459579610686774,0.008459579610686774,0.008459579610686774,0.008459579610686774,0.008459579610686774,0.008459579610686774
2017-09-07,-0.028119966917685812,-0.028119966917685812,-0.028119966917685812,-0.028119966917685812,-0.028119966917685812,0.028119966917685812,0.028119966917685812,0.028119966917685812,0.028119966917685812,0.028119966917685812,0.028119966917685812,0.028119966917685812,0.028119966917685812,0.028119966917685812,0.028119966917685812,0.028119966917685812
2017-09-08,0.004478882071035084,0.004478882071035084,0.004478882071035084,0.004478882071035084,0.004478882071035084,-0.004478882071035084,-0.004478882071035084,-0.004478882071035084,-0.004478882071035084,-0.004478882071035084,-0.004478882071035084,-0.004478882071035084,-0.004478882071035084,-0.004478882071035084,-0.004478882071035084,-0.004478882071035084
2017-09-11,0.017835644535604378,-0.0,-0.0,-0.0,-0.017835644535604378,0.017835644535604378,0.017835644535604378,0.017835644535604378,0.017835644535604378,0.017835644535604378,0.017835644535604378,0.017835644535604378,0.017835644535604378,0.017835644535604378,0.017835644535604378,0.017835644535604378
2017-09-12,-0.006628228991691909,-0.006628228991691909,-0.006628228991691909,-0.006628228991691909,0.006628228991691909,-0.006628228991691909,-0.006628228991691909,-0.0,-0.006628228991691909,-0.006628228991691909,-0.006628228991691909,-0.006628228991691909,-0.006628228991691909,-0.006628228991691909,-0.006628228991691909,-0.006628228991691909
2017-09-13,0.010282776349614275,0.010282776349614275,0.010282776349614275,0.010282776349614275,0.010282776349614275,0.0,0.0,0.0,0.010282776349614275,0.010282776349614275,0.010282776349614275,0.010282776349614275,0.010282776349614275,0.010282776349614275,0.010282776349614275,0.010282776349614275
2017-09-14,0.01635907951697435,0.01635907951697435,0.01635907951697435,0.01635907951697435,-0.01635907951697435,0.0,0.0,0.0,0.01635907951697435,0.01635907951697435,0.01635907951697435,0.01635907951697435,0.01635907951697435,0.01635907951697435,0.01635907951697435,0.01635907951697435
2017-09-15,-0.004864263874733599,-0.004864263874733599,-0.004864263874733599,-0.004864263874733599,-0.004864263874733599,0.004864263874733599,0.004864263874733599,0.004864263874733599,-0.004864263874733599,-0.004864263874733599,-0.004864263874733599,-0.004864263874733599,-0.004864263874733599,-0.004864263874733599,-0.004864263874733599,-0.004864263874733599
2017-09-18,0.015121478954405077,0.015121478954405077,0.015121478954405077,0.015121478954405077,0.015121478954405077,-0.015121478954405077,-0.015121478954405077,-0.015121478954405077,0.015121478954405077,0.015121478954405077,0.015121478954405077,0.015121478954405077,0.015121478954405077,0.015121478954405077,0.015121478954405077,0.015121478954405077
2017-09-19,0.012264195103683928,0.012264195103683928,0.012264195103683928,0.012264195103683928,0.012264195103683928,-0.012264195103683928,-0.012264195103683928,-0.012264195103683928,0.012264195103683928,0.012264195103683928,0.012264195103683928,0.012264195103683928,0.012264195103683928,0.012264195103683928,0.012264195103683928,0.012264195103683928
2017-09-20,-0.01071039287237574,-0.01071039287237574,-0.01071039287237574,-0.01071039287237574,-0.01071039287237574,0.01071039287237574,0.01071039287237574,0.01071039287237574,-0.01071039287237574,-0.01071039287237574,-0.01071039287237574,-0.0,-0.01071039287237574,-0.01071039287237574,-0.01071039287237574,-0.01071039287237574
2017-09-21,-0.016223566371266207,-0.016223566371266207,-0.016223566371266207,-0.016223566371266207,-0.016223566371266207,0.016223566371266207,0.016223566371266207,0.016223566371266207,-0.0,-0.0,-0.0,-0.0,-0.016223566371266207,-0.016223566371266207,-0.016223566371266207,-0.016223566371266207
2017-09-22,0.020394038665620617,0.020394038665620617,0.020394038665620617,0.020394038665620617,0.020394038665620617,-0.020394038665620617,-0.020394038665620617,-0.020394038665620617,0.0,0.0,0.0,0.0,0.020394038665620617,0.020394038665620617,0.020394038665620617,0.020394038665620617
2017-09-25,-0.0,-0.0,-0.0,-0.0,0.014318684941830417,-0.014318684941830417,-0.014318684941830417,-0.014318684941830417,0.014318684941830417,0.014318684941830417,0.014318684941830417,0.0,0.014318684941830417,0.014318684941830417,0.014318684941830417,0.014318684941830417
2017-09-26,-0.006498781478472715,-0.006498781478472715,-0.006498781478472715,-0.006498781478472715,-0.006498781478472715,0.006498781478472715,0.006498781478472715,0.006498781478472715,0.006498781478472715,0.006498781478472715,0.006498781478472715,0.006498781478472715,-0.006498781478472715,-0.006498781478472715,-0.006498781478472715,-0.006498781478472715
2017-09-27,0.00821345487347469,0.00821345487347469,0.00821345487347469,0.00821345487347469,0.00821345487347469,-0.00821345487347469,-0.00821345487347469,-0.00821345487347469,-0.00821345487347469,-0.00821345487347469,-0.00821345487347469,-0.00821345487347469,0.00821345487347469,0.00821345487347469,0.00821345487347469,0.00821345487347469
2017-09-28,0.0,0.0,0.0,0.0,-0.003063666826232714,0.003063666826232714,0.003063666826232714,0.003063666826232714,0.003063666826232714,0.003063666826232714,0.003063666826232714,0.003063666826232714,-0.003063666826232714,-0.003063666826232714,-0.003063666826232714,-0.003063666826232714
2017-09-29,-0.011071871719003479,-0.011071871719003479,-0.011071871719003479,-0.011071871719003479,-0.011071871719003479,0.011071871719003479,0.011071871719003479,0.011071871719003479,0.011071871719003479,0.011071871719003479,0.011071871719003479,0.011071871719003479,-0.011071871719003479,-0.011071871719003479,-0.011071871719003479,-0.011071871719003479
2017-10-02,-0.0051449070140658915,-0.0051449070140658915,-0.0051449070140658915,-0.0051449070140658915,-0.0051449070140658915,0.0051449070140658915,0.0051449070140658915,0.0051449070140658915,0.0051449070140658915,0.0051449070140658915,0.0051449070140658915,0.0051449070140658915,-0.0051449070140658915,-0.0051449070140658915,-0.0051449070140658915,-0.0051449070140658915
2017-10-03,-0.0,-0.0,-0.0,-0.0,0.007466541441653041,-0.007466541441653041,-0.007466541441653041,-0.007466541441653041,-0.007466541441653041,-0.007466541441653041,-0.007466541441653041,-0.007466541441653041,0.007466541441653041,0.007466541441653041,0.007466541441653041,0.007466541441653041
2017-10-04,0.015471233913701754,0.015471233913701754,0.015471233913701754,0.0,0.0,-0.0,-0.0,-0.0,0.015471233913701754,0.015471233913701754,0.015471233913701754,0.015471233913701754,-0.015471233913701754,-0.015471233913701754,-0.015471233913701754,-0.015471233913701754
2017-10-05,0.0,0.0,0.0,0.0,0.0,-0.0,-0.0,-0.0,0.006010343381633421,0.006010343381633421,0.006010343381633421,0.006010343381633421,-0.006010343381633421,-0.006010343381633421,-0.006010343381633421,-0.006010343381633421
2017-10-06,-0.006808077065579732,-0.006808077065579732,-0.006808077065579732,-0.006808077065579732,-0.006808077065579732,0.0,0.0,0.0,-0.006808077065579732,-0.006808077065579732,-0.006808077065579732,-0.006808077065579732,0.006808077065579732,0.006808077065579732,0.006808077065579732,0.006808077065579732
2017-10-09,0.009559337840988391,0.009559337840988391,0.009559337840988391,0.009559337840988391,0.0,-0.0,-0.0,-0.0,0.009559337840988391,0.009559337840988391,0.009559337840988391,0.009559337840988391,-0.009559337840988391,-0.009559337840988391,-0.009559337840988391,-0.009559337840988391
2017-10-10,-0.004203233256350969,-0.004203233256350969,-0.0,-0.0,-0.004203233256350969,0.004203233256350969,0.0,0.0,-0.004203233256350969,-0.004203233256350969,-0.004203233256350969,-0.004203233256350969,0.004203233256350969,0.004203233256350969,0.004203233256350969,0.004203233256350969
2017-10-11,0.005287814833712101,0.005287814833712101,0.005287814833712101,0.0,0.005287814833712101,-0.005287814833712101,-0.005287814833712101,-0.005287814833712101,0.005287814833712101,0.005287814833712101,0.005287814833712101,-0.0,-0.005287814833712101,-0.005287814833712101,-0.005287814833712101,-0.005287814833712101
2017-10-12,-0.015318599178701486,-0.015318599178701486,-0.015318599178701486,-0.015318599178701486,-0.015318599178701486,0.015318599178701486,0.015318599178701486,0.015318599178701486,-0.015318599178701486,-0.015318599178701486,-0.015318599178701486,-0.015318599178701486,0.015318599178701486,0.015318599178701486,0.015318599178701486,0.015318599178701486
2017-10-13,-0.0019211845742935774,-0.0,-0.0,-0.0,-0.0019211845742935774,0.0019211845742935774,0.0019211845742935774,0.0019211845742935774,-0.0019211845742935774,-0.0019211845742935774,0.0,0.0,0.0019211845742935774,0.0019211845742935774,0.0019211845742935774,0.0019211845742935774
2017-10-16,0.003849765258216009,0.003849765258216009,-0.0,-0.0,-0.003849765258216009,0.003849765258216009,0.003849765258216009,0.0,-0.003849765258216009,-0.003849765258216009,0.0,0.0,0.003849765258216009,0.003849765258216009,0.003849765258216009,0.003849765258216009
2017-10-17,-0.0042888113865586774,0.0,0.0,0.0,0.0042888113865586774,-0.0,-0.0,-0.0,0.0042888113865586774,0.0042888113865586774,0.0042888113865586774,-0.0,-0.0042888113865586774,-0.0042888113865586774,-0.0042888113865586774,-0.0042888113865586774
2017-10-18,0.008775634708339308,0.008775634708339308,0.008775634708339308,-0.0,-0.0,0.0,0.0,0.0,-0.008775634708339308,0.0,0.0,0.0,0.008775634708339308,0.008775634708339308,0.008775634708339308,0.008775634708339308
2017-10-19,0.0036454881166555486,0.0036454881166555486,-0.0,-0.0,-0.0036454881166555486,0.0,0.0,0.0,0.0036454881166555486,0.0,0.0,0.0,0.0036454881166555486,0.0036454881166555486,0.0036454881166555486,0.0036454881166555486
2017-10-20,0.007792824899025996,0.007792824899025996,0.007792824899025996,0.007792824899025996,0.007792824899025996,-0.007792824899025996,-0.007792824899025996,0.0,-0.007792824899025996,0.0,0.0,0.0,0.007792824899025996,0.007792824899025996,0.007792824899025996,0.007792824899025996
2017-10-23,0.0049806043771849495,0.0049806043771849495,-0.0,-0.0,0.0049806043771849495,-0.0049806043771849495,-0.0049806043771849495,-0.0049806043771849495,-0.0049806043771849495,-0.0049806043771849495,-0.0049806043771849495,-0.0049806043771849495,0.0049806043771849495,0.0049806043771849495,0.0,0.0
2017-10-24,0.019492708283197824,0.019492708283197824,0.019492708283197824,-0.0,0.019492708283197824,-0.019492708283197824,-0.019492708283197824,-0.019492708283197824,-0.019492708283197824,-0.019492708283197824,-0.019492708283197824,0.0,0.0,0.0,0.0,0.0
2017-10-25,-0.00760848223051247,-0.00760848223051247,-0.00760848223051247,-0.00760848223051247,-0.00760848223051247,0.00760848223051247,0.00760848223051247,0.00760848223051247,0.00760848223051247,-0.0,-0.0,-0.0,-0.0,-0.0,-0.0,-0.0
2017-10-26,-0.0077458956496321285,-0.0077458956496321285,-0.0077458956496321285,-0.0077458956496321285,-0.0077458956496321285,0.0077458956496321285,0.0077458956496321285,0.0077458956496321285,0.0077458956496321285,0.0077458956496321285,0.0077458956496321285,0.0077458956496321285,0.0077458956496321285,0.0077458956496321285,0.0077458956496321285,-0.0
2017-10-27,0.011215314705598,0.011215314705598,0.011215314705598,0.011215314705598,0.011215314705598,-0.011215314705598,-0.011215314705598,-0.011215314705598,-0.011215314705598,-0.011215314705598,-0.011215314705598,0.0,-0.011215314705598,0.0,0.0,0.0
2017-10-30,-0.0,-0.0,-0.0,0.0,-0.0,0.0,0.0,0.0,0.0,0.0,-0.0,-0.0,-0.0,-0.0,-0.0,-0.0
2017-10-31,-0.004204556565952755,-0.004204556565952755,-0.004204556565952755,-0.004204556565952755,-0.004204556565952755,0.004204556565952755,0.004204556565952755,0.004204556565952755,0.004204556565952755,0.004204556565952755,0.004204556565952755,0.004204556565952755,-0.004204556565952755,-0.004204556565952755,-0.0,-0.0
2017-11-01,0.006426484907497421,0.006426484907497421,0.006426484907497421,-0.0,0.006426484907497421,-0.006426484907497421,-0.006426484907497421,-0.006426484907497421,-0.006426484907497421,-0.006426484907497421,-0.006426484907497421,-0.006426484907497421,0.006426484907497421,0.006426484907497421,0.0,0.0
2017-11-02,0.02097216777734201,0.0,0.0,0.0,-0.02097216777734201,0.02097216777734201,0.02097216777734201,0.02097216777734201,0.02097216777734201,0.02097216777734201,0.02097216777734201,0.02097216777734201,-0.0,-0.0,-0.0,-0.0
2017-11-03,0.007007103090804212,-0.0,-0.0,-0.0,0.007007103090804212,-0.007007103090804212,-0.007007103090804212,-0.007007103090804212,-0.007007103090804212,-0.007007103090804212,-0.007007103090804212,-0.007007103090804212,-0.007007103090804212,-0.007007103090804212,-0.007007103090804212,-0.007007103090804212
2017-11-06,0.00681488641855954,0.0,0.0,0.0,-0.00681488641855954,-0.0,-0.0,-0.0,0.00681488641855954,0.00681488641855954,0.00681488641855954,0.00681488641855954,0.00681488641855954,0.00681488641855954,-0.0,-0.0
2017-11-07,-0.0036964139983677313,-0.0036964139983677313,-0.0,-0.0,0.0036964139983677313,0.0,0.0,0.0,-0.0036964139983677313,-0.0036964139983677313,-0.0036964139983677313,-0.0036964139983677313,0.0,0.0,0.0,0.0
2017-11-08,-0.013154090777681371,-0.013154090777681371,-0.013154090777681371,-0.0,-0.0,0.0,0.0,0.0,-0.013154090777681371,-0.013154090777681371,-0.013154090777681371,-0.013154090777681371,0.013154090777681371,0.013154090777681371,0.013154090777681371,0.0
2017-11-09,0.0018065524144328382,0.0018065524144328382,0.0,0.0,0.0018065524144328382,-0.0018065524144328382,-0.0018065524144328382,-0.0,0.0018065524144328382,0.0018065524144328382,0.0018065524144328382,0.0018065524144328382,0.0018065524144328382,0.0018065524144328382,-0.0,-0.0
2017-11-10,0.0,0.0,0.0,0.0,0.0,-0.0,-0.0,-0.0,0.0013159177307731085,0.0013159177307731085,0.0013159177307731085,0.0013159177307731085,0.0013159177307731085,0.0013159177307731085,0.0013159177307731085,0.0013159177307731085
2017-11-13,-0.0026283767339985165,-0.0026283767339985165,-0.0026283767339985165,0.0,-0.0026283767339985165,-0.0,-0.0,-0.0,0.0026283767339985165,0.0026283767339985165,0.0026283767339985165,0.0026283767339985165,0.0026283767339985165,0.0026283767339985165,0.0026283767339985165,-0.0
2017-11-14,0.001747657653284218,-0.0,-0.0,-0.0,-0.0,0.0,0.0,0.0,-0.001747657653284218,-0.001747657653284218,-0.001747657653284218,-0.001747657653284218,-0.001747657653284218,-0.001747657653284218,-0.001747657653284218,-0.001747657653284218
2017-11-15,-0.008170014103000778,-0.008170014103000778,0.0,0.0,0.008170014103000778,-0.0,-0.0,-0.0,0.008170014103000778,0.008170014103000778,0.008170014103000778,0.008170014103000778,0.008170014103000778,0.008170014103000778,0.008170014103000778,-0.0
2017-11-16,0.011383917804254517,-0.0,-0.0,-0.0,-0.0,0.0,0.0,0.0,-0.011383917804254517,-0.011383917804254517,-0.011383917804254517,-0.011383917804254517,-0.011383917804254517,-0.011383917804254517,-0.011383917804254517,-0.011383917804254517
2017-11-17,0.007953159307148017,0.007953159307148017,0.0,0.0,0.007953159307148017,-0.007953159307148017,-0.007953159307148017,-0.0,0.007953159307148017,0.007953159307148017,0.007953159307148017,-0.0,0.007953159307148017,0.007953159307148017,0.007953159307148017,0.007953159307148017
2017-11-20,0.0,0.0,0.0,0.0,-0.009052183173588801,0.009052183173588801,0.009052183173588801,-0.0,0.009052183173588801,0.009052183173588801,0.009052183173588801,0.009052183173588801,0.009052183173588801,0.009052183173588801,0.009052183173588801,0.009052183173588801
2017-11-21,-0.003933797073638612,-0.0,-0.0,-0.0,-0.0,0.0,0.0,0.0,-0.003933797073638612,-0.003933797073638612,0.0,0.0,-0.003933797073638612,-0.003933797073638612,-0.003933797073638612,-0.003933797073638612
2017-11-22,0.009199056013100115,0.009199056013100115,0.0,0.0,0.0,-0.0,-0.0,-0.0,-0.0,-0.0,-0.0,-0.0,0.009199056013100115,0.009199056013100115,0.009199056013100115,0.009199056013100115
2017-11-24,-0.004772358499570584,-0.0,-0.0,-0.0,-0.0,0.0,0.0,0.0,0.004772358499570584,0.004772358499570584,0.004772358499570584,0.0,-0.004772358499570584,-0.004772358499570584,-0.004772358499570584,-0.004772358499570584
2017-11-27,-0.01831782871391574,-0.01831782871391574,-0.0,-0.0,-0.01831782871391574,0.01831782871391574,0.01831782871391574,0.01831782871391574,0.01831782871391574,0.01831782871391574,0.01831782871391574,0.01831782871391574,-0.01831782871391574,-0.01831782871391574,-0.01831782871391574,-0.01831782871391574
2017-11-28,-0.002881985150449462,-0.002881985150449462,-0.002881985150449462,-0.0,-0.002881985150449462,0.002881985150449462,0.002881985150449462,0.0,0.002881985150449462,0.0,0.0,0.0,-0.002881985150449462,-0.002881985150449462,-0.002881985150449462,-0.002881985150449462
2017-11-29,-0.0024494194875814834,0.0,0.0,0.0,0.0,-0.0,-0.0,-0.0,-0.0,-0.0,-0.0,-0.0,0.0024494194875814834,0.0024494194875814834,0.0024494194875814834,0.0024494194875814834
2017-11-30,0.013096808874554111,0.013096808874554111,0.013096808874554111,0.013096808874554111,0.013096808874554111,0.0,0.0,0.0,0.0,0.0,0.0,0.0,-0.013096808874554111,-0.013096808874554111,-0.013096808874554111,-0.013096808874554111
2017-12-01,0.009928200049517333,0.009928200049517333,-0.0,-0.0,-0.0,0.0,0.0,0.0,0.0,0.0,0.0,0.0,-0.009928200049517333,-0.009928200049517333,-0.009928200049517333,-0.009928200049517333
2017-12-04,0.013643752031808787,0.013643752031808787,0.013643752031808787,0.013643752031808787,0.013643752031808787,-0.013643752031808787,-0.013643752031808787,-0.013643752031808787,-0.013643752031808787,-0.013643752031808787,0.0,0.0,-0.013643752031808787,-0.013643752031808787,-0.013643752031808787,-0.013643752031808787
2017-12-05,0.005303802410542624,0.005303802410542624,0.005303802410542624,0.005303802410542624,0.005303802410542624,-0.005303802410542624,-0.005303802410542624,-0.005303802410542624,-0.005303802410542624,-0.005303802410542624,-0.005303802410542624,-0.005303802410542624,-0.005303802410542624,-0.005303802410542624,-0.005303802410542624,-0.005303802410542624
2017-12-06,-0.005102691019569505,-0.005102691019569505,-0.005102691019569505,-0.005102691019569505,-0.005102691019569505,0.005102691019569505,0.005102691019569505,0.005102691019569505,0.005102691019569505,0.005102691019569505,0.005102691019569505,0.005102691019569505,0.005102691019569505,0.005102691019569505,0.005102691019569505,0.005102691019569505
2017-12-07,0.007384415637108677,0.007384415637108677,0.007384415637108677,0.007384415637108677,0.007384415637108677,-0.007384415637108677,-0.007384415637108677,-0.007384415637108677,-0.007384415637108677,-0.007384415637108677,-0.007384415637108677,-0.007384415637108677,-0.007384415637108677,-0.007384415637108677,-0.007384415637108677,-0.007384415637108677
2017-12-08,0.00510944429683835,0.00510944429683835,0.00510944429683835,0.00510944429683835,0.00510944429683835,-0.00510944429683835,-0.00510944429683835,-0.00510944429683835,-0.00510944429683835,-0.00510944429683835,-0.00510944429683835,-0.00510944429683835,-0.00510944429683835,-0.00510944429683835,-0.00510944429683835,-0.00510944429683835
2017-12-11,-0.03478912878243201,-0.03478912878243201,-0.03478912878243201,-0.03478912878243201,-0.03478912878243201,0.03478912878243201,0.03478912878243201,0.03478912878243201,0.03478912878243201,0.03478912878243201,0.03478912878243201,0.03478912878243201,0.03478912878243201,0.03478912878243201,0.03478912878243201,0.03478912878243201
2017-12-12,0.0033748573130181203,0.0033748573130181203,0.0033748573130181203,0.0033748573130181203,0.0033748573130181203,-0.0033748573130181203,-0.0033748573130181203,-0.0033748573130181203,-0.0033748573130181203,-0.0033748573130181203,-0.0033748573130181203,-0.0033748573130181203,-0.0033748573130181203,-0.0033748573130181203,-0.0033748573130181203,-0.0033748573130181203
2017-12-13,-0.0036352771276331186,-0.0036352771276331186,-0.0036352771276331186,-0.0036352771276331186,0.0036352771276331186,-0.0036352771276331186,-0.0036352771276331186,0.0,-0.0036352771276331186,-0.0036352771276331186,-0.0036352771276331186,0.0,-0.0036352771276331186,-0.0036352771276331186,-0.0036352771276331186,-0.0036352771276331186
2017-12-14,0.014944022391043532,0.014944022391043532,0.014944022391043532,0.014944022391043532,-0.014944022391043532,0.014944022391043532,0.014944022391043532,-0.0,0.014944022391043532,0.014944022391043532,0.014944022391043532,0.014944022391043532,0.014944022391043532,0.014944022391043532,0.014944022391043532,0.014944022391043532
2017-12-15,-0.0004431969271679881,-0.0004431969271679881,-0.0,-0.0,0.0004431969271679881,-0.0004431969271679881,-0.0004431969271679881,-0.0004431969271679881,-0.0004431969271679881,-0.0004431969271679881,-0.0004431969271679881,-0.0004431969271679881,-0.0004431969271679881,-0.0004431969271679881,-0.0004431969271679881,-0.0004431969271679881
2017-12-18,0.01739087594836941,0.01739087594836941,0.01739087594836941,0.01739087594836941,0.01739087594836941,-0.0,-0.0,-0.0,0.01739087594836941,0.01739087594836941,0.01739087594836941,0.01739087594836941,0.01739087594836941,0.01739087594836941,0.01739087594836941,0.01739087594836941
2017-12-19,0.004212871047406974,0.004212871047406974,0.004212871047406974,0.004212871047406974,0.004212871047406974,-0.004212871047406974,-0.004212871047406974,-0.0,0.004212871047406974,-0.0,-0.0,-0.0,0.004212871047406974,0.004212871047406974,0.004212871047406974,0.004212871047406974
2017-12-20,0.01239270903655143,0.01239270903655143,0.01239270903655143,0.01239270903655143,0.01239270903655143,-0.01239270903655143,-0.01239270903655143,-0.01239270903655143,-0.0,-0.0,-0.0,-0.0,0.01239270903655143,0.01239270903655143,0.01239270903655143,0.01239270903655143
2017-12-21,0.01309835675160742,0.01309835675160742,0.01309835675160742,0.01309835675160742,0.01309835675160742,-0.01309835675160742,-0.01309835675160742,-0.01309835675160742,0.01309835675160742,-0.0,-0.0,-0.0,0.01309835675160742,-0.0,-0.0,-0.0
2017-12-22,-0.0013164080865067929,-0.0013164080865067929,-0.0013164080865067929,-0.0013164080865067929,-0.0013164080865067929,0.0013164080865067929,0.0013164080865067929,0.0013164080865067929,0.0013164080865067929,0.0013164080865067929,0.0,0.0,0.0,0.0,0.0,0.0
2017-12-26,0.0017418322191884439,0.0017418322191884439,0.0017418322191884439,0.0017418322191884439,0.0017418322191884439,-0.0017418322191884439,-0.0017418322191884439,-0.0017418322191884439,-0.0017418322191884439,-0.0017418322191884439,-0.0017418322191884439,-0.0,-0.0017418322191884439,-0.0017418322191884439,-0.0017418322191884439,-0.0
2017-12-27,0.000657925654401037,0.000657925654401037,0.000657925654401037,0.000657925654401037,0.000657925654401037,-0.000657925654401037,-0.000657925654401037,-0.000657925654401037,-0.000657925654401037,-0.000657925654401037,-0.000657925654401037,-0.0,-0.000657925654401037,-0.000657925654401037,-0.0,-0.0
2017-12-28,0.025172591931620802,0.025172591931620802,0.025172591931620802,0.025172591931620802,0.025172591931620802,-0.025172591931620802,-0.025172591931620802,-0.025172591931620802,-0.025172591931620802,-0.025172591931620802,-0.025172591931620802,-0.025172591931620802,-0.0,-0.0,-0.0,-0.0
2017-12-29,-0.010307389252828925,-0.010307389252828925,-0.010307389252828925,-0.010307389252828925,-0.010307389252828925,0.010307389252828925,0.010307389252828925,0.010307389252828925,0.010307389252828925,0.010307389252828925,0.010307389252828925,0.010307389252828925,0.0,0.0,0.0,0.0
2018-01-02,0.006387705980374081,0.006387705980374081,0.006387705980374081,0.006387705980374081,0.006387705980374081,-0.006387705980374081,-0.006387705980374081,-0.006387705980374081,-0.006387705980374081,-0.006387705980374081,-0.006387705980374081,-0.006387705980374081,-0.006387705980374081,-0.006387705980374081,-0.006387705980374081,-0.006387705980374081
2018-01-03,-0.002299696440069998,-0.002299696440069998,-0.002299696440069998,-0.0,-0.002299696440069998,0.002299696440069998,0.002299696440069998,0.002299696440069998,0.002299696440069998,0.002299696440069998,0.002299696440069998,0.002299696440069998,0.002299696440069998,0.0,0.0,0.0
2018-01-04,-0.009727088327493916,-0.009727088327493916,-0.009727088327493916,-0.009727088327493916,-0.009727088327493916,0.009727088327493916,0.009727088327493916,0.009727088327493916,0.009727088327493916,0.009727088327493916,0.009727088327493916,0.009727088327493916,0.009727088327493916,0.0,0.0,0.0
2018-01-05,-0.013686513663237254,-0.013686513663237254,-0.013686513663237254,-0.0,-0.013686513663237254,0.013686513663237254,0.013686513663237254,0.013686513663237254,0.013686513663237254,0.013686513663237254,0.013686513663237254,0.013686513663237254,0.013686513663237254,0.013686513663237254,0.0,0.0
2018-01-08,0.006088639259923534,0.0,0.0,0.0,0.006088639259923534,-0.006088639259923534,-0.006088639259923534,-0.006088639259923534,-0.006088639259923534,-0.006088639259923534,-0.006088639259923534,-0.006088639259923534,0.006088639259923534,-0.0,-0.0,-0.0
2018-01-09,-0.005019703509101081,-0.005019703509101081,-0.005019703509101081,-0.005019703509101081,0.005019703509101081,-0.0,-0.0,-0.0,-0.005019703509101081,-0.005019703509101081,-0.005019703509101081,-0.005019703509101081,0.005019703509101081,0.005019703509101081,0.005019703509101081,-0.0
2018-01-10,-0.02749381505858195,-0.02749381505858195,0.0,0.0,0.0,-0.0,-0.0,-0.0,-0.02749381505858195,-0.02749381505858195,-0.02749381505858195,-0.02749381505858195,0.02749381505858195,0.02749381505858195,0.02749381505858195,-0.0
2018-01-11,-0.015854988188261032,-0.015854988188261032,0.0,0.0,0.015854988188261032,-0.0,-0.0,-0.0,-0.015854988188261032,-0.015854988188261032,-0.015854988188261032,-0.015854988188261032,-0.0,-0.0,-0.0,-0.0
2018-01-12,-0.018514377711193686,-0.018514377711193686,-0.0,-0.0,-0.018514377711193686,0.018514377711193686,0.018514377711193686,0.018514377711193686,0.018514377711193686,0.018514377711193686,0.018514377711193686,0.018514377711193686,0.018514377711193686,0.018514377711193686,0.018514377711193686,0.018514377711193686
2018-01-16,-0.013714858522804851,-0.013714858522804851,-0.013714858522804851,-0.013714858522804851,-0.013714858522804851,0.013714858522804851,0.013714858522804851,0.013714858522804851,0.013714858522804851,0.013714858522804851,0.013714858522804851,0.013714858522804851,0.013714858522804851,0.013714858522804851,0.013714858522804851,0.013714858522804851
2018-01-17,0.0012473436200681753,0.0012473436200681753,0.0012473436200681753,0.0012473436200681753,0.0012473436200681753,-0.0,-0.0,-0.0,-0.0012473436200681753,-0.0012473436200681753,-0.0012473436200681753,-0.0012473436200681753,-0.0012473436200681753,-0.0012473436200681753,-0.0012473436200681753,-0.0012473436200681753
2018-01-18,0.0031836847690676073,0.0031836847690676073,0.0031836847690676073,0.0,0.0,-0.0,-0.0,-0.0,-0.0031836847690676073,-0.0031836847690676073,-0.0031836847690676073,-0.0031836847690676073,-0.0031836847690676073,-0.0031836847690676073,-0.0031836847690676073,-0.0031836847690676073
2018-01-19,0.01623585686689344,0.01623585686689344,0.0,0.0,0.0,-0.0,-0.0,-0.0,-0.01623585686689344,-0.01623585686689344,-0.01623585686689344,-0.01623585686689344,-0.01623585686689344,-0.01623585686689344,-0.01623585686689344,-0.01623585686689344
2018-01-22,-0.021588594704684327,-0.021588594704684327,0.0,0.0,0.0,-0.0,-0.0,-0.0,-0.021588594704684327,-0.021588594704684327,-0.021588594704684327,-0.021588594704684327,-0.021588594704684327,-0.021588594704684327,-0.021588594704684327,-0.021588594704684327
2018-01-23,0.020334928229665095,0.020334928229665095,-0.0,-0.0,-0.020334928229665095,0.020334928229665095,0.020334928229665095,0.020334928229665095,0.020334928229665095,0.020334928229665095,0.020334928229665095,0.020334928229665095,0.020334928229665095,0.020334928229665095,0.020334928229665095,0.020334928229665095
2018-01-24,0.008727897616786606,0.008727897616786606,0.008727897616786606,0.008727897616786606,0.008727897616786606,-0.008727897616786606,-0.008727897616786606,-0.008727897616786606,-0.008727897616786606,-0.008727897616786606,-0.008727897616786606,-0.008727897616786606,-0.008727897616786606,-0.008727897616786606,-0.008727897616786606,-0.008727897616786606
2018-01-25,-0.02712274724289432,-0.02712274724289432,-0.02712274724289432,-0.02712274724289432,-0.02712274724289432,0.02712274724289432,0.02712274724289432,0.02712274724289432,0.02712274724289432,0.02712274724289432,0.02712274724289432,0.02712274724289432,0.02712274724289432,0.02712274724289432,0.02712274724289432,0.02712274724289432
2018-01-26,-0.008478871941385191,-0.008478871941385191,-0.008478871941385191,-0.008478871941385191,-0.008478871941385191,0.008478871941385191,0.008478871941385191,0.008478871941385191,0.008478871941385191,0.008478871941385191,0.008478871941385191,0.008478871941385191,0.008478871941385191,0.008478871941385191,0.008478871941385191,0.008478871941385191
2018-01-29,0.0,0.0,0.0,0.0,-0.012176418645722054,0.012176418645722054,-0.0,-0.0,-0.012176418645722054,-0.012176418645722054,-0.012176418645722054,-0.0,-0.012176418645722054,-0.012176418645722054,-0.012176418645722054,-0.012176418645722054
2018-01-30,0.001698884246292276,0.001698884246292276,0.001698884246292276,0.001698884246292276,0.001698884246292276,-0.001698884246292276,-0.001698884246292276,-0.001698884246292276,0.001698884246292276,0.001698884246292276,0.0,0.0,0.001698884246292276,0.001698884246292276,0.001698884246292276,0.001698884246292276
2018-01-31,0.03371354981142494,0.03371354981142494,0.03371354981142494,0.03371354981142494,0.03371354981142494,0.0,0.0,0.0,0.0,0.0,0.0,0.0,0.03371354981142494,0.03371354981142494,0.03371354981142494,0.03371354981142494
2018-02-01,0.008520158027512159,0.008520158027512159,0.008520158027512159,-0.0,-0.0,0.0,0.0,0.0,0.008520158027512159,0.0,0.0,0.0,0.008520158027512159,0.008520158027512159,0.008520158027512159,0.008520158027512159
2018-02-02,0.027316370619299035,0.027316370619299035,0.027316370619299035,0.027316370619299035,0.027316370619299035,-0.027316370619299035,-0.027316370619299035,-0.027316370619299035,-0.027316370619299035,-0.027316370619299035,-0.027316370619299035,-0.027316370619299035,0.027316370619299035,0.0,0.0,0.0
2018-02-05,0.012886826908839577,0.012886826908839577,0.012886826908839577,0.012886826908839577,0.012886826908839577,-0.012886826908839577,-0.012886826908839577,-0.012886826908839577,-0.012886826908839577,-0.012886826908839577,-0.012886826908839577,-0.012886826908839577,0.012886826908839577,0.0,0.0,0.0
2018-02-06,0.0073250366251831345,0.0073250366251831345,0.0073250366251831345,0.0073250366251831345,0.0073250366251831345,-0.0073250366251831345,-0.0073250366251831345,-0.0073250366251831345,-0.0073250366251831345,-0.0073250366251831345,-0.0073250366251831345,-0.0073250366251831345,-0.0073250366251831345,-0.0073250366251831345,-0.0073250366251831345,-0.0073250366251831345
2018-02-07,0.010854563953781371,0.010854563953781371,0.010854563953781371,0.010854563953781371,0.010854563953781371,-0.010854563953781371,-0.010854563953781371,-0.010854563953781371,-0.010854563953781371,-0.010854563953781371,-0.010854563953781371,-0.010854563953781371,-0.010854563953781371,-0.010854563953781371,-0.010854563953781371,-0.010854563953781371
2018-02-08,-0.02521145336313979,-0.02521145336313979,-0.02521145336313979,-0.02521145336313979,-0.02521145336313979,0.02521145336313979,0.02521145336313979,0.02521145336313979,0.02521145336313979,0.02521145336313979,0.02521145336313979,0.02521145336313979,0.02521145336313979,0.02521145336313979,0.02521145336313979,0.02521145336313979
2018-02-09,-0.0020364575572442423,-0.0020364575572442423,-0.0020364575572442423,-0.0020364575572442423,-0.0020364575572442423,0.0020364575572442423,0.0020364575572442423,0.0020364575572442423,0.0020364575572442423,0.0020364575572442423,0.0020364575572442423,0.0020364575572442423,0.0020364575572442423,0.0020364575572442423,0.0020364575572442423,0.0020364575572442423
2018-02-12,-0.045702389213839734,-0.045702389213839734,-0.045702389213839734,-0.045702389213839734,-0.045702389213839734,0.045702389213839734,0.045702389213839734,0.045702389213839734,0.045702389213839734,0.045702389213839734,0.045702389213839734,0.045702389213839734,0.045702389213839734,0.045702389213839734,0.045702389213839734,0.045702389213839734
2018-02-13,0.0,0.0,0.0,0.0,-0.0,0.0,0.0,0.0,0.0,0.0,0.0,0.0,0.0,0.0,0.0,0.0
2018-02-14,-0.022184300341296925,-0.022184300341296925,-0.022184300341296925,-0.022184300341296925,0.022184300341296925,-0.022184300341296925,-0.022184300341296925,-0.022184300341296925,-0.022184300341296925,-0.022184300341296925,-0.022184300341296925,-0.022184300341296925,0.022184300341296925,0.022184300341296925,0.022184300341296925,0.022184300341296925
2018-02-15,-0.0275353887919334,-0.0275353887919334,-0.0275353887919334,-0.0275353887919334,0.0275353887919334,-0.0275353887919334,-0.0275353887919334,-0.0275353887919334,-0.0275353887919334,-0.0275353887919334,-0.0275353887919334,-0.0275353887919334,0.0275353887919334,0.0275353887919334,0.0275353887919334,0.0
2018-02-16,-0.0039032901296111033,-0.0039032901296111033,-0.0039032901296111033,-0.0039032901296111033,0.0039032901296111033,-0.0039032901296111033,-0.0039032901296111033,0.0,-0.0039032901296111033,-0.0039032901296111033,-0.0039032901296111033,-0.0039032901296111033,0.0039032901296111033,0.0,0.0,0.0
2018-02-20,-0.0,-0.0,-0.0,-0.0,0.002522307911739241,-0.002522307911739241,-0.002522307911739241,-0.002522307911739241,-0.002522307911739241,-0.002522307911739241,-0.002522307911739241,-0.002522307911739241,-0.002522307911739241,-0.002522307911739241,-0.002522307911739241,-0.002522307911739241
2018-02-21,-0.010571312458294235,0.0,0.0,0.0,-0.010571312458294235,0.010571312458294235,-0.0,-0.0,0.010571312458294235,0.010571312458294235,0.010571312458294235,0.010571312458294235,0.010571312458294235,0.010571312458294235,0.010571312458294235,0.010571312458294235
2018-02-22,-0.010028795551583869,-0.010028795551583869,-0.010028795551583869,-0.010028795551583869,0.0,-0.0,-0.0,-0.0,0.010028795551583869,0.010028795551583869,0.010028795551583869,0.010028795551583869,0.010028795551583869,0.010028795551583869,0.010028795551583869,0.010028795551583869
2018-02-23,0.031552300432559965,0.031552300432559965,0.031552300432559965,0.031552300432559965,-0.031552300432559965,0.031552300432559965,0.0,0.0,-0.031552300432559965,-0.031552300432559965,-0.031552300432559965,-0.031552300432559965,-0.031552300432559965,-0.031552300432559965,-0.031552300432559965,-0.031552300432559965
2018-02-26,0.006050116485044832,0.006050116485044832,-0.0,-0.0,-0.006050116485044832,0.006050116485044832,0.006050116485044832,0.006050116485044832,-0.006050116485044832,-0.006050116485044832,-0.006050116485044832,-0.006050116485044832,-0.006050116485044832,-0.006050116485044832,-0.006050116485044832,-0.006050116485044832
2018-02-27,-0.009830004749041388,-0.009830004749041388,-0.009830004749041388,0.0,-0.009830004749041388,0.009830004749041388,0.009830004749041388,0.009830004749041388,0.009830004749041388,0.009830004749041388,0.009830004749041388,0.009830004749041388,0.009830004749041388,0.009830004749041388,0.009830004749041388,0.009830004749041388
2018-02-28,0.003246457720197826,0.003246457720197826,0.003246457720197826,-0.0,0.003246457720197826,-0.003246457720197826,-0.003246457720197826,-0.003246457720197826,-0.003246457720197826,-0.003246457720197826,-0.003246457720197826,-0.003246457720197826,-0.003246457720197826,-0.003246457720197826,-0.003246457720197826,-0.003246457720197826
2018-03-01,-0.006514063070741427,0.0,0.0,0.0,-0.006514063070741427,0.006514063070741427,0.006514063070741427,0.006514063070741427,0.006514063070741427,0.006514063070741427,0.006514063070741427,0.006514063070741427,0.006514063070741427,0.006514063070741427,0.006514063070741427,0.006514063070741427
2018-03-02,-0.017812859130224457,-0.017812859130224457,-0.017812859130224457,-0.017812859130224457,-0.017812859130224457,0.017812859130224457,0.017812859130224457,0.017812859130224457,0.017812859130224457,0.017812859130224457,0.017812859130224457,0.017812859130224457,0.017812859130224457,0.017812859130224457,0.017812859130224457,0.017812859130224457
2018-03-05,0.020680433813697774,0.020680433813697774,0.020680433813697774,0.020680433813697774,0.020680433813697774,-0.020680433813697774,-0.020680433813697774,-0.020680433813697774,-0.020680433813697774,-0.020680433813697774,-0.020680433813697774,-0.020680433813697774,-0.020680433813697774,0.0,0.0,0.0
2018-03-06,0.003711682191005039,0.003711682191005039,0.003711682191005039,0.003711682191005039,0.003711682191005039,-0.0,-0.0,-0.0,0.003711682191005039,0.003711682191005039,0.003711682191005039,0.003711682191005039,-0.003711682191005039,-0.003711682191005039,-0.003711682191005039,-0.003711682191005039
2018-03-07,-0.003697956551529491,-0.0,-0.0,-0.0,0.003697956551529491,-0.003697956551529491,0.0,0.0,-0.003697956551529491,-0.003697956551529491,-0.003697956551529491,-0.003697956551529491,0.003697956551529491,0.0,0.0,0.0
2018-03-08,0.0,0.0,0.0,0.0,0.0,-0.0,-0.0,-0.0,0.008576311983575557,-0.0,-0.0,-0.0,-0.008576311983575557,-0.0,-0.0,-0.0
2018-03-09,-0.0,-0.0,-0.0,-0.0,0.0032539483579845374,-0.0032539483579845374,-0.0032539483579845374,0.0,0.0,0.0,0.0,0.0,0.0032539483579845374,0.0032539483579845374,0.0,0.0
2018-03-12,0.002756525369590701,0.0,0.0,0.0,-0.002756525369590701,0.002756525369590701,0.002756525369590701,-0.0,-0.002756525369590701,-0.002756525369590701,-0.002756525369590701,-0.0,-0.002756525369590701,-0.002756525369590701,-0.002756525369590701,-0.002756525369590701
2018-03-13,0.01369959217252148,0.01369959217252148,0.01369959217252148,-0.0,-0.01369959217252148,0.0,0.0,0.0,-0.01369959217252148,-0.01369959217252148,0.0,0.0,-0.01369959217252148,-0.01369959217252148,0.0,0.0
2018-03-14,-0.0005187724419941642,-0.0,-0.0,-0.0,-0.0005187724419941642,0.0005187724419941642,0.0005187724419941642,0.0,-0.0005187724419941642,-0.0005187724419941642,0.0,0.0,-0.0005187724419941642,0.0,0.0,0.0
2018-03-15,-0.003032831932260116,0.0,0.0,0.0,-0.003032831932260116,-0.0,-0.0,-0.0,0.003032831932260116,0.003032831932260116,0.003032831932260116,0.003032831932260116,0.003032831932260116,0.003032831932260116,0.003032831932260116,-0.0
2018-03-16,0.010232761069848717,-0.0,-0.0,-0.0,-0.0,0.0,0.0,0.0,-0.010232761069848717,-0.010232761069848717,-0.010232761069848717,-0.010232761069848717,-0.010232761069848717,-0.010232761069848717,-0.010232761069848717,-0.010232761069848717
2018-03-19,-0.027243137958430585,-0.027243137958430585,0.0,0.0,-0.027243137958430585,-0.0,-0.0,-0.0,0.027243137958430585,0.027243137958430585,0.027243137958430585,0.027243137958430585,0.027243137958430585,0.027243137958430585,0.027243137958430585,0.027243137958430585
2018-03-20,0.015997205728257025,0.015997205728257025,0.015997205728257025,-0.0,0.015997205728257025,-0.015997205728257025,-0.015997205728257025,-0.015997205728257025,-0.015997205728257025,-0.015997205728257025,-0.015997205728257025,-0.015997205728257025,-0.015997205728257025,-0.015997205728257025,-0.015997205728257025,-0.015997205728257025
2018-03-21,0.02842741526541026,0.0,0.0,0.0,0.02842741526541026,-0.02842741526541026,-0.0,-0.0,-0.0,-0.0,-0.0,-0.0,0.02842741526541026,0.02842741526541026,0.02842741526541026,0.02842741526541026
2018-03-22,0.0,0.0,0.0,0.0,-0.014397712144371688,-0.0,-0.0,-0.0,0.014397712144371688,0.014397712144371688,-0.0,-0.0,0.014397712144371688,0.014397712144371688,0.014397712144371688,0.014397712144371688
2018-03-23,-0.020269284985174774,-0.020269284985174774,-0.020269284985174774,-0.020269284985174774,-0.020269284985174774,0.020269284985174774,0.020269284985174774,0.020269284985174774,0.020269284985174774,0.0,0.0,0.0,-0.020269284985174774,-0.020269284985174774,-0.020269284985174774,-0.020269284985174774
2018-03-26,-0.014789640801746273,-0.014789640801746273,-0.014789640801746273,-0.014789640801746273,-0.014789640801746273,0.014789640801746273,0.014789640801746273,0.014789640801746273,0.014789640801746273,0.014789640801746273,0.0,0.0,-0.014789640801746273,-0.014789640801746273,-0.014789640801746273,-0.014789640801746273
2018-03-27,0.01430664873929266,0.01430664873929266,0.01430664873929266,0.01430664873929266,0.01430664873929266,-0.01430664873929266,-0.0,-0.0,-0.01430664873929266,-0.01430664873929266,-0.01430664873929266,-0.01430664873929266,0.01430664873929266,0.01430664873929266,0.01430664873929266,0.01430664873929266
2018-03-28,-0.01186575315261651,0.0,0.0,0.0,0.0,-0.0,-0.0,-0.0,-0.01186575315261651,-0.01186575315261651,-0.0,-0.0,0.01186575315261651,0.01186575315261651,0.01186575315261651,0.01186575315261651
2018-03-29,-0.013983612187821959,-0.013983612187821959,-0.013983612187821959,-0.013983612187821959,-0.013983612187821959,0.013983612187821959,0.013983612187821959,0.013983612187821959,0.013983612187821959,0.013983612187821959,0.013983612187821959,0.0,-0.013983612187821959,-0.013983612187821959,-0.013983612187821959,-0.013983612187821959
2018-04-02,-0.0,-0.0,-0.0,-0.0,-0.0017914012738854401,0.0017914012738854401,0.0017914012738854401,0.0017914012738854401,0.0017914012738854401,0.0017914012738854401,0.0017914012738854401,0.0017914012738854401,-0.0017914012738854401,-0.0017914012738854401,-0.0017914012738854401,-0.0017914012738854401
2018-04-03,-0.0038883349950151747,-0.0038883349950151747,-0.0038883349950151747,-0.0038883349950151747,0.0038883349950151747,-0.0038883349950151747,-0.0038883349950151747,-0.0,-0.0038883349950151747,-0.0038883349950151747,-0.0,-0.0,0.0038883349950151747,0.0038883349950151747,0.0038883349950151747,0.0038883349950151747
2018-04-04,0.0,0.0,0.0,0.0,0.005214023239646259,-0.005214023239646259,-0.005214023239646259,-0.005214023239646259,0.005214023239646259,-0.0,-0.0,-0.0,0.005214023239646259,0.005214023239646259,0.005214023239646259,0.005214023239646259
2018-04-05,-0.004396581534357513,-0.004396581534357513,-0.0,-0.0,-0.0,0.0,0.0,0.0,0.004396581534357513,0.004396581534357513,0.004396581534357513,0.0,-0.004396581534357513,-0.004396581534357513,-0.004396581534357513,-0.004396581534357513
2018-04-06,0.012851046938572974,0.0,0.0,0.0,0.012851046938572974,-0.012851046938572974,-0.012851046938572974,-0.012851046938572974,-0.012851046938572974,-0.012851046938572974,-0.012851046938572974,-0.0,0.012851046938572974,0.012851046938572974,0.012851046938572974,0.012851046938572974
2018-04-09,-0.021309949541958417,-0.021309949541958417,0.0,0.0,-0.021309949541958417,-0.0,-0.0,-0.0,-0.021309949541958417,-0.021309949541958417,-0.021309949541958417,-0.0,0.021309949541958417,0.021309949541958417,0.021309949541958417,0.021309949541958417
2018-04-10,-0.011751726784343663,-0.011751726784343663,-0.011751726784343663,-0.0,0.011751726784343663,0.0,0.0,0.0,0.011751726784343663,0.011751726784343663,0.011751726784343663,0.011751726784343663,-0.011751726784343663,-0.011751726784343663,-0.011751726784343663,-0.011751726784343663
2018-04-11,0.019026355385137972,0.019026355385137972,0.019026355385137972,0.019026355385137972,0.019026355385137972,-0.019026355385137972,-0.019026355385137972,-0.019026355385137972,-0.019026355385137972,-0.019026355385137972,-0.019026355385137972,-0.019026355385137972,0.019026355385137972,0.019026355385137972,0.019026355385137972,0.019026355385137972
2018-04-12,-0.004381995713265141,-0.004381995713265141,-0.004381995713265141,-0.004381995713265141,-0.004381995713265141,0.004381995713265141,0.004381995713265141,0.004381995713265141,0.004381995713265141,0.004381995713265141,0.004381995713265141,0.004381995713265141,-0.004381995713265141,-0.004381995713265141,-0.004381995713265141,-0.004381995713265141
2018-04-13,0.006123522939291082,0.006123522939291082,0.006123522939291082,0.006123522939291082,0.006123522939291082,-0.006123522939291082,-0.006123522939291082,-0.006123522939291082,-0.006123522939291082,-0.006123522939291082,-0.006123522939291082,-0.006123522939291082,0.006123522939291082,0.006123522939291082,0.006123522939291082,0.006123522939291082
2018-04-16,0.0019970519709002765,0.0019970519709002765,0.0019970519709002765,0.0019970519709002765,0.0019970519709002765,-0.0019970519709002765,-0.0019970519709002765,-0.0019970519709002765,-0.0019970519709002765,-0.0019970519709002765,-0.0019970519709002765,-0.0019970519709002765,0.0019970519709002765,0.0019970519709002765,0.0019970519709002765,0.0019970519709002765
2018-04-17,0.002799791202012125,0.002799791202012125,0.002799791202012125,0.002799791202012125,0.002799791202012125,-0.002799791202012125,-0.002799791202012125,-0.002799791202012125,-0.002799791202012125,-0.002799791202012125,-0.002799791202012125,-0.002799791202012125,0.002799791202012125,0.002799791202012125,0.002799791202012125,0.002799791202012125
2018-04-18,-0.01471701684648874,-0.01471701684648874,-0.0,-0.0,-0.01471701684648874,0.01471701684648874,0.01471701684648874,0.01471701684648874,0.01471701684648874,0.01471701684648874,0.01471701684648874,0.01471701684648874,-0.01471701684648874,-0.01471701684648874,-0.01471701684648874,-0.01471701684648874
2018-04-19,-0.012775563133375023,-0.012775563133375023,-0.012775563133375023,-0.012775563133375023,-0.012775563133375023,0.012775563133375023,0.012775563133375023,0.012775563133375023,0.012775563133375023,0.012775563133375023,0.012775563133375023,0.012775563133375023,-0.012775563133375023,-0.012775563133375023,-0.012775563133375023,-0.012775563133375023
2018-04-20,-0.013476039892970082,0.0,0.0,0.0,0.013476039892970082,-0.013476039892970082,-0.013476039892970082,-0.013476039892970082,-0.013476039892970082,-0.013476039892970082,-0.013476039892970082,-0.013476039892970082,0.013476039892970082,0.013476039892970082,0.013476039892970082,0.013476039892970082
2018-04-23,0.009792626728110654,0.009792626728110654,0.009792626728110654,-0.0,-0.009792626728110654,0.009792626728110654,0.009792626728110654,0.0,0.009792626728110654,0.009792626728110654,0.0,0.0,-0.009792626728110654,-0.009792626728110654,-0.009792626728110654,-0.009792626728110654
2018-04-24,-0.004023657165018291,0.0,0.0,0.0,0.004023657165018291,-0.004023657165018291,-0.004023657165018291,-0.004023657165018291,-0.004023657165018291,-0.004023657165018291,-0.0,-0.0,0.004023657165018291,0.004023657165018291,0.004023657165018291,0.004023657165018291
2018-04-25,-0.006614842354304429,-0.006614842354304429,-0.006614842354304429,-0.006614842354304429,-0.006614842354304429,0.006614842354304429,-0.0,-0.0,-0.006614842354304429,-0.006614842354304429,-0.006614842354304429,-0.006614842354304429,0.006614842354304429,0.006614842354304429,0.006614842354304429,0.006614842354304429
2018-04-26,0.02024174980813509,0.02024174980813509,0.02024174980813509,-0.0,-0.02024174980813509,0.0,0.0,0.0,0.02024174980813509,0.02024174980813509,0.02024174980813509,0.02024174980813509,-0.02024174980813509,-0.02024174980813509,-0.02024174980813509,-0.02024174980813509
2018-04-27,0.0,0.0,0.0,0.0,-0.001811416821698053,-0.0,-0.0,-0.0,-0.001811416821698053,-0.001811416821698053,-0.001811416821698053,-0.001811416821698053,0.001811416821698053,0.001811416821698053,0.001811416821698053,0.001811416821698053
2018-04-30,-0.0031275961491472604,0.0,0.0,0.0,-0.0031275961491472604,0.0031275961491472604,0.0031275961491472604,0.0031275961491472604,-0.0,-0.0,-0.0,-0.0,0.0031275961491472604,0.0031275961491472604,0.0031275961491472604,0.0031275961491472604
2018-05-01,-0.011838066936230351,-0.011838066936230351,-0.011838066936230351,0.0,-0.011838066936230351,0.011838066936230351,0.011838066936230351,0.011838066936230351,-0.011838066936230351,-0.011838066936230351,-0.011838066936230351,-0.0,0.011838066936230351,0.011838066936230351,0.011838066936230351,0.011838066936230351
2018-05-02,-0.0,-0.0,-0.0,-0.0,0.0006740491092922518,-0.0006740491092922518,-0.0006740491092922518,-0.0006740491092922518,0.0006740491092922518,0.0006740491092922518,0.0006740491092922518,0.0006740491092922518,-0.0006740491092922518,-0.0006740491092922518,0.0,0.0
2018-05-03,0.0,0.0,0.0,0.0,-0.0011081133166312984,0.0011081133166312984,0.0011081133166312984,-0.0,-0.0011081133166312984,-0.0011081133166312984,-0.0011081133166312984,-0.0011081133166312984,-0.0011081133166312984,-0.0011081133166312984,-0.0011081133166312984,-0.0011081133166312984
2018-05-04,0.0,0.0,0.0,0.0,0.0,-0.0,-0.0,-0.0,-0.0006737571586696856,-0.0006737571586696856,-0.0006737571586696856,-0.0006737571586696856,-0.0006737571586696856,-0.0006737571586696856,-0.0006737571586696856,-0.0006737571586696856
2018-05-07,-0.002645120954167246,-0.002645120954167246,-0.002645120954167246,-0.0,-0.002645120954167246,0.002645120954167246,0.0,0.0,0.002645120954167246,0.002645120954167246,0.002645120954167246,0.002645120954167246,0.002645120954167246,0.002645120954167246,0.002645120954167246,0.002645120954167246
2018-05-08,0.015044845211688695,0.015044845211688695,0.015044845211688695,0.0,0.0,-0.0,-0.0,-0.0,-0.015044845211688695,-0.015044845211688695,-0.015044845211688695,-0.0,-0.015044845211688695,-0.015044845211688695,-0.015044845211688695,-0.015044845211688695
2018-05-09,-0.003515439429928824,-0.003515439429928824,-0.0,-0.0,-0.003515439429928824,0.0,0.0,0.0,-0.003515439429928824,0.0,0.0,0.0,0.003515439429928824,0.003515439429928824,0.003515439429928824,0.003515439429928824
2018-05-10,-0.004338291380625359,-0.004338291380625359,-0.0,-0.0,-0.004338291380625359,0.004338291380625359,0.004338291380625359,0.0,0.004338291380625359,0.004338291380625359,0.004338291380625359,0.004338291380625359,0.004338291380625359,0.004338291380625359,0.004338291380625359,0.004338291380625359
2018-05-11,-0.02283935839118989,-0.02283935839118989,-0.0,-0.0,-0.02283935839118989,0.0,0.0,0.0,0.0,0.0,0.0,0.0,-0.02283935839118989,0.0,0.0,0.0
2018-05-14,0.0013720109760877452,0.0,0.0,0.0,0.0013720109760877452,-0.0013720109760877452,-0.0013720109760877452,-0.0013720109760877452,-0.0,-0.0,-0.0,-0.0,0.0013720109760877452,0.0013720109760877452,-0.0,-0.0
2018-05-15,0.004061460168330311,0.004061460168330311,0.004061460168330311,-0.0,-0.0,0.0,0.0,0.0,-0.004061460168330311,-0.004061460168330311,-0.004061460168330311,-0.004061460168330311,-0.004061460168330311,-0.004061460168330311,0.0,0.0
2018-05-16,-0.0002456640298726942,-0.0002456640298726942,0.0,0.0,0.0,-0.0,-0.0,-0.0,0.0002456640298726942,0.0002456640298726942,0.0002456640298726942,0.0002456640298726942,-0.0002456640298726942,-0.0002456640298726942,-0.0002456640298726942,-0.0
2018-05-17,-0.00559976422045394,-0.00559976422045394,-0.00559976422045394,-0.00559976422045394,-0.00559976422045394,0.00559976422045394,0.00559976422045394,0.00559976422045394,0.00559976422045394,0.00559976422045394,0.00559976422045394,0.00559976422045394,-0.00559976422045394,-0.00559976422045394,-0.00559976422045394,-0.0
2018-05-18,0.009378663540445475,0.009378663540445475,0.009378663540445475,0.009378663540445475,0.009378663540445475,-0.009378663540445475,-0.009378663540445475,0.0,-0.009378663540445475,-0.009378663540445475,-0.009378663540445475,-0.009378663540445475,0.009378663540445475,0.009378663540445475,0.009378663540445475,0.009378663540445475
2018-05-21,-0.010404339250493111,-0.010404339250493111,-0.010404339250493111,0.0,-0.010404339250493111,0.010404339250493111,-0.0,-0.0,-0.0,-0.0,-0.0,-0.0,-0.010404339250493111,-0.010404339250493111,-0.010404339250493111,-0.0
2018-05-22,-0.012932506954272727,0.0,0.0,0.0,-0.012932506954272727,0.012932506954272727,0.012932506954272727,0.012932506954272727,0.012932506954272727,0.012932506954272727,0.012932506954272727,0.012932506954272727,-0.0,-0.0,-0.0,-0.0
2018-05-23,-0.0,-0.0,-0.0,-0.0,0.014550009635767913,-0.014550009635767913,0.0,0.0,-0.014550009635767913,0.0,0.0,0.0,0.014550009635767913,0.014550009635767913,0.014550009635767913,0.014550009635767913
2018-05-24,-0.006502395619438661,-0.006502395619438661,-0.006502395619438661,-0.0,0.006502395619438661,-0.006502395619438661,0.0,0.0,0.0,0.0,0.0,0.0,0.006502395619438661,0.006502395619438661,0.006502395619438661,0.006502395619438661
2018-05-25,0.0,0.0,0.0,0.0,-0.012843856109443497,0.012843856109443497,0.012843856109443497,0.012843856109443497,0.012843856109443497,0.012843856109443497,0.012843856109443497,-0.0,-0.012843856109443497,-0.012843856109443497,-0.012843856109443497,-0.012843856109443497
2018-05-29,0.005344475755514444,-0.0,-0.0,-0.0,0.005344475755514444,-0.005344475755514444,-0.005344475755514444,-0.005344475755514444,-0.005344475755514444,0.0,0.0,0.0,0.005344475755514444,0.005344475755514444,0.005344475755514444,0.005344475755514444
2018-05-30,-0.0013188745603751606,-0.0013188745603751606,-0.0,-0.0,-0.0013188745603751606,0.0,0.0,0.0,0.0013188745603751606,0.0,0.0,0.0,0.0013188745603751606,0.0013188745603751606,0.0013188745603751606,0.0013188745603751606
2018-05-31,-0.0,-0.0,-0.0,-0.0,-0.0,0.0,0.0,0.0,0.0,0.0,0.0,0.0,0.0013695280019564438,0.0013695280019564438,0.0,0.0
2018-06-01,-0.0071998824508987536,-0.0071998824508987536,0.0,0.0,0.0,-0.0,-0.0,-0.0,0.0071998824508987536,0.0071998824508987536,0.0071998824508987536,-0.0,-0.0071998824508987536,-0.0071998824508987536,-0.0071998824508987536,-0.0071998824508987536
2018-06-04,0.0,0.0,0.0,0.0,0.0,-0.0,-0.0,-0.0,0.00578681190429875,0.00578681190429875,0.00578681190429875,-0.0,-0.00578681190429875,-0.00578681190429875,-0.00578681190429875,-0.00578681190429875
2018-06-05,-0.004883237441376975,-0.004883237441376975,-0.0,-0.0,-0.0,0.0,0.0,0.0,-0.004883237441376975,-0.004883237441376975,0.0,0.0,0.004883237441376975,0.004883237441376975,0.004883237441376975,0.004883237441376975
2018-06-06,-0.0,-0.0,-0.0,-0.0,-0.005344475755514444,0.005344475755514444,0.005344475755514444,0.0,-0.005344475755514444,0.0,0.0,0.0,0.005344475755514444,0.005344475755514444,0.005344475755514444,0.005344475755514444
2018-06-07,0.009622899570144616,0.0,0.0,0.0,0.0,-0.0,-0.0,-0.0,0.009622899570144616,-0.0,-0.0,-0.0,-0.009622899570144616,-0.009622899570144616,-0.009622899570144616,-0.009622899570144616
2018-06-08,-0.0,-0.0,-0.0,-0.0,0.0032899511345494403,-0.0032899511345494403,0.0,0.0,-0.0032899511345494403,-0.0032899511345494403,-0.0032899511345494403,-0.0032899511345494403,0.0032899511345494403,0.0032899511345494403,0.0032899511345494403,0.0032899511345494403
2018-06-11,-0.0002427066647249232,-0.0002427066647249232,-0.0,-0.0,-0.0002427066647249232,0.0002427066647249232,0.0,0.0,-0.0002427066647249232,-0.0002427066647249232,0.0,0.0,0.0002427066647249232,0.0002427066647249232,0.0002427066647249232,0.0002427066647249232
2018-06-12,0.0,0.0,0.0,0.0,0.00825402990872015,-0.00825402990872015,-0.0,-0.0,0.00825402990872015,0.00825402990872015,-0.0,-0.0,-0.00825402990872015,-0.00825402990872015,-0.00825402990872015,-0.00825402990872015
2018-06-13,-0.0,-0.0,-0.0,-0.0,-0.0,0.0,0.0,0.0,0.01902147741500526,0.0,0.0,0.0,0.01902147741500526,0.01902147741500526,0.01902147741500526,0.01902147741500526
2018-06-14,0.0026999165480339204,0.0,0.0,0.0,0.0026999165480339204,-0.0026999165480339204,-0.0,-0.0,-0.0026999165480339204,-0.0026999165480339204,-0.0026999165480339204,-0.0,-0.0026999165480339204,-0.0026999165480339204,-0.0026999165480339204,-0.0026999165480339204
2018-06-15,-0.0,-0.0,-0.0,-0.0,-0.0,0.0,0.0,0.0,0.0,0.0,0.0,0.0,0.008959169685694657,0.008959169685694657,0.008959169685694657,0.0
2018-06-18,0.006965370745442789,0.006965370745442789,-0.0,-0.0,-0.0,0.0,0.0,0.0,0.0,0.0,0.0,0.0,0.006965370745442789,0.006965370745442789,0.006965370745442789,0.006965370745442789
2018-06-19,0.0007461944085166428,0.0007461944085166428,0.0007461944085166428,-0.0,0.0007461944085166428,-0.0007461944085166428,-0.0007461944085166428,0.0,-0.0007461944085166428,-0.0007461944085166428,0.0,0.0,0.0,0.0,0.0,0.0
2018-06-20,-0.01324239557923046,-0.01324239557923046,-0.01324239557923046,-0.01324239557923046,-0.01324239557923046,0.01324239557923046,0.01324239557923046,0.01324239557923046,0.01324239557923046,-0.0,-0.0,-0.0,0.01324239557923046,0.01324239557923046,0.01324239557923046,0.01324239557923046
2018-06-21,0.009924826806859022,0.009924826806859022,0.009924826806859022,0.009924826806859022,0.009924826806859022,-0.009924826806859022,-0.009924826806859022,-0.009924826806859022,-0.009924826806859022,-0.009924826806859022,-0.009924826806859022,0.0,0.0,0.0,0.0,0.0
2018-06-22,-0.0,-0.0,-0.0,-0.0,0.0006451292739813042,0.0,0.0,0.0,-0.0006451292739813042,-0.0006451292739813042,-0.0006451292739813042,0.0,0.0006451292739813042,0.0006451292739813042,0.0006451292739813042,0.0006451292739813042
2018-06-25,0.007498261992253563,0.007498261992253563,-0.0,-0.0,0.007498261992253563,-0.007498261992253563,-0.007498261992253563,-0.007498261992253563,-0.007498261992253563,-0.007498261992253563,0.0,0.0,0.0,0.0,0.0,0.0
2018-06-26,-0.0059038374943714,0.0,0.0,0.0,-0.0059038374943714,0.0059038374943714,0.0059038374943714,0.0059038374943714,0.0059038374943714,-0.0,-0.0,-0.0,0.0059038374943714,0.0059038374943714,-0.0,-0.0
2018-06-27,-0.016463566277045594,0.0,0.0,0.0,-0.016463566277045594,0.016463566277045594,0.016463566277045594,0.016463566277045594,0.016463566277045594,0.016463566277045594,0.016463566277045594,0.016463566277045594,0.016463566277045594,-0.0,-0.0,-0.0
2018-06-28,-0.0,-0.0,-0.0,-0.0,0.009884517518105262,-0.009884517518105262,-0.009884517518105262,-0.009884517518105262,-0.009884517518105262,-0.009884517518105262,-0.009884517518105262,0.0,0.0,0.0,0.0,0.0
2018-06-29,0.0,0.0,0.0,0.0,0.0,-0.0,-0.0,-0.0,-0.0,-0.0,-0.0,-0.0,-0.01858258376989208,-0.01858258376989208,-0.0,-0.0
2018-07-02,0.0,0.0,0.0,0.0,-0.009218825812712383,-0.0,-0.0,-0.0,0.009218825812712383,-0.0,-0.0,-0.0,-0.0,-0.0,-0.0,-0.0
2018-07-03,-0.0034134615384615596,-0.0034134615384615596,-0.0034134615384615596,-0.0034134615384615596,-0.0034134615384615596,0.0034134615384615596,0.0034134615384615596,0.0,0.0,0.0,0.0,0.0,0.0034134615384615596,0.0034134615384615596,0.0034134615384615596,0.0034134615384615596
2018-07-05,-0.0022191133195040846,-0.0022191133195040846,-0.0022191133195040846,-0.0022191133195040846,-0.0022191133195040846,0.0022191133195040846,0.0022191133195040846,0.0022191133195040846,0.0022191133195040846,0.0,0.0,0.0,0.0022191133195040846,0.0022191133195040846,0.0022191133195040846,0.0
2018-07-06,0.0017889087656528524,0.0017889087656528524,0.0017889087656528524,0.0017889087656528524,0.0017889087656528524,-0.0017889087656528524,-0.0017889087656528524,-0.0017889087656528524,-0.0017889087656528524,-0.0,-0.0,-0.0,0.0017889087656528524,-0.0,-0.0,-0.0
2018-07-09,-0.025675675675675635,-0.025675675675675635,-0.0,-0.0,-0.025675675675675635,0.025675675675675635,0.025675675675675635,0.0,0.025675675675675635,0.025675675675675635,0.0,0.0,0.0,0.0,0.0,0.0
2018-07-10,0.005894590846047043,0.005894590846047043,0.005894590846047043,0.005894590846047043,0.005894590846047043,-0.005894590846047043,-0.005894590846047043,-0.005894590846047043,-0.0,-0.0,-0.0,-0.0,0.005894590846047043,0.005894590846047043,-0.0,-0.0
2018-07-11,0.008322253410154024,0.008322253410154024,0.008322253410154024,0.008322253410154024,-0.0,0.0,0.0,0.0,-0.008322253410154024,-0.008322253410154024,-0.008322253410154024,-0.008322253410154024,-0.008322253410154024,-0.008322253410154024,-0.008322253410154024,-0.008322253410154024
2018-07-12,0.00436984804846563,0.00436984804846563,0.00436984804846563,0.00436984804846563,-0.00436984804846563,0.00436984804846563,0.00436984804846563,0.0,-0.00436984804846563,-0.00436984804846563,0.0,0.0,-0.00436984804846563,-0.00436984804846563,-0.00436984804846563,-0.00436984804846563
2018-07-13,-0.0,-0.0,-0.0,-0.0,0.0,-0.0,-0.0,-0.0,0.0,0.0,0.0,0.0,0.0,0.0,0.0,0.0
2018-07-16,-0.0002493765586033536,-0.0002493765586033536,-0.0002493765586033536,-0.0002493765586033536,-0.0002493765586033536,0.0002493765586033536,0.0002493765586033536,-0.0,0.0002493765586033536,0.0002493765586033536,0.0002493765586033536,-0.0,0.0002493765586033536,0.0002493765586033536,0.0002493765586033536,0.0002493765586033536
2018-07-17,0.013482921964597328,0.013482921964597328,0.013482921964597328,0.013482921964597328,0.013482921964597328,0.0,0.0,0.0,-0.013482921964597328,-0.013482921964597328,-0.013482921964597328,0.0,-0.013482921964597328,-0.013482921964597328,-0.013482921964597328,-0.013482921964597328
2018-07-18,-0.009269836135175735,0.0,0.0,0.0,-0.009269836135175735,0.009269836135175735,0.009269836135175735,0.009269836135175735,0.009269836135175735,-0.0,-0.0,-0.0,0.009269836135175735,0.009269836135175735,0.009269836135175735,0.009269836135175735
2018-07-19,0.020377604166666674,0.020377604166666674,0.020377604166666674,0.020377604166666674,0.020377604166666674,-0.020377604166666674,-0.020377604166666674,-0.020377604166666674,-0.020377604166666674,-0.020377604166666674,-0.020377604166666674,0.0,-0.020377604166666674,-0.020377604166666674,-0.020377604166666674,-0.020377604166666674
2018-07-20,-0.01283158922555483,0.0,0.0,0.0,-0.01283158922555483,0.01283158922555483,0.01283158922555483,0.01283158922555483,0.01283158922555483,-0.0,-0.0,-0.0,0.01283158922555483,0.01283158922555483,0.01283158922555483,0.01283158922555483
2018-07-23,-0.007863881163531428,-0.007863881163531428,-0.007863881163531428,-0.007863881163531428,-0.007863881163531428,0.007863881163531428,0.007863881163531428,0.007863881163531428,0.007863881163531428,0.007863881163531428,0.007863881163531428,0.007863881163531428,0.007863881163531428,0.007863881163531428,0.007863881163531428,0.007863881163531428
2018-07-24,0.018820206431322317,0.018820206431322317,-0.0,-0.0,0.018820206431322317,-0.018820206431322317,-0.018820206431322317,-0.018820206431322317,-0.018820206431322317,-0.018820206431322317,-0.018820206431322317,0.0,-0.018820206431322317,-0.018820206431322317,-0.018820206431322317,-0.018820206431322317
2018-07-25,-0.0,-0.0,-0.0,-0.0,0.0018732039954879598,-0.0018732039954879598,0.0,0.0,-0.0018732039954879598,0.0,0.0,0.0,-0.0018732039954879598,-0.0018732039954879598,-0.0018732039954879598,-0.0018732039954879598
2018-07-26,0.003047751516205177,-0.0,-0.0,-0.0,0.003047751516205177,-0.003047751516205177,-0.003047751516205177,-0.003047751516205177,-0.003047751516205177,-0.003047751516205177,-0.003047751516205177,0.0,-0.003047751516205177,-0.003047751516205177,-0.003047751516205177,-0.003047751516205177
2018-07-27,-0.002118404989792655,-0.002118404989792655,-0.002118404989792655,-0.002118404989792655,-0.002118404989792655,0.002118404989792655,0.002118404989792655,0.002118404989792655,0.002118404989792655,0.002118404989792655,0.002118404989792655,0.002118404989792655,0.002118404989792655,0.002118404989792655,0.002118404989792655,0.002118404989792655
2018-07-30,-0.0,-0.0,-0.0,-0.0,0.008450588879618692,-0.008450588879618692,-0.008450588879618692,-0.008450588879618692,-0.008450588879618692,-0.008450588879618692,-0.008450588879618692,-0.008450588879618692,-0.008450588879618692,-0.008450588879618692,-0.008450588879618692,-0.008450588879618692
2018-07-31,0.008992360107371367,0.008992360107371367,-0.0,-0.0,0.008992360107371367,-0.008992360107371367,-0.008992360107371367,-0.008992360107371367,-0.008992360107371367,-0.008992360107371367,-0.008992360107371367,-0.008992360107371367,-0.008992360107371367,-0.008992360107371367,-0.008992360107371367,-0.008992360107371367
2018-08-01,-0.009553177968308901,-0.009553177968308901,-0.009553177968308901,-0.009553177968308901,-0.009553177968308901,0.009553177968308901,0.009553177968308901,0.009553177968308901,0.009553177968308901,0.009553177968308901,0.009553177968308901,0.009553177968308901,0.009553177968308901,0.009553177968308901,0.009553177968308901,0.009553177968308901
2018-08-02,0.01088167915299354,0.01088167915299354,0.01088167915299354,0.01088167915299354,0.01088167915299354,-0.01088167915299354,-0.01088167915299354,-0.01088167915299354,-0.01088167915299354,-0.01088167915299354,-0.01088167915299354,-0.01088167915299354,-0.01088167915299354,-0.01088167915299354,-0.01088167915299354,-0.01088167915299354
2018-08-03,0.012430687052367606,-0.0,-0.0,-0.0,0.012430687052367606,-0.012430687052367606,-0.012430687052367606,-0.012430687052367606,-0.012430687052367606,-0.012430687052367606,-0.012430687052367606,-0.012430687052367606,-0.012430687052367606,-0.012430687052367606,-0.012430687052367606,-0.012430687052367606
2018-08-06,-0.004838368899218182,-0.004838368899218182,-0.004838368899218182,0.0,-0.004838368899218182,0.004838368899218182,0.004838368899218182,-0.0,0.004838368899218182,0.004838368899218182,0.004838368899218182,0.004838368899218182,0.004838368899218182,0.004838368899218182,0.004838368899218182,0.004838368899218182
2018-08-07,0.0012037679513866584,0.0012037679513866584,0.0012037679513866584,0.0012037679513866584,0.0012037679513866584,-0.0012037679513866584,-0.0012037679513866584,-0.0012037679513866584,-0.0012037679513866584,-0.0012037679513866584,-0.0012037679513866584,-0.0012037679513866584,-0.0012037679513866584,-0.0012037679513866584,-0.0012037679513866584,-0.0012037679513866584
2018-08-08,0.007957601562047723,0.007957601562047723,0.007957601562047723,-0.0,0.007957601562047723,-0.007957601562047723,-0.007957601562047723,-0.007957601562047723,-0.007957601562047723,-0.007957601562047723,-0.007957601562047723,-0.007957601562047723,-0.007957601562047723,-0.007957601562047723,-0.007957601562047723,-0.007957601562047723
2018-08-09,0.028701026552428455,0.028701026552428455,-0.0,-0.0,0.028701026552428455,-0.028701026552428455,-0.028701026552428455,-0.028701026552428455,-0.028701026552428455,-0.028701026552428455,-0.028701026552428455,-0.028701026552428455,-0.028701026552428455,-0.028701026552428455,-0.028701026552428455,-0.028701026552428455
2018-08-10,0.010011743179397459,0.010011743179397459,0.010011743179397459,0.010011743179397459,0.010011743179397459,-0.010011743179397459,-0.010011743179397459,-0.010011743179397459,-0.010011743179397459,-0.010011743179397459,-0.010011743179397459,-0.010011743179397459,-0.010011743179397459,-0.010011743179397459,-0.010011743179397459,-0.010011743179397459
2018-08-13,0.06019243925584272,0.06019243925584272,0.06019243925584272,0.06019243925584272,0.06019243925584272,-0.06019243925584272,-0.06019243925584272,-0.06019243925584272,-0.06019243925584272,-0.06019243925584272,-0.06019243925584272,-0.06019243925584272,-0.06019243925584272,-0.06019243925584272,-0.06019243925584272,-0.06019243925584272
2018-08-14,0.022067370349062365,0.022067370349062365,0.022067370349062365,0.022067370349062365,0.022067370349062365,-0.022067370349062365,-0.022067370349062365,-0.022067370349062365,-0.022067370349062365,-0.022067370349062365,-0.022067370349062365,-0.022067370349062365,-0.022067370349062365,-0.022067370349062365,-0.022067370349062365,-0.022067370349062365
2018-08-15,-0.02916864265861463,-0.02916864265861463,-0.02916864265861463,-0.02916864265861463,-0.02916864265861463,0.02916864265861463,0.02916864265861463,0.02916864265861463,0.02916864265861463,0.02916864265861463,0.02916864265861463,0.02916864265861463,0.02916864265861463,0.02916864265861463,0.02916864265861463,0.02916864265861463
2018-08-16,-0.005348747681431565,-0.005348747681431565,-0.005348747681431565,-0.005348747681431565,-0.005348747681431565,0.005348747681431565,0.005348747681431565,0.005348747681431565,0.005348747681431565,0.005348747681431565,0.005348747681431565,0.005348747681431565,0.005348747681431565,0.005348747681431565,0.005348747681431565,0.005348747681431565
2018-08-17,-0.006202171049959571,-0.006202171049959571,-0.006202171049959571,-0.006202171049959571,-0.006202171049959571,0.006202171049959571,0.006202171049959571,0.006202171049959571,0.006202171049959571,0.006202171049959571,0.006202171049959571,0.006202171049959571,0.006202171049959571,0.006202171049959571,0.006202171049959571,0.006202171049959571
2018-08-20,-0.007051917798740703,-0.007051917798740703,-0.007051917798740703,-0.007051917798740703,-0.007051917798740703,0.007051917798740703,0.007051917798740703,0.007051917798740703,0.007051917798740703,0.007051917798740703,0.007051917798740703,0.007051917798740703,0.007051917798740703,0.007051917798740703,0.007051917798740703,0.007051917798740703
2018-08-21,0.030449296024643413,0.030449296024643413,0.030449296024643413,0.030449296024643413,0.030449296024643413,-0.030449296024643413,-0.030449296024643413,-0.030449296024643413,-0.030449296024643413,-0.030449296024643413,-0.030449296024643413,-0.030449296024643413,-0.030449296024643413,-0.030449296024643413,-0.030449296024643413,-0.030449296024643413
2018-08-22,0.027070919430943752,0.027070919430943752,0.027070919430943752,0.027070919430943752,-0.027070919430943752,0.027070919430943752,0.027070919430943752,0.027070919430943752,0.027070919430943752,0.027070919430943752,0.027070919430943752,0.027070919430943752,0.027070919430943752,0.027070919430943752,0.027070919430943752,0.027070919430943752
2018-08-23,0.016605622222094274,0.016605622222094274,0.016605622222094274,0.0,-0.016605622222094274,0.016605622222094274,0.016605622222094274,0.016605622222094274,0.016605622222094274,0.016605622222094274,0.016605622222094274,0.016605622222094274,0.016605622222094274,0.016605622222094274,0.016605622222094274,0.016605622222094274
2018-08-24,-0.018155595147196002,-0.018155595147196002,-0.0,-0.0,0.018155595147196002,-0.018155595147196002,-0.018155595147196002,-0.018155595147196002,-0.018155595147196002,-0.018155595147196002,-0.018155595147196002,-0.018155595147196002,-0.018155595147196002,-0.018155595147196002,-0.018155595147196002,-0.018155595147196002
2018-08-27,0.00240790345344033,0.00240790345344033,0.00240790345344033,0.00240790345344033,-0.00240790345344033,0.00240790345344033,0.00240790345344033,0.00240790345344033,0.00240790345344033,0.00240790345344033,0.00240790345344033,0.00240790345344033,0.00240790345344033,0.00240790345344033,0.00240790345344033,0.00240790345344033
2018-08-28,-0.0,-0.0,-0.0,-0.0,0.015303454339618217,-0.015303454339618217,-0.015303454339618217,-0.015303454339618217,-0.015303454339618217,-0.015303454339618217,-0.015303454339618217,-0.015303454339618217,-0.015303454339618217,-0.015303454339618217,-0.015303454339618217,-0.015303454339618217
2018-08-29,-0.0,-0.0,-0.0,-0.0,-0.007487598482638025,0.007487598482638025,0.007487598482638025,0.007487598482638025,-0.007487598482638025,-0.007487598482638025,-0.007487598482638025,-0.007487598482638025,-0.007487598482638025,-0.007487598482638025,-0.007487598482638025,-0.007487598482638025
2018-08-30,-0.028571092569398937,-0.028571092569398937,-0.0,-0.0,-0.028571092569398937,0.028571092569398937,0.028571092569398937,0.028571092569398937,-0.028571092569398937,-0.028571092569398937,-0.028571092569398937,-0.028571092569398937,-0.028571092569398937,-0.028571092569398937,-0.028571092569398937,-0.028571092569398937
2018-08-31,0.008322841508885959,0.008322841508885959,0.008322841508885959,0.008322841508885959,0.008322841508885959,0.0,0.0,0.0,-0.008322841508885959,-0.008322841508885959,-0.008322841508885959,-0.008322841508885959,-0.008322841508885959,-0.008322841508885959,-0.008322841508885959,-0.008322841508885959
2018-09-04,0.0008423211440918843,0.0008423211440918843,0.0008423211440918843,0.0008423211440918843,0.0008423211440918843,-0.0008423211440918843,-0.0008423211440918843,-0.0008423211440918843,-0.0008423211440918843,-0.0008423211440918843,-0.0008423211440918843,-0.0008423211440918843,-0.0008423211440918843,-0.0008423211440918843,-0.0008423211440918843,-0.0008423211440918843
2018-09-05,-0.001398943156480037,-0.001398943156480037,-0.001398943156480037,-0.001398943156480037,-0.001398943156480037,0.001398943156480037,0.001398943156480037,0.001398943156480037,0.001398943156480037,0.001398943156480037,0.001398943156480037,0.001398943156480037,0.001398943156480037,0.001398943156480037,0.001398943156480037,0.001398943156480037
2018-09-06,0.015098460262072622,0.015098460262072622,0.015098460262072622,0.015098460262072622,0.015098460262072622,-0.015098460262072622,-0.015098460262072622,-0.015098460262072622,-0.015098460262072622,-0.015098460262072622,-0.015098460262072622,-0.015098460262072622,-0.015098460262072622,-0.015098460262072622,-0.015098460262072622,-0.015098460262072622
2018-09-07,0.0022731636615896944,0.0022731636615896944,0.0022731636615896944,0.0022731636615896944,0.0022731636615896944,-0.0022731636615896944,-0.0022731636615896944,-0.0022731636615896944,-0.0022731636615896944,-0.0022731636615896944,-0.0022731636615896944,-0.0022731636615896944,-0.0022731636615896944,-0.0022731636615896944,-0.0022731636615896944,-0.0022731636615896944
2018-09-10,-0.03073589848648517,-0.03073589848648517,-0.03073589848648517,-0.03073589848648517,-0.03073589848648517,0.03073589848648517,0.03073589848648517,0.03073589848648517,0.03073589848648517,0.03073589848648517,0.03073589848648517,0.03073589848648517,0.03073589848648517,0.03073589848648517,0.03073589848648517,0.03073589848648517
2018-09-11,0.0013852667843139432,0.0013852667843139432,0.0013852667843139432,0.0013852667843139432,0.0013852667843139432,-0.0013852667843139432,-0.0013852667843139432,-0.0013852667843139432,-0.0013852667843139432,-0.0013852667843139432,-0.0013852667843139432,-0.0013852667843139432,-0.0013852667843139432,-0.0013852667843139432,-0.0013852667843139432,-0.0013852667843139432
2018-09-12,-0.006356941671742944,-0.006356941671742944,-0.0,-0.0,0.006356941671742944,-0.006356941671742944,-0.006356941671742944,-0.006356941671742944,-0.006356941671742944,-0.006356941671742944,-0.006356941671742944,-0.006356941671742944,-0.006356941671742944,-0.006356941671742944,-0.006356941671742944,-0.006356941671742944
2018-09-13,0.01891968995259452,0.01891968995259452,0.0,0.0,-0.01891968995259452,0.01891968995259452,0.01891968995259452,0.01891968995259452,0.01891968995259452,0.01891968995259452,0.01891968995259452,0.01891968995259452,0.01891968995259452,0.01891968995259452,0.01891968995259452,0.01891968995259452
2018-09-14,0.002460295712056082,0.0,0.0,0.0,-0.002460295712056082,0.002460295712056082,0.002460295712056082,0.002460295712056082,0.002460295712056082,0.002460295712056082,-0.0,-0.0,0.002460295712056082,0.002460295712056082,0.002460295712056082,0.002460295712056082
2018-09-17,0.0220645475668384,0.0220645475668384,0.0220645475668384,0.0220645475668384,-0.0220645475668384,0.0220645475668384,-0.0,-0.0,0.0220645475668384,0.0220645475668384,0.0220645475668384,0.0220645475668384,0.0220645475668384,0.0220645475668384,0.0220645475668384,0.0220645475668384
2018-09-18,0.00932601516349596,0.00932601516349596,0.00932601516349596,0.00932601516349596,0.00932601516349596,-0.00932601516349596,-0.00932601516349596,-0.0,0.00932601516349596,0.00932601516349596,0.00932601516349596,0.00932601516349596,0.00932601516349596,0.00932601516349596,0.00932601516349596,0.00932601516349596
2018-09-19,-0.008709878107790447,-0.008709878107790447,-0.008709878107790447,-0.008709878107790447,-0.008709878107790447,0.008709878107790447,0.008709878107790447,0.008709878107790447,-0.008709878107790447,0.0,0.0,0.0,-0.008709878107790447,-0.008709878107790447,-0.008709878107790447,-0.008709878107790447
2018-09-20,-0.0005346226261593312,-0.0005346226261593312,-0.0005346226261593312,-0.0005346226261593312,-0.0005346226261593312,0.0005346226261593312,0.0005346226261593312,0.0005346226261593312,-0.0005346226261593312,0.0,0.0,0.0,-0.0005346226261593312,-0.0005346226261593312,-0.0005346226261593312,-0.0005346226261593312
2018-09-21,0.004796734731848051,0.004796734731848051,0.004796734731848051,0.004796734731848051,0.004796734731848051,-0.004796734731848051,-0.004796734731848051,-0.004796734731848051,-0.004796734731848051,-0.004796734731848051,-0.004796734731848051,-0.0,0.004796734731848051,0.004796734731848051,0.004796734731848051,0.004796734731848051
2018-09-24,-0.02281025593546937,-0.02281025593546937,-0.02281025593546937,-0.02281025593546937,-0.02281025593546937,0.02281025593546937,0.02281025593546937,0.02281025593546937,-0.02281025593546937,-0.02281025593546937,0.0,0.0,-0.02281025593546937,-0.02281025593546937,-0.02281025593546937,-0.02281025593546937
2018-09-25,-0.0038016284233900466,-0.0038016284233900466,-0.0038016284233900466,-0.0038016284233900466,-0.0038016284233900466,0.0038016284233900466,0.0038016284233900466,0.0038016284233900466,-0.0038016284233900466,-0.0038016284233900466,-0.0038016284233900466,-0.0038016284233900466,-0.0038016284233900466,-0.0038016284233900466,-0.0038016284233900466,-0.0038016284233900466
2018-09-26,-0.009266909583732108,-0.009266909583732108,-0.009266909583732108,0.0,0.009266909583732108,-0.009266909583732108,-0.009266909583732108,-0.0,0.009266909583732108,0.009266909583732108,0.009266909583732108,0.009266909583732108,0.009266909583732108,0.009266909583732108,0.009266909583732108,0.009266909583732108
2018-09-27,-0.0008068695816056959,-0.0008068695816056959,-0.0008068695816056959,-0.0008068695816056959,0.0008068695816056959,-0.0008068695816056959,-0.0,-0.0,0.0008068695816056959,0.0008068695816056959,0.0008068695816056959,0.0008068695816056959,0.0008068695816056959,0.0008068695816056959,0.0008068695816056959,0.0008068695816056959
2018-09-28,-0.028058777489422093,-0.028058777489422093,0.0,0.0,0.028058777489422093,-0.028058777489422093,-0.028058777489422093,-0.028058777489422093,0.028058777489422093,-0.0,-0.0,-0.0,0.028058777489422093,0.028058777489422093,0.028058777489422093,0.028058777489422093
2018-10-01,0.01443642420877278,0.01443642420877278,-0.0,-0.0,-0.01443642420877278,0.01443642420877278,0.0,0.0,0.0,0.0,0.0,0.0,-0.01443642420877278,-0.01443642420877278,-0.01443642420877278,-0.01443642420877278
2018-10-02,-0.0010628720778277367,-0.0010628720778277367,-0.0,-0.0,-0.0010628720778277367,0.0010628720778277367,0.0010628720778277367,0.0010628720778277367,0.0010628720778277367,0.0010628720778277367,0.0010628720778277367,0.0010628720778277367,-0.0010628720778277367,-0.0010628720778277367,-0.0010628720778277367,-0.0010628720778277367
2018-10-03,-0.006395646309130587,-0.006395646309130587,-0.006395646309130587,-0.0,-0.0,0.0,0.0,0.0,0.006395646309130587,0.006395646309130587,0.006395646309130587,0.006395646309130587,-0.006395646309130587,-0.006395646309130587,-0.006395646309130587,-0.006395646309130587
2018-10-04,0.0042892587131053705,0.0042892587131053705,0.0042892587131053705,0.0042892587131053705,-0.0042892587131053705,-0.0,-0.0,-0.0,-0.0042892587131053705,-0.0042892587131053705,-0.0042892587131053705,-0.0042892587131053705,0.0042892587131053705,0.0042892587131053705,0.0042892587131053705,0.0042892587131053705
2018-10-05,-0.01816168973051724,-0.0,-0.0,-0.0,0.01816168973051724,0.0,0.0,0.0,0.01816168973051724,0.01816168973051724,0.01816168973051724,0.01816168973051724,-0.01816168973051724,-0.01816168973051724,-0.01816168973051724,-0.01816168973051724
2018-10-08,0.013601728107864197,0.0,0.0,0.0,0.0,-0.0,-0.0,-0.0,-0.013601728107864197,-0.013601728107864197,-0.013601728107864197,-0.013601728107864197,0.013601728107864197,0.013601728107864197,0.013601728107864197,0.013601728107864197
2018-10-09,-0.06575526932084319,-0.06575526932084319,-0.06575526932084319,-0.06575526932084319,-0.06575526932084319,0.06575526932084319,0.06575526932084319,0.06575526932084319,-0.06575526932084319,-0.06575526932084319,-0.06575526932084319,-0.06575526932084319,0.06575526932084319,0.06575526932084319,0.06575526932084319,0.06575526932084319
2018-10-10,0.005543011904565631,-0.0,-0.0,-0.0,-0.005543011904565631,0.005543011904565631,0.0,0.0,0.005543011904565631,0.005543011904565631,0.005543011904565631,0.005543011904565631,-0.005543011904565631,-0.005543011904565631,-0.005543011904565631,-0.005543011904565631
2018-10-11,0.01595386196152937,0.01595386196152937,0.01595386196152937,0.01595386196152937,0.01595386196152937,-0.01595386196152937,-0.01595386196152937,-0.01595386196152937,-0.01595386196152937,-0.01595386196152937,-0.01595386196152937,-0.01595386196152937,0.01595386196152937,0.01595386196152937,0.01595386196152937,0.01595386196152937
2018-10-12,-0.002490348540046705,-0.002490348540046705,-0.002490348540046705,-0.002490348540046705,-0.002490348540046705,0.002490348540046705,0.002490348540046705,0.002490348540046705,0.002490348540046705,0.002490348540046705,0.002490348540046705,0.002490348540046705,-0.002490348540046705,-0.002490348540046705,-0.002490348540046705,-0.002490348540046705
2018-10-15,-0.004998582735538437,-0.004998582735538437,-0.004998582735538437,-0.004998582735538437,-0.004998582735538437,0.004998582735538437,0.004998582735538437,0.004998582735538437,0.004998582735538437,0.004998582735538437,0.004998582735538437,0.004998582735538437,-0.004998582735538437,-0.004998582735538437,-0.004998582735538437,-0.004998582735538437
2018-10-16,0.004021146629413552,0.004021146629413552,0.004021146629413552,0.004021146629413552,0.004021146629413552,-0.004021146629413552,-0.004021146629413552,-0.004021146629413552,-0.004021146629413552,-0.004021146629413552,-0.004021146629413552,-0.004021146629413552,0.004021146629413552,0.004021146629413552,0.004021146629413552,0.004021146629413552
2018-10-17,0.0012549858404860004,0.0012549858404860004,0.0012549858404860004,0.0012549858404860004,0.0012549858404860004,-0.0012549858404860004,-0.0012549858404860004,-0.0012549858404860004,-0.0012549858404860004,-0.0012549858404860004,-0.0012549858404860004,-0.0012549858404860004,0.0012549858404860004,0.0012549858404860004,0.0012549858404860004,0.0012549858404860004
2018-10-18,-0.008250726161995514,-0.0,-0.0,-0.0,-0.008250726161995514,0.008250726161995514,0.008250726161995514,0.008250726161995514,0.008250726161995514,0.008250726161995514,0.008250726161995514,0.008250726161995514,-0.008250726161995514,-0.008250726161995514,-0.008250726161995514,-0.008250726161995514
2018-10-19,0.013099980767645736,0.013099980767645736,0.0,0.0,0.013099980767645736,-0.013099980767645736,-0.013099980767645736,-0.013099980767645736,-0.013099980767645736,-0.013099980767645736,-0.013099980767645736,-0.013099980767645736,0.013099980767645736,0.013099980767645736,0.013099980767645736,0.013099980767645736
2018-10-22,0.013424165667764276,0.013424165667764276,-0.0,-0.0,-0.013424165667764276,0.013424165667764276,0.013424165667764276,0.013424165667764276,0.013424165667764276,0.013424165667764276,0.013424165667764276,0.013424165667764276,-0.013424165667764276,-0.013424165667764276,-0.013424165667764276,-0.013424165667764276
2018-10-23,-0.0,-0.0,-0.0,-0.0,-0.042343342826041463,0.042343342826041463,0.042343342826041463,0.042343342826041463,0.042343342826041463,0.042343342826041463,0.042343342826041463,0.042343342826041463,-0.042343342826041463,-0.042343342826041463,-0.042343342826041463,-0.042343342826041463
2018-10-24,0.0,0.0,0.0,0.0,0.0036855883163404712,-0.0036855883163404712,-0.0036855883163404712,-0.0036855883163404712,-0.0036855883163404712,-0.0036855883163404712,-0.0036855883163404712,-0.0036855883163404712,0.0036855883163404712,0.0036855883163404712,0.0036855883163404712,0.0036855883163404712
2018-10-25,0.0036720546346820093,0.0036720546346820093,0.0036720546346820093,0.0036720546346820093,0.0036720546346820093,-0.0036720546346820093,-0.0036720546346820093,-0.0036720546346820093,0.0036720546346820093,0.0036720546346820093,0.0036720546346820093,0.0036720546346820093,-0.0036720546346820093,-0.0036720546346820093,-0.0036720546346820093,-0.0036720546346820093
2018-10-26,-0.007899329475521188,-0.007899329475521188,-0.007899329475521188,-0.007899329475521188,-0.007899329475521188,0.007899329475521188,0.007899329475521188,0.007899329475521188,-0.007899329475521188,-0.007899329475521188,-0.007899329475521188,-0.007899329475521188,0.007899329475521188,0.007899329475521188,0.007899329475521188,0.007899329475521188
2018-10-29,0.011750432880707096,0.011750432880707096,0.011750432880707096,0.011750432880707096,0.011750432880707096,-0.011750432880707096,-0.011750432880707096,-0.011750432880707096,0.011750432880707096,0.011750432880707096,0.011750432880707096,0.011750432880707096,-0.011750432880707096,-0.011750432880707096,-0.011750432880707096,-0.011750432880707096
2018-10-30,-0.03303074839341802,-0.03303074839341802,-0.03303074839341802,-0.03303074839341802,-0.03303074839341802,0.03303074839341802,0.03303074839341802,0.03303074839341802,-0.0,-0.0,-0.0,-0.0,0.03303074839341802,0.03303074839341802,0.03303074839341802,0.03303074839341802
2018-10-31,-0.004340645852395797,-0.004340645852395797,-0.004340645852395797,-0.004340645852395797,-0.004340645852395797,0.004340645852395797,0.004340645852395797,0.004340645852395797,-0.004340645852395797,-0.0,-0.0,-0.0,0.004340645852395797,0.004340645852395797,0.004340645852395797,0.004340645852395797
2018-11-01,-0.0033108536002754985,-0.0033108536002754985,-0.0033108536002754985,-0.0033108536002754985,0.0033108536002754985,-0.0033108536002754985,-0.0033108536002754985,-0.0033108536002754985,0.0033108536002754985,0.0033108536002754985,0.0033108536002754985,0.0033108536002754985,-0.0033108536002754985,-0.0033108536002754985,-0.0033108536002754985,-0.0033108536002754985
2018-11-02,-0.008176437146774518,-0.008176437146774518,-0.008176437146774518,-0.008176437146774518,0.008176437146774518,-0.008176437146774518,-0.008176437146774518,0.0,0.008176437146774518,0.008176437146774518,0.008176437146774518,0.008176437146774518,-0.008176437146774518,-0.008176437146774518,-0.008176437146774518,-0.008176437146774518
2018-11-05,-0.005664480671645711,-0.005664480671645711,-0.005664480671645711,-0.005664480671645711,0.005664480671645711,-0.005664480671645711,0.0,0.0,0.005664480671645711,0.005664480671645711,0.005664480671645711,0.005664480671645711,-0.005664480671645711,-0.005664480671645711,-0.005664480671645711,-0.005664480671645711
2018-11-06,0.0038826062630339386,0.0038826062630339386,0.0,0.0,-0.0038826062630339386,0.0038826062630339386,0.0038826062630339386,0.0038826062630339386,-0.0038826062630339386,-0.0038826062630339386,-0.0038826062630339386,-0.0038826062630339386,0.0038826062630339386,0.0038826062630339386,0.0038826062630339386,0.0038826062630339386
2018-11-07,-0.017806676800090182,-0.017806676800090182,-0.017806676800090182,-0.0,0.017806676800090182,-0.017806676800090182,-0.017806676800090182,-0.017806676800090182,0.017806676800090182,0.017806676800090182,0.017806676800090182,0.017806676800090182,-0.017806676800090182,-0.017806676800090182,-0.017806676800090182,-0.017806676800090182
2018-11-08,0.022330870594439167,-0.0,-0.0,-0.0,-0.022330870594439167,0.022330870594439167,0.022330870594439167,0.0,-0.022330870594439167,-0.022330870594439167,-0.022330870594439167,-0.022330870594439167,0.022330870594439167,0.022330870594439167,0.022330870594439167,0.022330870594439167
2018-11-09,0.01021275597844884,0.01021275597844884,0.01021275597844884,0.01021275597844884,-0.0,0.0,0.0,0.0,-0.01021275597844884,-0.01021275597844884,-0.01021275597844884,-0.01021275597844884,0.01021275597844884,0.01021275597844884,0.01021275597844884,0.01021275597844884
2018-11-12,-0.02117527202080227,-0.02117527202080227,-0.02117527202080227,-0.02117527202080227,-0.02117527202080227,0.02117527202080227,0.02117527202080227,0.02117527202080227,0.02117527202080227,0.02117527202080227,0.02117527202080227,0.02117527202080227,0.02117527202080227,-0.0,-0.0,-0.0
2018-11-13,-0.015162061205076238,-0.015162061205076238,-0.015162061205076238,-0.015162061205076238,-0.015162061205076238,0.015162061205076238,0.015162061205076238,0.015162061205076238,0.015162061205076238,0.015162061205076238,0.015162061205076238,0.015162061205076238,0.015162061205076238,0.015162061205076238,0.015162061205076238,0.015162061205076238
2018-11-14,,,,,,,,,,,,,,,,
2018-11-15,,,,,,,,,,,,,,,,
